admin1,city,confidence,country,facility_id,floor_area,floor_area_unit,last_verified,latitude,longitude,name,notes,operator,power_method,power_mw,power_type,site_area,site_area_unit,source_asof,source_dataset,source_record_id,source_url,source_urls,status
,,,United States,us-123net-southfield-dc1,,,,42.4716416,-83.2380417,123NET Southfield DC1,,,reported_or_source_compiled,4.0,it_load,,,,,,,https://www.123.net/news/123net-expands-dc1/;https://www.peeringdb.com/api/fac?state=MI&limit=250;https://www.123.net/data-center-colocation/,operational
,,,United States,us-1623-farnam,,,,41.2578,-95.9375,1623 Farnam,,,reported_or_source_compiled,8.0,it_load,,,,,,,http://web.archive.org/web/20250830145932/https://www.datacenterdynamics.com/en/news/1623-farnam-adds-15mw-to-omaha-data-center-in-nebraska/;https://www.1623farnam.com/omaha-edge-data-center/,operational
,,,United States,us-165-halsey-street,,,,40.7369,-74.1739,165 Halsey Street,,,reported_or_source_compiled,80.0,it_load,,,,,,,https://www.165halsey.com/about-us/;https://www.165halsey.com/;https://baxtel.com/data-center/165-halsey-street;https://en.wikipedia.org/wiki/165_Halsey_Street;https://www.databank.com/data-centers/new-jersey/,operational
,,,United States,us-365-data-centers-bridgewater,,,,40.5814424,-74.5738875,365 Data Centers Bridgewater,,,reported_or_source_compiled,2.3,it_load,,,,,,,"https://365datacenters.com/new-jersey-data-center/;https://nominatim.openstreetmap.org/search?q=999+Frontier+Road,+Bridgewater,+New+Jersey&format=json&limit=5;https://www.peeringdb.com/api/fac?name__contains=365%20Data&state=NJ",operational
,,,United States,us-365-data-centers-carlstadt-nj3,,,,40.827949,-74.049418,365 Data Centers Carlstadt (NJ3),,,reported_or_source_compiled,18.0,it_load,,,,,,,https://365datacenters.com/carlstadt-data-center/;https://www.peeringdb.com/api/fac?name__contains=365%20Data&state=NJ,operational
,,,United States,us-365-data-centers-long-island-commack,,,,40.8242092,-73.2929267,365 Data Centers Long Island (Commack),,,reported_or_source_compiled,6.0,it_load,,,,,,,https://365datacenters.com/commack/;https://www.prnewswire.com/news-releases/365-data-centers-acquires-commack-long-island-data-center-from-mindshift-technologies-300998269.html;https://nominatim.openstreetmap.org/search?q=500+Commack+Road%2C+Commack%2C+NY+11725&format=json&limit=3&addressdetails=1,operational
,,,United States,us-365-data-centers-marlborough-ma1,,,,42.3527,-71.58411,365 Data Centers Marlborough (MA1),,,reported_or_source_compiled,2.8,it_load,,,,,,,https://365datacenters.com/marlborough-data-center/;https://365datacenters.com/greater-boston/;https://www.peeringdb.com/fac/16129,operational
,,,United States,us-60-hudson-street,,,,40.71767,-74.008348,60 Hudson Street,,,reported_or_source_compiled,15.0,it_load,,,,,,,https://www.sec.gov/Archives/edgar/data/1994342/000153949723001716/n3791_x3-ts.htm;https://www.datacenterdynamics.com/en/news/hudson-ix-to-add-2mw-of-capacity-at-60-hudson-in-nyc/;https://services5.arcgis.com/GfwWNkhOj9bNBqoJ/arcgis/rest/services/MAPPLUTO/FeatureServer/0/query?where=BBL%3D1001440040&outFields=*&f=json;https://www.arcgis.com/home/item.html?id=597555ce8e4a4892a030784a7c657fdd,operational
,,,United States,us-75-broad-street-broad-street-connect-carrier-hotel,,,,40.7045967,-74.011221,75 Broad Street (Broad Street Connect carrier hotel),,,reported_or_source_compiled,12.5,it_load,,,,,,,https://www.nyi.net/solutions/colocation-data-centers/new-york/broad-street-connect/;https://baxtel.com/data-center/75-broad-street,operational
,,,United States,us-aaim-data-centers-blue-earth-minnesota-1,,,,43.635,-94.098,AAIM Data Centers — Blue Earth (Minnesota 1),,,reported_or_source_compiled,15.0,it_load,,,,,,,https://www.aaimdc.com/data-centers/minnesota/;https://www.aaimdc.com/aaim-to-launch-cutting-edge-data-center-in-blue-earth-minnesota/;https://www.aaimdc.com/news/aaim-to-launch-cutting-edge-data-center-in-blue-earth-minnesota/;https://www.aaimdc.com/news/aaim-secures-additional-80-mw-at-minnesota-1/,operational
,,,United States,us-at-t-redwood-city-data-center,,,,37.4806769,-122.2007195,AT&T Redwood City Data Center,,,reported_or_source_compiled,4.0,it_load,,,,,,,https://cloudandcolocation.com/datacenters/att-redwood-city-data-center/,operational
,,,United States,us-aws-cumulus-data-center-campus-salem-township,,,,41.0949,-76.1452,"AWS Cumulus Data Center Campus, Salem Township",,,reported_or_source_compiled,48.0,it_load,,,,,,,"https://www.datacenterdynamics.com/en/news/aws-acquires-talens-nuclear-data-center-campus-in-pennsylvania/;https://ir.talenenergy.com/news-releases/news-release-details/talen-energy-expands-nuclear-energy-relationship-amazon;https://www.tmia.com/sites/tmia.com/files/media/Amazon%20Testimony,%20(8_1_24)-2.pdf;https://technical.ly/civics/amazon-data-centers-tax-break/;https://blackchronicle.com/mid-atlantic/pennsylvania/big-money-enforced-silence-play-roles-in-pennsylvanias-data-center-push/;https://measuredai.substack.com/p/amazon-susquehanna-data-center-campus;https://www.timesleader.com/news/1752841/developers-tout-impacts-of-3-data-center-campuses-zoning-meeting-set-for-wednesday-on-4-3-glenbrook-group-project",operational
,,,United States,us-acehost-marion-mining-facility,,,,27.946873,-82.455567,AceHost Marion Mining Facility,,,reported_or_source_compiled,3.0,it_load,,,,,,,https://www.acehost.com/crypto-mining-colocation.php;https://www.gem.wiki/Acehost_Hillsborough_County_facility_1;https://geocoding.geo.census.gov/geocoder/locations/onelineaddress?address=203%20N%20Marion%20St%2C%20Tampa%2C%20FL%2033602&benchmark=Public_AR_Current&format=json,operational
,,,United States,us-agriforce-bitcoin-mining-facility-east-palestine,,,,40.8326,-80.5432,AgriFORCE Bitcoin Mining Facility — East Palestine,,,reported_or_source_compiled,2.0,it_load,,,,,,,https://www.globenewswire.com/news-release/2025/05/14/3081168/0/en/AGRIForce-Announces-Completion-of-500-Miner-Delivery-for-Installation-at-East-Palestine-Ohio-Bitcoin-Mining-Site.html;https://www.globenewswire.com/news-release/2025/01/23/3014358/0/en/AgriFORCE-Growing-Systems-Secures-Acquisition-of-Bitcoin-Mining-Facility-in-Columbiana-County-Ohio.html,operational
,,,United States,us-agriforce-bitcoin-mining-facility-west-point,,,,40.662,-80.702,AgriFORCE Bitcoin Mining Facility — West Point,,,reported_or_source_compiled,3.0,it_load,,,,,,,https://www.globenewswire.com/news-release/2025/05/14/3081168/0/en/AGRIForce-Announces-Completion-of-500-Miner-Delivery-for-Installation-at-East-Palestine-Ohio-Bitcoin-Mining-Site.html;https://www.globenewswire.com/news-release/2025/01/23/3014358/0/en/AgriFORCE-Growing-Systems-Secures-Acquisition-of-Bitcoin-Mining-Facility-in-Columbiana-County-Ohio.html,operational
,,,United States,us-ainet-cybernap,,,,39.169,-76.612,AiNET CyberNAP,,,reported_or_source_compiled,80.0,it_load,,,,,,,https://www.ai.net/cybernap/;https://cloudandcolocation.com/datacenters/ainet-glen-burnie-cybernap-data-center/,operational
,,,United States,us-ainet-one-market-center-baltimore-carrier-hotel,,,,39.291652966378,-76.619738877727,AiNET One Market Center (Baltimore Carrier Hotel),,,reported_or_source_compiled,80.0,it_load,,,,,,,https://www.ai.net/carrierhotel/,operational
,,,United States,us-alborz-bitcoin-mine,,,,35.012,-101.9165,Alborz Bitcoin Mine,,,reported_or_source_compiled,40.0,it_load,,,,,,,https://www.prnewswire.com/news-releases/canaan-inc-acquires-cipher-minings-interest-in-multiple-operational-mining-projects-totaling-4-4-ehs-in-west-texas-302694773.html;https://baxtel.com/data-center/canaan-alborz;https://www.theblock.co/post/162413/cipher-mining-completes-40-megawatt-wind-powered-site-in-texas,operational
,,,United States,us-aligned-dfw-01,,,,33.0093142,-96.6765617,Aligned DFW-01,,,reported_or_source_compiled,60.0,it_load,,,,,,,https://aligneddc.com/dallas-data-centers/;https://www.openstreetmap.org/way/483286527;https://baxtel.com/data-center/aligned-plano,operational
,,,United States,us-aligned-iad-01,,,,39.0136079,-77.4705563,Aligned IAD-01,,,reported_or_source_compiled,60.0,it_load,,,,,,,https://aligneddc.com/northern-virginia-data-centers/;https://www.openstreetmap.org/way/793622740;https://www.arcgis.com/home/item.html?id=597555ce8e4a4892a030784a7c657fdd;https://www.datacenters.com/aligned-energy-iad01-ashburn,operational
,,,United States,us-aligned-ord-01,,,,41.9140034,-87.9175163,Aligned ORD-01,,,reported_or_source_compiled,48.0,it_load,,,,,,,https://aligneddc.com/chicago/;https://www.openstreetmap.org/way/1217649348;https://www.arcgis.com/home/item.html?id=597555ce8e4a4892a030784a7c657fdd;https://aligneddc.com/wp-content/uploads/2024/10/ALI_ChicagoBldgSpecs241015.pdf;https://aligneddc.com/chicago-data-centers/;https://www.datacenterknowledge.com/energy-power-supply/aligned-launches-one-chicago-data-center-and-breaks-ground-on-another;https://www.datacenters.com/aligned-energy-ord-01-chicago;https://static.datacentermap.com/company/aligned-data-centers/datacenter9222/Aligned%20Chicago%20ORD-01%20Spec%20Sheet.pdf,operational
,,,United States,us-aligned-salt-lake-city-campus-slc-01-02-03,,,,40.5861,-111.96973,Aligned Salt Lake City Campus (SLC-01/02/03),,,reported_or_source_compiled,48.0,it_load,,,,,,,https://aligneddc.com/salt-lake-city-data-centers/;https://www.datacenterfrontier.com/cloud/article/11428310/aligned-continues-its-expansion-with-second-salt-lake-city-data-center;https://d36oiwf74r1rap.cloudfront.net/wp-content/uploads/2026/04/Data-Center-Growth-FS-Apr2026.pdf;https://www.deseret.com/2018/11/27/20659830/jordan-school-board-votes-to-support-tax-incentives-for-paypal-data-center-in-west-jordan/;https://kutv.com/news/local/pay-pal-commits-to-west-jordan-will-get-68-million-in-tax-rebates;https://www.ksl.com/article/46451408/west-jordan-paypal-data-center-is-just-1-step-away-from-being-approved,operational
,,,United States,us-amazon-data-center-sf011-26415-corporate-avenue,,,,37.626012,-122.1133978,Amazon Data Center SF011 (26415 Corporate Avenue),,,reported_or_source_compiled,35.0,it_load,,,,,,,https://www.hayward-ca.gov/business/for-developers/data-center-development-applications;https://www.hayward-ca.gov/sites/default/files/2026-06/CMO-Data-Centers-Amazon-Data-Center-SF011-150312.pdf,operational
,,,United States,us-amazon-data-center-sf09-26464-corporate-avenue,,,,37.6263578,-122.1128762,Amazon Data Center SF09 (26464 Corporate Avenue),,,reported_or_source_compiled,24.0,it_load,,,,,,,https://www.hayward-ca.gov/business/for-developers/data-center-development-applications;https://www.hayward-ca.gov/sites/default/files/2026-06/CMO-Data-Centers-Amazon-Data-Center-SF09-121005.pdf,operational
,,,United States,us-amazon-project-rainier,,,,41.6978,-86.5117,Amazon Project Rainier,,,reported_or_source_compiled,590.0,it_load,,,,,,,https://www.cnbc.com/2025/10/29/amazon-opens-11-billion-ai-data-center-project-rainier-in-indiana.html;https://iedc.in.gov/events/news/details/2024/04/25/gov.-holcomb-announces-amazon-web-services-plans-to-invest-11b-to-create-a-new-data-center-campus-in-northern-indiana;https://www.insideindianabusiness.com/articles/incentives-approved-for-amazon-data-center-project;https://www.datacenterdynamics.com/en/news/st-joseph-county-leaders-approve-11bn-amazon-data-center-in-indiana/;https://measuredai.substack.com/p/aws-new-carlisle-data-center-campus;https://wsbt.com/news/local/wetland-impact-idem-sends-letter-halts-some-work-over-amazons-data-center-construction-impact;https://wsbt.com/news/local/amazons-project-rainier-starts-operations-create-jobs-ai-billion-dollar-project-near-new-carlisle-st-joseph-county-indiana,operational
,,,United States,us-american-bitcoin-niagara-falls-alpha-site,,,,43.082124888357896,-79.03094758819105,"American Bitcoin — Niagara Falls (""Alpha Site"")",,,reported_or_source_compiled,50.0,it_load,,,,,,,https://www.hut8.com/our-platform;https://www.coindesk.com/business/2023/02/07/bitcoin-miners-hut-8-us-bitcoin-corp-announce-merger;https://www.coindesk.com/policy/2023/04/05/us-bitcoin-corp-expected-to-settle-with-city-to-resume-mining-in-niagara-falls;https://bitcoinmagazine.com/business/us-bitcoin-corp-reaches-tentative-settlement-with-city-of-niagara-falls,operational
,,,United States,us-american-express-whitsett-data-center-ipc2,,,,36.0712466,-79.5644686,American Express Whitsett Data Center (IPC2),,,reported_or_source_compiled,30.0,it_load,,,,,,,https://baxtel.com/data-center/american-express-ipc2-whitsett-nc;https://baxtel.com/data-center/winston-salem-greensboro;https://nominatim.openstreetmap.org/search?format=jsonv2&q=Whitsett%2C%20Guilford%20County%2C%20North%20Carolina,operational
,,,United States,us-applied-digital-jamestown-facility,,,,47.029587,-98.679092,Applied Digital Jamestown Facility,,,reported_or_source_compiled,106.0,it_load,,,,,,,https://www.sec.gov/Archives/edgar/data/1144879/000114487926000030/apld-20260228.htm,operational
,,,United States,us-applied-digital-polaris-forge-1,,,,46.003,-98.509,Applied Digital Polaris Forge 1,,,reported_or_source_compiled,100.0,it_load,,,,,,,https://ir.applieddigital.com/news-events/press-releases/detail/123/applied-digital-announces-250mw-ai-data-center-lease-with;https://www.datacenterdynamics.com/en/news/applied-digital-completes-first-data-center-building-at-north-dakota-campus/;https://northernsentry.com/2024/12/19/a-shot-in-the-arm-for-ellendale/;https://www.inforum.com/news/north-dakota/applied-digital-plans-to-expand-in-ellendale-nd,operational
,,,United States,us-aptum-miami-data-center-doral,,,,25.795634,-80.342656,Aptum Miami Data Center — Doral,,,reported_or_source_compiled,2.0,it_load,,,,,,,https://inflect.com/building/2300-northwest-89th-place-doral/peer-1-hosting/datacenter/2300-northwest-89th-place,operational
,,,United States,us-archgreen-grand-island-data-center,,,,40.9423,-98.4551,ArchGreen Grand Island Data Center,,,reported_or_source_compiled,12.5,it_load,,,,,,,http://web.archive.org/web/20250617124426/https://theindependent.com/news/local/cryptocurrency-mining-facility-approved-west-of-grand-island/article_3398e77c-96bd-11ed-aebb-0392fcb8f348.html;https://www.arch-green.com/project-1-3;http://web.archive.org/web/20250725014450/https://theindependent.com/news/state-regional/government-politics/cryptcurrency-data-center-hall-county/article_68269ee2-67ac-11ee-8b8f-9f5eb8250db6.html;https://servercountry.org/data/states/nebraska/,operational
,,,United States,us-ardent-data-centers-pittsburgh-mckees-rocks,,,,40.4646,-80.081,Ardent Data Centers Pittsburgh (McKees Rocks),,,reported_or_source_compiled,5.0,it_load,,,,,,,https://www.prnewswire.co.uk/news-releases/ardent-data-centers-a-northern-data-group-company-completes-acquisition-of-pennsylvania-data-center-302040653.html;https://www.cleanview.co/data-centers/pennsylvania,operational
,,,United States,us-ark-data-centers-akron-i-fka-involta,,,,41.057162,-81.521388,Ark Data Centers Akron I (fka Involta),,,reported_or_source_compiled,1.0,it_load,,,,,,,https://www.involta.com/data-centers/data-center-locations/ohio/akron/;https://www.datacentermap.com/usa/ohio/akron/involta-akron/;https://www.arcgis.com/home/item.html?id=597555ce8e4a4892a030784a7c657fdd;https://businessjournaldaily.com/involta-sees-tremendous-market-in-ohio/;https://www.prnewswire.com/news-releases/involta-llc-announces-plan-to-build-enterprise-data-center-in-akron-ohio-101806913.html;https://signalakron.org/4-5-million-tax-credit-will-help-data-center-expand-in-akron/,operational
,,,United States,us-ark-data-centers-akron-ii-fka-involta,,,,41.057297,-81.521336,Ark Data Centers Akron II (fka Involta),,,reported_or_source_compiled,1.0,it_load,,,,,,,https://www.involta.com/data-centers/data-center-locations/ohio/akron/;https://www.datacentermap.com/usa/ohio/akron/involta-akron-2/;https://www.arcgis.com/home/item.html?id=597555ce8e4a4892a030784a7c657fdd;https://businessjournaldaily.com/involta-sees-tremendous-market-in-ohio/;https://signalakron.org/4-5-million-tax-credit-will-help-data-center-expand-in-akron/,operational
,,,United States,us-ark-data-centers-marion-cedar-rapids,,,,42.0341,-91.5871,Ark Data Centers Marion (Cedar Rapids),,,reported_or_source_compiled,0.81,it_load,,,,,,,https://www.arkdna.com/data-centers/iowa/,operational
,,,United States,us-armstrong-power-natural-gas-plant,,,,40.667,-79.417,Armstrong Power Natural Gas Plant,,,reported_or_source_compiled,688.0,it_load,,,,,,,http://paenvironmentdaily.blogspot.com/2026/04/dep-invites-comments-on-title-v-air.html;https://files.dep.state.pa.us/air/AirQuality/AQPortalFiles/Permits/PermitDocuments/1534781%5B03-00975%5D_Issued_v1.pdf,operational
,,,United States,us-aspen-creek-digital-olathe-solar-bitcoin-mine,,,,38.5986,-107.973,Aspen Creek Digital — Olathe Solar Bitcoin Mine,,,reported_or_source_compiled,6.0,it_load,,,,,,,https://www.gem.wiki/Aspen_Creek_Digital_Corporation_Montrose_County_facility,operational
,,,United States,us-atlas-power-data-center-williston,,,,48.147,-103.618,Atlas Power Data Center (Williston),,,reported_or_source_compiled,240.0,it_load,,,,,,,https://baxtel.com/data-center/atlas-power-williston-north-dakota;https://www.inforum.com/news/north-dakota/northwest-north-dakota-commission-directs-co-op-to-cut-power-to-crypto-data-center;https://www.yesenergy.com/blog/crypto-mining-power-consumption-atlas-power,operational
,,,United States,us-bit-mining-viking-data-centers-akron,,,,41.050056,-81.473621,BIT Mining / Viking Data Centers — Akron,,,reported_or_source_compiled,83.0,it_load,,,,,,,https://www.yahoo.com/news/one-chinas-biggest-bitcoin-mining-110157142.html;https://www.vikingdata.io/about-us;https://www.prnewswire.com/news-releases/bit-mining-increases-investment-in-ohio-cryptocurrency-mining-site-301402112.html;https://baxtel.com/data-center/bit-mining-ohio,operational
,,,United States,us-bayou-galion-solar,,,,32.79754,-91.78413,Bayou Galion Solar,,,reported_or_source_compiled,127.0,it_load,,,,,,,https://recurrentenergy.com/project/bayou-galion-solar/;https://www.entergy.com/wp-content/uploads/15/Entergy-renewable-portfolio.pdf;https://services2.arcgis.com/FiaPA4ga0iQKduv3/arcgis/rest/services/Power_Plants_in_the_US/FeatureServer/0/query?where=State%3D%27Louisiana%27+AND+PrimSource%3D%27solar%27&outFields=*&f=json&resultRecordCount=200,operational
,,,United States,us-bear-bitcoin-mine,,,,32.2691,-102.6042,Bear Bitcoin Mine,,,reported_or_source_compiled,40.0,it_load,,,,,,,https://www.prnewswire.com/news-releases/canaan-inc-acquires-cipher-minings-interest-in-multiple-operational-mining-projects-totaling-4-4-ehs-in-west-texas-302694773.html;https://baxtel.com/data-center/canaan-bear;https://www.globenewswire.com/news-release/2024/01/03/2803639/0/en/Cipher-Mining-Announces-60-MW-Expansion-of-its-Bear-and-Chief-Joint-Venture-Data-Centers-and-Purchase-of-16-700-New-Miners-from-Canaan-Inc.html,operational
,,,United States,us-beaver-valley-power-station,,,,40.62333,-80.43056,Beaver Valley Power Station,,,reported_or_source_compiled,1872.0,it_load,,,,,,,https://www.prnewswire.com/news-releases/vistra-and-meta-announce-agreements-to-support-nuclear-plants-in-pjm-and-add-new-nuclear-generation-to-the-grid-302656941.html;https://www.power-eng.com/nuclear/vistra-and-meta-ink-ppa-for-2-6-gw-of-nuclear-power-in-pjm-region/;https://stocktitan.net/news/VST/vistra-and-meta-announce-agreements-to-support-nuclear-plants-in-pjm-zul6gbxgqjn9.html;https://en.wikipedia.org/wiki/Beaver_Valley_Power_Station,operational
,,,United States,us-big-digital-energy-midland-facility,,,,40.6532,-80.3968,Big Digital Energy Midland Facility,,,reported_or_source_compiled,120.0,it_load,,,,,,,https://www.mawsoninc.com/mawson-infrastructure-group-inc-expands-midland-facility-to-120-mw/;https://www.globenewswire.com/news-release/2026/04/23/3280391/0/en/mawson-infrastructure-group-inc-becomes-big-digital-energy-inc-receives-nasdaq-listing-determination-already-in-compliance-to-request-hearing.html;https://www.globenewswire.com/news-release/2026/04/27/3281610/0/en/big-digital-energy-inc-announces-colocation-agreement-with-the-endeavor-group.html,operational
,,,United States,us-big-digital-energy-10netzero-hood-county-ai-data-center-camp,,,,32.44194,-97.76472,Big Digital Energy–10NetZero Hood County AI Data Center Campus,,,reported_or_source_compiled,17.0,it_load,,,,,,,https://www.globenewswire.com/news-release/2026/07/20/3329715/0/en/Big-Digital-Energy-and-10NetZero-Complete-Acquisition-of-Hood-County-Texas-Site.html;https://www.sec.gov/Archives/edgar/data/1218683/000121390026075248/ea029690001ex99-2.htm,operational
,,,United States,us-big-watt-digital-sully-buttes-mining-facility,,,,44.705,-100.3115,Big Watt Digital Sully Buttes Mining Facility,,,reported_or_source_compiled,30.0,it_load,,,,,,,https://www.onidawatchman.com/news/article_ce136784-8c57-11ed-a366-7ba7e3d8d91d.html;https://www.globenewswire.com/news-release/2023/07/25/2710263/0/en/Big-Watt-Digital-Forms-Joint-Venture-with-Consensus-Technology-Group.html;https://southdakotasearchlight.com/2026/01/30/sully-county-home-to-sds-largest-data-center-would-welcome-more-with-open-arms-official-says/,operational
,,,United States,us-bitdeer-massillon-facility,,,,40.77069,-81.53947,Bitdeer Massillon Facility,,,reported_or_source_compiled,100.0,it_load,,,,,,,https://finance.yahoo.com/markets/crypto/articles/whats-inside-bitdeers-crypto-mining-100138846.html;https://www.aol.com/articles/data-centers-already-stark-county-095426000.html;https://baxtel.com/data-center/bitdeer-massillon-oh;https://sign.moveon.org/petitions/bitdeer-bitmine-nuisance-petition;https://scgisa.starkcountyohio.gov/arcgis/rest/services/Auditor/StarkCountyParcels/MapServer/0/query?where=PIN%3D%2710018541%27&outFields=*&f=json;https://www.globenewswire.com/news-release/2026/03/16/3256231/0/en/Bitdeer-Announces-February-2026-Production-and-Operations-Update.html,operational
,,,United States,us-bitdeer-rockdale-facility,,,,30.6549,-97.0025,Bitdeer Rockdale Facility,,,reported_or_source_compiled,170.0,it_load,,,,,,,https://www.datacentermap.com/usa/texas/austin/bitdeer-rockdale-texas/;https://ir.bitdeer.com/news-releases/news-release-details/bitdeer-announces-september-2025-production-and-operations,operational
,,,United States,us-bitfarms-sharon-facility-former-westinghouse-plant,,,,41.2334,-80.497,Bitfarms Sharon Facility (former Westinghouse plant),,,reported_or_source_compiled,30.0,it_load,,,,,,,https://investor.bitfarms.com/news-releases/news-release-details/bitfarms-announces-assumption-control-sharon-pa-site;https://www.globenewswire.com/news-release/2025/11/13/3187170/0/en/Bitfarms-Reports-Third-Quarter-2025-Results.html;https://www.datacenterdynamics.com/en/news/zoning-board-of-sharon-pa-approves-planned-expansion-of-keel-infrastructures-existing-data-center-development/,operational
,,,United States,us-bitzero-nekoma-data-center-stanley-r-mickelsen-safeguard-com,,,,48.5894194,-98.3567389,Bitzero Nekoma Data Center (Stanley R. Mickelsen Safeguard Complex),,,reported_or_source_compiled,2.5,it_load,,,,,,,https://www.governor.nd.gov/news/burgum-bitzero-signs-agreement-acquire-nekoma-pyramid-develop-it-highly-secure-data-center;https://www.prnewswire.com/news-releases/bitzero-announces-expansion-of-global-data-center-network-delivering-clean-power-at-scale-for-the-next-era-of-high-performance-computing-302468827.html;https://www.bleedingheartland.com/2024/02/26/north-dakota-bitzero-project-raises-management-ownership-questions/,operational
,,,United States,us-black-bear-solar,,,,32.1672192,-86.1999118,Black Bear Solar,,,reported_or_source_compiled,100.0,it_load,,,,,,,https://lightsourcebp.com/project/black-bear-solar/;https://www.solarpowerworldonline.com/2022/10/lightsource-bp-solar-project-powering-alabama-utilities/,operational
,,,United States,us-blockchain-power-corp-hazelton-bitcoin-mining-site,,,,39.6536928,-79.5305992,Blockchain Power Corp. Hazelton Bitcoin Mining Site,,,reported_or_source_compiled,107.0,it_load,,,,,,,https://www.salon.com/2025/12/28/data-centers-are-west-virginias-new-strip-mines/;https://www.blockchain-power.com/;https://nominatim.openstreetmap.org/search?q=Hazelton%2C%20Preston%20County%2C%20West%20Virginia&format=json&limit=3,operational
,,,United States,us-blockfusion-niagara-falls-facility-north-east-data,,,,43.0962,-79.0377,Blockfusion Niagara Falls Facility (North East Data),,,reported_or_source_compiled,46.0,it_load,,,,,,,https://www.prnewswire.com/news-releases/blockfusion-owner-operator-of-a-strategically-located-clean-energy-powered-data-center-to-go-public-via-business-combination-with-blue-acquisition-corp-302620260.html;https://www.niagara-gazette.com/news/falls-planning-board-considers-recommending-operating-permit-for-frontier-avenue-bitcoin-mine/article_3614d579-696d-4175-95ac-875c7714886b.html;https://cointelegraph.com/news/city-of-niagara-falls-orders-blockfusion-facility-to-cease-and-desist-crypto-mining;https://www.sec.gov/Archives/edgar/data/1910992/000118518526004076/bacc425091626.htm;https://www.sec.gov/Archives/edgar/data/0002059654/000118518526002723/baccex99-1.htm;https://finance.yahoo.com/news/blockfusion-wins-approval-reopen-bitcoin-035900770.html,operational
,,,United States,us-blockware-solutions-pike-county-facility,,,,37.667552,-82.345043,Blockware Solutions Pike County Facility,,,reported_or_source_compiled,30.0,it_load,,,,,,,https://www.gem.wiki/Blockware_Solutions_Pike_County_facility;https://www.prnewswire.com/news-releases/blockware-solutions-unveils-flagship-kentucky-mining-location-301512583.html,operational
,,,United States,us-bloomberg-lp-data-center,,,,41.036652,-73.986828,Bloomberg LP Data Center,,,reported_or_source_compiled,4.0,it_load,,,,,,,https://www.sec.gov/Archives/edgar/data/0001603578/000153949714000486/n306_premktx1.htm;https://www.datacenterknowledge.com/investing/bloomberg-plans-710-million-data-center-in-n-y-suburb;https://rocklandtimes.com/2013/06/27/bloomberg-tops-off-new-datacenter/,operational
,,,United States,us-broken-bow-wind-energy-center-phases-i-and-ii,,,,41.5075,-99.6109,Broken Bow Wind Energy Center (Phases I and II),,,reported_or_source_compiled,152.6,it_load,,,,,,,https://www.gem.wiki/Broken_Bow_wind_farm;https://dwee.nebraska.gov/state-energy-information/energy-statistics/fuels/wind/wind-energy-generation-nebraska,operational
,,,United States,us-c-spire-starkville-data-center,,,,33.4709294,-88.7927699,C Spire Starkville Data Center,,,reported_or_source_compiled,1.5,it_load,,,,,,,https://www.cspire.com/cms/news/wireless/20600007/new-c-spire-world-class-business-enterprise-data-center-built-like-fort-knox;https://www.datacenterknowledge.com/archives/2014/11/04/c-spire-opens-tier-iii-mississippi-data-center,operational
,,,United States,us-centra-digital-interconnect-340-cumberland-pmw01,,,,43.6578388,-70.2613785,CENTRA Digital Interconnect -- 340 Cumberland (PMW01),,,reported_or_source_compiled,1.0,it_load,,,,,,,https://baxtel.com/data-center/maine;https://baxtel.com/data-center/centra-340-cumberland-pmw01;https://baxtel.com/data-center/gwi-portland-maine;https://www.centradigital.com/data-centers/pwm1,operational
,,,United States,us-clt-01-campus-one-blockchain-spartanburg,,,,34.8548673,-82.0126849,CLT-01 Campus (One Blockchain Spartanburg),,,reported_or_source_compiled,40.0,it_load,,,,,,,https://www.sec.gov/Archives/edgar/data/2070542/000121390026089151/ea0301093-10q_aibdata.htm;https://baxtel.com/data-center/blockchain-spartanburg-sc;https://dcmap.us/states/south-carolina/,operational
,,,United States,us-ctc-property-gas-turbine-plant-colossus-1,,,,35.0600392,-90.1520249,CTC Property Gas Turbine Plant (Colossus 1),,,reported_or_source_compiled,420.0,it_load,,,,,,,https://cdn.arstechnica.net/wp-content/uploads/2025/07/NAACP-and-YGGs-xAI-Air-Permit-Appeal-7-15-2025.pdf;https://naacp.org/sites/default/files/documents/1%20-%20Complaint.pdf;https://www.yahoo.com/news/articles/memphis-board-dismisses-appeal-xai-221643600.html;https://www.fox13memphis.com/health/shelby-county-permits-15-turbines-at-xai-supercomputer-environmentalists-to-conduct-air-testing/article_01244e83-03fc-41f3-979c-abc3a944cf1b.html;https://www.actionnews5.com/2025/12/16/shelby-co-air-pollution-control-board-denies-appeal-over-xais-turbine-use-citing-mootness/,operational
,,,United States,us-cane-creek-solar,,,,31.976997,-88.88758,Cane Creek Solar,,,reported_or_source_compiled,78.5,it_load,,,,,,,https://www.eia.gov/electricity/data/eia860m/xls/july_generator2026.xlsx,operational
,,,United States,us-cango-greenvolt-soperton-facility,,,,32.3811,-82.5917,Cango GreenVolt Soperton Facility,,,reported_or_source_compiled,50.0,it_load,,,,,,,https://www.sec.gov/Archives/edgar/data/1725123/000110465926041972/cang-20251231x20f.htm;https://www.prnewswire.com/news-releases/cango-inc-acquires-50-mw-bitcoin-mining-facility-in-georgia-laying-groundwork-for-future-energy-strategy-302526334.html;https://www.datacenters.com/providers/ln-compute-inc,operational
,,,United States,us-capital-region-solar-la3-west-baton-rouge-solar-facility,,,,30.465105,-91.331855,Capital Region Solar (LA3 West Baton Rouge Solar Facility),,,reported_or_source_compiled,50.0,it_load,,,,,,,https://www.entergy.com/news/capital-region-solar-facility-serving-entergy-louisiana-customers;https://www.solsystems.com/news/sol-nationwide-acquire-largest-solar-project/;https://www.entergy.com/wp-content/uploads/15/Entergy-renewable-portfolio.pdf;https://services2.arcgis.com/FiaPA4ga0iQKduv3/arcgis/rest/services/Power_Plants_in_the_US/FeatureServer/0/query?where=State%3D%27Louisiana%27+AND+PrimSource%3D%27solar%27&outFields=*&f=json&resultRecordCount=200,operational
,,,United States,us-cascade-digital-power-hatfield-bitcoin-mine-lake-arbutus-hyd,,,,44.4146842,-90.7306966,Cascade Digital Power Hatfield Bitcoin Mine (Lake Arbutus Hydro),,,reported_or_source_compiled,6.0,it_load,,,,,,,https://wpr.org/jackson-county-home-new-cryptocurrency-mine-surprise-many-local-county-officials;https://www.prnewswire.com/news-releases/digital-power-optimization-forms-partnership-to-combine-hydro-power-and-cryptocurrency-mining--cascade-digital-power-301513816.html,operational
,,,United States,us-cass-county-station,,,,40.947913,-95.96403,Cass County Station,,,reported_or_source_compiled,345.0,it_load,,,,,,,https://www.oppdcommunityconnect.com/cass-county-station;https://www.eia.gov/electricity/data/eia860m/xls/july_generator2026.xlsx;https://www.oppd.com/news-resources/news-releases/2025/august/oppd-board-receives-updates-on-key-generation-transmission-and-technology-projects/,operational
,,,United States,us-centersquare-ewr2-weehawken,,,,40.7615218,-74.0260271,Centersquare EWR2 (Weehawken),,,reported_or_source_compiled,45.7,it_load,,,,,,,https://www.csquare.com/data-centers/new-york-new-jersey;https://inflect.com/building/300-j-f-kennedy-boulevard-east-weehawken/centersquare/datacenter/centersquare-ewr2-a-b-e-weehawken,operational
,,,United States,us-centersquare-ewr3-piscataway,,,,40.554537,-74.4569,Centersquare EWR3 (Piscataway),,,reported_or_source_compiled,54.8,it_load,,,,,,,https://www.csquare.com/data-centers/new-york-new-jersey;https://www.peeringdb.com/fac/2638,operational
,,,United States,us-centersquare-ewr5-secaucus,,,,40.78617,-74.0692821,Centersquare EWR5 (Secaucus),,,reported_or_source_compiled,26.3,it_load,,,,,,,"https://www.csquare.com/data-centers/new-york-new-jersey;https://www.peeringdb.com/api/fac?name__contains=Centersquare&state=NJ;https://nominatim.openstreetmap.org/search?q=15+Enterprise+Avenue+North,+Secaucus,+New+Jersey&format=json&limit=3",operational
,,,United States,us-centersquare-lax3,,,,33.6870931,-117.8479769,Centersquare LAX3,,,reported_or_source_compiled,24.9,it_load,,,,,,,https://www.csquare.com/data-centers/los-angeles;https://www.peeringdb.com/fac/2641;https://inflect.com/building/17836-gillette-avenue-irvine/centersquare/datacenter/oc2,operational
,,,United States,us-centersquare-lax5,,,,33.6847703,-117.8366956,Centersquare LAX5,,,reported_or_source_compiled,17.3,it_load,,,,,,,https://www.csquare.com/data-centers/los-angeles;https://www.peeringdb.com/fac/6670;https://baxtel.com/data-center/centersquare-irvine-lax2,operational
,,,United States,us-centersquare-ord2-elk-grove-village,,,,41.9923175,-87.9582323,Centersquare ORD2 (Elk Grove Village),,,reported_or_source_compiled,25.9,it_load,,,,,,,https://www.csquare.com/data-centers/chicago;https://dceo.illinois.gov/content/dam/soi/en/web/dceo/aboutdceo/reportsrequiredbystatute/2025-data-centers-annual-report.pdf,operational
,,,United States,us-centersquare-ord4-lisle,,,,41.8023406,-88.0948856,Centersquare ORD4 (Lisle),,,reported_or_source_compiled,88.9,it_load,,,,,,,https://www.csquare.com/data-centers/chicago;https://dceo.illinois.gov/content/dam/soi/en/web/dceo/aboutdceo/reportsrequiredbystatute/2025-data-centers-annual-report.pdf,operational
,,,United States,us-centersquare-phx3,,,,33.4212542,-111.8590191,Centersquare PHX3,,,reported_or_source_compiled,17.3,it_load,,,,,,,https://www.csquare.com/data-centers/phoenix;https://www.openstreetmap.org/way/543117031,operational
,,,United States,us-centersquare-shakopee-msp1-campus,,,,44.7965,-93.482,Centersquare Shakopee (MSP1 Campus),,,reported_or_source_compiled,19.1,it_load,,,,,,,https://www.csquare.com/data-centers/minneapolis;https://www.peeringdb.com/api/fac?state=MN&country=US,operational
,,,United States,us-centersquare-tampa-tpa1,,,,27.9455353,-82.351102,Centersquare Tampa TPA1,,,reported_or_source_compiled,9.0,it_load,,,,,,,https://www.csquare.com/data-centers/tampa;https://www.peeringdb.com/api/fac?city=Tampa;https://overpass-api.de/api/interpreter?data=%5Bout%3Ajson%5D%5Btimeout%3A90%5D%3Barea%5B%22ISO3166-2%22%3D%22US-FL%22%5D%5B%22admin_level%22%3D%224%22%5D-%3E.a%3B(nwr%5B%22telecom%22%3D%22data_center%22%5D(area.a)%3Bnwr%5B%22building%22%3D%22data_center%22%5D(area.a)%3B)%3Bout%20center%20tags%3B,operational
,,,United States,us-cerebras-oklahoma-city-data-center,,,,35.4676,-97.5164,Cerebras Oklahoma City Data Center,,,reported_or_source_compiled,10.0,it_load,,,,,,,https://www.datacenterfrontier.com/hyperscale/article/55273769/cerebras-unveils-six-data-centers-to-meet-accelerating-demand-for-ai-inference-at-scale;https://www.cerebras.ai/press-release/cerebras-announces-six-new-ai-datacenters-across-north-america-and-europe-to-deliver-industry-s;https://www.cerebras.ai/blog/okc;https://www.datacenterdynamics.com/en/news/cerebras-opens-10mw-data-center-in-oklahoma-city/;https://baxtel.com/data-center/cerebras-oklahoma-city,operational
,,,United States,us-cherry-valley-solar-energy-project,,,,35.389,-90.7546,Cherry Valley Solar Energy Project,,,reported_or_source_compiled,185.0,it_load,,,,,,,https://solarbuildermag.com/projects/adapture-energizes-arkansas-commercial-project-projects-weekly/;https://now.solar/2026/06/16/meta-signs-solar-power-deals-for-five-arkansas-projects-including-cherry-valley-site-wynne-progress/;https://www.gem.wiki/Cherry_Valley_PV_I_solar_farm,operational
,,,United States,us-chief-mountain-bitcoin-mine,,,,32.285,-102.625,Chief Mountain Bitcoin Mine,,,reported_or_source_compiled,40.0,it_load,,,,,,,https://www.prnewswire.com/news-releases/canaan-inc-acquires-cipher-minings-interest-in-multiple-operational-mining-projects-totaling-4-4-ehs-in-west-texas-302694773.html;https://baxtel.com/data-center/canaan-chief-mountain;https://www.globenewswire.com/news-release/2024/01/03/2803639/0/en/Cipher-Mining-Announces-60-MW-Expansion-of-its-Bear-and-Chief-Joint-Venture-Data-Centers-and-Purchase-of-16-700-New-Miners-from-Canaan-Inc.html,operational
,,,United States,us-cipher-digital-odessa-facility,,,,31.8457,-102.3676,Cipher Digital Odessa Facility,,,reported_or_source_compiled,207.0,it_load,,,,,,,https://baxtel.com/data-center/cipher-mining-odessa;https://www.insidermonkey.com/blog/cipher-mining-inc-nasdaqcifr-q1-2026-earnings-call-transcript-1754845/,operational
,,,United States,us-cirrusds-view-78-data-center,,,,40.6111,-111.8994,CirrusDS View 78 Data Center,,,reported_or_source_compiled,32.0,it_load,,,,,,,http://cirrusds.com/midvale-ut-campus;https://www.prweb.com/releases/cirrus-data-services-entering-data-center-market-in-salt-lake-city-855163208.html;https://www.midvale.utah.gov/government/departments/redevelopment_agency/index.php;https://www.midvale.utah.gov/government/departments/recorder_s_office/midvale_city_resolutions.php,operational
,,,United States,us-cleanspark-clinton-bitcoin-mining-facilities,,,,32.3560924,-90.3635037,CleanSpark Clinton Bitcoin Mining Facilities,,,reported_or_source_compiled,16.5,it_load,,,,,,,https://www.sec.gov/Archives/edgar/data/827876/000095017024107034/clsk-ex99_1.htm;https://msindy.org/p/channeling-cryptocurrency-in-a-mississippi;https://investors.cleanspark.com/news/news-details/2024/CleanSpark-Acquires-Two-Additional-Sites-in-Mississippi-and-Closes-Second-Site-in-Wyoming/default.aspx,operational
,,,United States,us-cleanspark-college-park-bitcoin-mining-facility,,,,33.6407,-84.4277,CleanSpark College Park Bitcoin Mining Facility,,,reported_or_source_compiled,9.6,it_load,,,,,,,https://www.sec.gov/Archives/edgar/data/827876/000119312525297510/clsk-20250930.htm;https://www.prnewswire.com/news-releases/cleanspark-agrees-to-acquire-bitcoin-miner-atl-data-center-301190492.html,operational
,,,United States,us-cleanspark-lenoir-city-bitcoin-mining-facility,,,,35.7973,-84.256,CleanSpark Lenoir City Bitcoin Mining Facility,,,reported_or_source_compiled,20.0,it_load,,,,,,,https://www.prnewswire.com/news-releases/cleanspark-announces-agreement-to-acquire-griid-infrastructure-based-on-an-enterprise-value-of-155-million-and-expansion-plans-of-over-400-mw-in-tennessee-302184116.html;https://www.globenewswire.com/news-release/2024/02/14/2828934/0/en/GRIID-Infrastructure-Announces-Plans-to-Double-Capacity-of-Lenoir-City-Tenn-Bitcoin-Mining-Operations.html;https://www.sec.gov/Archives/edgar/data/827876/000119312525297510/clsk-20250930.htm;https://www.stocktitan.net/news/CLSK/clean-spark-releases-december-2025-bitcoin-mining-431w4gpru2xw.html,operational
,,,United States,us-cleanspark-norcross-bitcoin-mining-facility,,,,33.9412,-84.2135,CleanSpark Norcross Bitcoin Mining Facility,,,reported_or_source_compiled,20.0,it_load,,,,,,,https://www.sec.gov/Archives/edgar/data/827876/000166357721000387/ex99_1.htm;https://www.sec.gov/Archives/edgar/data/827876/000119312525297510/clsk-20250930.htm;https://www.gpb.org/news/2025/12/04/the-costs-of-crypto-mining-in-georgia-will-it-be-regulated-along-new-data-center,operational
,,,United States,us-cleanspark-sandersville-bitcoin-mining-facility,,,,32.9807,-82.8071,CleanSpark Sandersville Bitcoin Mining Facility,,,reported_or_source_compiled,250.0,it_load,,,,,,,https://www.sec.gov/Archives/edgar/data/827876/000119312525297510/clsk-20250930.htm;https://www.gpb.org/news/2025/12/04/the-costs-of-crypto-mining-in-georgia-will-it-be-regulated-along-new-data-center,operational
,,,United States,us-cleanspark-washington-bitcoin-mining-facility,,,,33.7376,-82.7379,CleanSpark Washington Bitcoin Mining Facility,,,reported_or_source_compiled,36.0,it_load,,,,,,,https://www.globenewswire.com/news-release/2022/08/09/2494690/0/en/CleanSpark-Acquires-Plug-in-Ready-Bitcoin-Mining-Facility-Scalable-to-86-Megawatts-or-2-6-EH-s.html;https://www.sec.gov/Archives/edgar/data/827876/000095017024132565/clsk-20240930.htm,operational
,,,United States,us-clinton-clean-energy-center,,,,40.1722,-88.8342,Clinton Clean Energy Center,,,reported_or_source_compiled,1080.0,it_load,,,,,,,https://www.constellationenergy.com/news/2025/constellation-meta-sign-20-year-deal-for-clean-reliable-nuclear-energy-in-illinois.html;https://www.datacenterdynamics.com/en/news/meta-signs-20-year-ppa-with-constellation-for-entire-output-of-illinois-nuclear-power-plant/;https://www.ans.org/news/2025-06-03/article-7084/constellation-meta-sign-20year-deal-to-source-entire-illinois-nuclear-plants-power/;https://www.world-nuclear-news.org/articles/meta-constellation-sign-20-year-clean-power-deal,operational
,,,United States,us-cloudhq-lc1,,,,39.0102471,-77.4626713,CloudHQ LC1,,,reported_or_source_compiled,144.0,it_load,,,,,,,https://www.datacentermap.com/usa/virginia/ashburn/cloudhq-lc1/;https://www.openstreetmap.org/way/794147654;https://www.arcgis.com/home/item.html?id=597555ce8e4a4892a030784a7c657fdd,operational
,,,United States,us-cobalt-cheyenne-data-center,,,,36.2183822,-115.26296,Cobalt Cheyenne Data Center,,,reported_or_source_compiled,5.5,it_load,,,,,,,https://www.datacenterknowledge.com/business/cobalt-opens-cheyenne-data-center-in-las-vegas;https://cloudandcolocation.com/state/nevada/;https://dcmap.us/markets/las-vegas/,operational
,,,United States,us-cogent-cheyenne-data-center,,,,41.1278101,-104.8110116,Cogent Cheyenne Data Center,,,reported_or_source_compiled,2.5,it_load,,,,,,,https://www.cogentco.com/files/docs/wholesale_colocation/Cheyenne_Wholesale_2025.pdf,operational
,,,United States,us-cogent-communications-new-orleans-650-poydras,,,,29.9496125,-90.0699355,Cogent Communications New Orleans (650 Poydras),,,reported_or_source_compiled,0.75,it_load,,,,,,,https://baxtel.com/data-center/new-orleans;https://nominatim.openstreetmap.org/search?q=650+Poydras+St+New+Orleans+LA&format=json;https://www.peeringdb.com/api/fac?city=New%20Orleans;https://www.peeringdb.com/api/fac?state=LA&country=US,operational
,,,United States,us-cogent-data-center-akron,,,,41.0876,-81.5183,Cogent Data Center Akron,,,reported_or_source_compiled,5.0,it_load,,,,,,,https://www.cogentco.com/en/cogent-cleveland/471-akron-dc;https://signalakron.org/where-7-data-centers-operate-in-summit-county-and-why-it-matters/;https://www.sdxcentral.com/news/cogent-puts-four-data-centers-up-for-sale-in-us/;https://www.prnewswire.com/news-releases/cogent-communications-announces-closing-of-sale-of-10-data-center-facilities-302813574.html,operational
,,,United States,us-coinmint-massena-east-former-alcoa-smelter,,,,44.977701,-74.732659,Coinmint (Massena East / former Alcoa Smelter),,,reported_or_source_compiled,166.0,it_load,,,,,,,https://theminermag.com/news/2024-11-21/miner-weekly-coinmint-nydig-bitcoin;https://news.bitcoin.com/report-nydig-close-to-buying-alcoas-massena-new-york-smelter-site-for-bitcoin-mining-operations/;https://www.coindesk.com/business/2026/04/18/from-smelters-to-servers-alcoa-to-cash-in-on-crypto-s-thirst-for-energy;https://www.gem.wiki/Massena_Complex;https://www.cnbc.com/2018/03/16/bitcoin-mining-firms-getting-pushback-from-new-york-state.html,operational
,,,United States,us-coinmint-plattsburgh-skyway-plaza,,,,44.680538,-73.451475,Coinmint Plattsburgh (Skyway Plaza),,,reported_or_source_compiled,10.0,it_load,,,,,,,https://www.gem.wiki/Coinmint_Clinton_county_facility,operational
,,,United States,us-colocsx-csx-data-center,,,,30.1988,-81.5812,ColoCSX (CSX Data Center),,,reported_or_source_compiled,6.0,it_load,,,,,,,https://www.csx.com/index.cfm/about-us/company-overview/colocation-services/;https://www.datacentermap.com/usa/florida/jacksonville/csx-data-center/;https://inflect.com/building/6425-southpoint-parkway-jacksonville/colocsx/datacenter/jacksonville;https://members.jaxchamber.com/Information-Technology/ColoCSX-16564;https://www.city-data.com/duval-county/S/Southpoint-Parkway-4.html,operational
,,,United States,us-colocrossing-buf1-buffalo,,,,42.8930043,-78.8752659,"ColoCrossing BUF1, Buffalo",,,reported_or_source_compiled,1.44,it_load,,,,,,,https://www.colocrossing.com/datacenter/buffalo-ny;https://www.datacenterknowledge.com/deals/365-data-centers-partners-with-colocrossing-in-buffalo;https://nominatim.openstreetmap.org/search?q=325+Delaware+Avenue%2C+Buffalo%2C+NY+14202&format=json&limit=2&addressdetails=1,operational
,,,United States,us-cologix-col3-columbus,,,,40.1164586,-83.0017691,Cologix COL3 (Columbus),,,reported_or_source_compiled,18.0,it_load,,,,,,,https://cologix.com/data-centers/columbus/;https://cloudandcolocation.com/state/ohio/,operational
,,,United States,us-cologix-dsm1-financial-center,,,,41.5868,-93.625,Cologix DSM1 (Financial Center),,,reported_or_source_compiled,0.6,it_load,,,,,,,https://cologix.com/news/cologix-expands-footprint-acquisition-two-data-centers-iowa-including-des-moines-carrier-hotel/,operational
,,,United States,us-cologix-dsm2-cedar-falls,,,,42.5347,-92.4453,Cologix DSM2 (Cedar Falls),,,reported_or_source_compiled,1.0,it_load,,,,,,,https://cologix.com/data-centers/des-moines/dsm2/,operational
,,,United States,us-cologix-sv1,,,,37.3654018,-121.9616726,Cologix SV1,,,reported_or_source_compiled,9.0,it_load,,,,,,,https://cologix.com/data-centers/silicon-valley/sv1/;https://www.openstreetmap.org/way/40608200;https://www.arcgis.com/home/item.html?id=597555ce8e4a4892a030784a7c657fdd,operational
,,,United States,us-colossus,,,,35.0565,-90.0148,Colossus,,,reported_or_source_compiled,150.0,it_load,,,,,,,https://en.wikipedia.org/wiki/Colossus_(supercomputer);https://www.reuters.com/technology/artificial-intelligence/musk-says-xai-has-built-worlds-most-powerful-ai-training-cluster-2024-09-24/;https://www.datacenterdynamics.com/en/news/xai-doubles-number-of-onsite-gas-turbines-at-memphis-data-center-in-violation-of-permit-limits/;https://www.governing.com/resilience/wastewater-will-cool-this-memphis-data-center;https://www.cnbc.com/2025/07/16/musks-xai-permits-challenged-by-naacp-environmental-groups-memphis.html;https://dailymemphian.com/article/51159/heres-what-xai-will-pay-in-property-taxes,operational
,,,United States,us-colossus-2-whitehaven,,,,34.997983,-90.0348672,Colossus 2 (Whitehaven),,,reported_or_source_compiled,210.0,it_load,,,,,,,https://web.archive.org/web/20250517234219/https://www.datacenterdynamics.com/en/news/elon-musks-xai-buys-one-million-sq-ft-site-for-second-memphis-data-center/;https://en.wikipedia.org/wiki/Colossus_(data_center),operational
,,,United States,us-colossus-2-power-station,,,,34.984394,-90.042296,Colossus 2 power station,,,reported_or_source_compiled,495.0,it_load,,,,,,,https://www.cnbc.com/2026/03/10/elon-musk-xai-permit-for-mississippi-plant-despite-pollution-concerns.html;https://www.technology.org/2026/07/15/xai-59-unpermitted-gas-turbines-southaven-colossus-2/;https://www.gem.wiki/Colossus_2_power_station;https://opcgis.deq.state.ms.us/ensearchonline/get_doc.aspx?dt=finalp&id=1834338;https://naacp.org/articles/naacp-sues-xai-illegal-pollution-data-center-power-plant;https://www.actionnews5.com/2026/07/31/xai-announces-fourth-data-center-turbines-be-removed-southaven-site/;https://www.themississippimonitor.com/spacexai-powers-down-11-of-69-temporary-turbines-at-southaven-facility/,operational
,,,United States,us-columbus-bitcoin-mining-facility-formerly-greenidge-columbus,,,,33.4957,-88.4273,Columbus Bitcoin Mining Facility (formerly Greenidge Columbus),,,reported_or_source_compiled,8.5,it_load,,,,,,,https://www.sec.gov/Archives/edgar/data/1844971/000184497124000010/ex991pressrelease3-11x2024.htm;https://www.sec.gov/Archives/edgar/data/1844971/000162828025051859/gree-20250930.htm;https://www.businesswire.com/news/home/20250917929642/en/Greenidge-Generation-Closes-Sale-of-its-Mississippi-Bitcoin-Mining-Facility;https://www.sec.gov/Archives/edgar/data/1844971/000162828025038430/gree-20250801.htm;https://www.power-compute.com/investors/news-events/press-releases/detail/168/lm-funding-america-closes-acquisition-of-11-mw-site-and,operational
,,,United States,us-comanche-peak-nuclear-power-plant-aws-ppa,,,,32.2983,-97.785,Comanche Peak Nuclear Power Plant (AWS PPA),,,reported_or_source_compiled,2400.0,it_load,,,,,,,https://world-nuclear-news.org/articles/ppas-support-extended-operations-at-vistra-plants;https://www.power-eng.com/nuclear/vistra-secures-long-term-nuclear-ppa-from-comanche-peak-nuclear-plant/;https://constructionreviewonline.com/amazon-to-collocate-5-billion-project-spectrum-data-center-campus-in-texas-with-nuclear-power-plant/,operational
,,,United States,us-compass-datacenters-goodyear-campus,,,,33.4354446,-112.3756856,Compass Datacenters Goodyear Campus,,,reported_or_source_compiled,72.0,it_load,,,,,,,https://www.compassdatacenters.com/news/compass-datacenters-begins-construction-of-first-two-data-centers-on-phoenix-campus/;https://azbigmedia.com/business/economic-development/compass-datacenters-will-build-225-acre-goodyear-campus/,operational
,,,United States,us-connect-albuquerque-westpointe-40,,,,35.0881581,-106.7353893,Connect Albuquerque (Westpointe 40),,,reported_or_source_compiled,10.0,it_load,,,,,,,"https://baxtel.com/data-center/connect-data-centers-albuquerque-nm;https://servercountry.org/data/projects/connect-data-centers-albuquerque-oppidan-nm/;https://nominatim.openstreetmap.org/search?q=8351+Daytona+Road+NW,+Albuquerque,+NM+87121&format=json",operational
,,,United States,us-core-scientific-austin-data-center-austin-1,,,,30.214,-97.622,Core Scientific Austin Data Center (Austin 1),,,reported_or_source_compiled,16.0,it_load,,,,,,,https://www.businesswire.com/news/home/20240603752657/en/Core-Scientific-to-Provide-Approximately-200-MW-of-Infrastructure-to-Host-CoreWeave%E2%80%99s-High-Performance-Computing-Services-Capturing-Significant-AI-Compute-Opportunity;https://corescientific.com/high-density-data-centers/austin-tx/;https://www.datacentermap.com/usa/texas/austin/core-scientific-austin/,operational
,,,United States,us-core-scientific-calvert-city-data-center-calvert-1-2-3,,,,37.0328,-88.3527,"Core Scientific Calvert City Data Center (Calvert 1, 2 & 3)",,,reported_or_source_compiled,150.0,it_load,,,,,,,https://www.areadevelopment.com/newsitems/11-14-2019/core-scientific-calvert-city-kentucky.shtml;https://www.prnewswire.com/news-releases/core-scientific-opens-world-class-blockchain-hosting-facility-in-calvert-city-ky-300956631.html;https://www.datacentermap.com/usa/kentucky/calvert-city/core-scientific-calvert-city/;https://www.datacentermap.com/usa/kentucky/calvert-city/riot-platforms-calvert-city/,operational
,,,United States,us-core-scientific-grand-forks-data-center-grand-forks-1,,,,47.8912,-97.0434,Core Scientific Grand Forks Data Center (Grand Forks 1),,,reported_or_source_compiled,100.0,it_load,,,,,,,https://www.areadevelopment.com/newsitems/5-7-2021/core-scientific-grand-forks-north-dakota.shtml;https://corescientific.com/high-density-data-centers/grand-forks-nd/;https://www.datacentermap.com/usa/north-dakota/grand-forks/core-scientific-grand-forks/,operational
,,,United States,us-core-scientific-marble-data-center,,,,35.135,-83.924,Core Scientific Marble Data Center,,,reported_or_source_compiled,104.0,it_load,,,,,,,https://www.wunc.org/2026-04-10/cherokee-county-residents-were-upset-about-crypto-mines-then-came-ai;https://www.cherokeescout.com/local-newsletter/crypto-mining-ai;https://www.sec.gov/Archives/edgar/data/0001839341/000119312526165121/d149019dex992.htm,operational
,,,United States,us-core-scientific-muskogee-campus,,,,35.72,-95.42,Core Scientific Muskogee Campus,,,reported_or_source_compiled,70.0,it_load,,,,,,,https://investors.corescientific.com/news-events/press-releases/detail/135/core-scientific-plans-expansion-to-1-5-gigawatts-of-gross-power-at-muskogee-oklahoma-campus;https://investors.corescientific.com/news-events/press-releases/detail/99/core-scientific-and-port-muskogee-break-ground-on-100-mw-hpc-data-center;https://www.businesswire.com/news/home/20260506005927/en/Core-Scientific-Plans-Expansion-to-1.5-Gigawatts-of-Gross-Power-at-Muskogee-Oklahoma-Campus;https://blockspace.media/insight/core-scientific-jumps-7-in-morning-markets-as-data-center-firm-announces-440-mw-expansion-at-oklahoma-site/;https://corescientific.com/high-density-data-centers/muskogee-ok/,operational
,,,United States,us-coresite-ch2,,,,41.8628,-87.6413029,CoreSite CH2,,,reported_or_source_compiled,18.0,it_load,,,,,,,https://www.coresite.com/data-center/ch2-chicago-il,operational
,,,United States,us-crofton-bluffs-wind-farm,,,,42.7078,-97.5745,Crofton Bluffs Wind Farm,,,reported_or_source_compiled,40.6,it_load,,,,,,,https://www.gem.wiki/Crofton_Bluffs_wind_farm;https://dwee.nebraska.gov/state-energy-information/energy-statistics/fuels/wind/wind-energy-generation-nebraska,operational
,,,United States,us-crooked-lake-solar,,,,35.9147,-89.7843,Crooked Lake Solar,,,reported_or_source_compiled,175.0,it_load,,,,,,,https://www.gem.wiki/Crooked_Lake_Solar;https://cleanview.co/power-projects/operating/solar-farms/arkansas,operational
,,,United States,us-crossover-wind,,,,35.3001216,-90.7750181,Crossover Wind,,,reported_or_source_compiled,135.0,it_load,,,,,,,https://www.prnewswire.com/news-releases/cordelio-power-achieves-commercial-operations-at-135-mw-crossover-wind-project-the-first-operating-wind-project-in-arkansas-302618392.html;https://electrek.co/2025/11/24/arkansas-turns-on-its-first-ever-utility-scale-wind-farm/;https://nominatim.openstreetmap.org/search?q=Cross+County%2C+Arkansas&format=json&limit=2,operational
,,,United States,us-crusoe-abilene-on-site-gas-generation-project-ludicrous,,,,32.502213,-99.788717,Crusoe Abilene on-site gas generation (Project Ludicrous),,,reported_or_source_compiled,360.5,it_load,,,,,,,https://records.tceq.texas.gov/cs/idcplg?IdcService=TCEQ_EXTERNAL_SEARCH_GET_FILE&dID=8600163&Rendition=Web;https://www.texastribune.org/2026/07/09/texas-data-centers-ai-power-plants-pollution-state-permits/;https://www.crusoe.ai/resources/newsroom/ge-vernova-and-crusoe-announce-major-29-unit-gas-turbine-deal;https://www.datacenterdynamics.com/en/news/natural-gas-plant-planned-for-stargate-ai-data-center-campus-report/;https://records.tceq.texas.gov/cs/idcplg?IdcService=TCEQ_EXTERNAL_SEARCH_GET_FILE&Rendition=Web&dID=8600639,operational
,,,United States,us-csquare-sfo1,,,,37.3714713,-121.9696826,Csquare SFO1,,,reported_or_source_compiled,34.5,it_load,,,,,,,https://www.csquare.com/data-centers/silicon-valley#santaclara-sfo1;https://www.openstreetmap.org/way/38305568;https://www.arcgis.com/home/item.html?id=597555ce8e4a4892a030784a7c657fdd,operational
,,,United States,us-csquare-sfo2,,,,37.397572,-121.980963,Csquare SFO2,,,reported_or_source_compiled,43.2,it_load,,,,,,,https://www.csquare.com/data-centers/silicon-valley#santaclara-sfo2;https://www.openstreetmap.org/way/54119665;https://www.arcgis.com/home/item.html?id=597555ce8e4a4892a030784a7c657fdd,operational
,,,United States,us-csquare-sfo3,,,,37.3720542,-121.9860407,Csquare SFO3,,,reported_or_source_compiled,8.6,it_load,,,,,,,https://www.csquare.com/data-centers/silicon-valley#sunnyvale-sfo3;https://www.openstreetmap.org/way/271893323;https://www.arcgis.com/home/item.html?id=597555ce8e4a4892a030784a7c657fdd,operational
,,,United States,us-csquare-sfo4,,,,37.3757986,-121.9551844,Csquare SFO4,,,reported_or_source_compiled,43.1,it_load,,,,,,,https://www.csquare.com/data-centers/silicon-valley#santaclara-sfo4;https://www.openstreetmap.org/way/209073658;https://www.arcgis.com/home/item.html?id=597555ce8e4a4892a030784a7c657fdd,operational
,,,United States,us-cyrusone-chi1-chi3-aurora,,,,41.7966077,-88.2438232,CyrusOne CHI1-CHI3 (Aurora),,,reported_or_source_compiled,109.0,it_load,,,,,,,https://www.cyrusone.com/data-centers/north-america/aurora-il;https://www.openstreetmap.org/way/199252950;https://www.cyrusone.com/resources/blogs/cyrusone-intelliscale-design-and-ai-data-center-faq;https://www.arcgis.com/home/item.html?id=597555ce8e4a4892a030784a7c657fdd;https://www.cyrusone.com/data-centers/north-america/aurora-il-back-up-generator-schedule,operational
,,,United States,us-cyrusone-cin2-cincinnati,,,,39.1027886,-84.5179229,CyrusOne CIN2 (Cincinnati),,,reported_or_source_compiled,14.0,it_load,,,,,,,https://www.cyrusone.com/data-centers/north-america/cincinnati-ohio;https://www.datacentermap.com/usa/ohio/cincinnati/cyrusone-cincinnati/,operational
,,,United States,us-cyrusone-cin3-cincinnati-mason,,,,39.3038941,-84.3116127,CyrusOne CIN3 (Cincinnati-Mason),,,reported_or_source_compiled,1.0,it_load,,,,,,,https://www.datacenters.com/cyrusone-cin3-cincinnati-mason;https://www.openstreetmap.org/way/31250931;https://www.arcgis.com/home/item.html?id=597555ce8e4a4892a030784a7c657fdd,operational
,,,United States,us-cyrusone-cin6-florence,,,,38.9795695,-84.6153236,CyrusOne CIN6 (Florence),,,reported_or_source_compiled,5.0,it_load,,,,,,,https://www.cyrusone.com/data-centers/north-america/florence-ky;https://inflect.com/building/7190-industrial-road-florence/cyrusone/datacenter/cyrusone-florence;https://nominatim.openstreetmap.org/search?q=7190+Industrial+Road%2C+Florence%2C+KY+41042&format=json&limit=3,operational
,,,United States,us-cyrusone-chandler-campus-phx1-phx8,,,,33.2709074,-111.8819248,CyrusOne Chandler Campus (PHX1–PHX8),,,reported_or_source_compiled,169.0,it_load,,,,,,,https://www.cyrusone.com/data-centers/north-america/chandler-arizona;https://nominatim.openstreetmap.org/search?q=2335+S+Ellis+St%2C+Chandler%2C+AZ&format=json&limit=2&addressdetails=1,operational
,,,United States,us-cyrusone-dfw3-dfw5-allen,,,,33.1385206,-96.6599516,CyrusOne DFW3-DFW5 (Allen),,,reported_or_source_compiled,77.0,it_load,,,,,,,https://www.cyrusone.com/data-centers/north-america/allen-texas;https://www.openstreetmap.org/way/590213771;https://www.datacenterknowledge.com/operations-and-management/future-allen-campus-would-be-cyrusone-s-largest-texas-data-center;https://www.businesswire.com/news/home/20220420005203/en/CyrusOne-Purchases-Solar-and-Wind-Energy-in-North-Texas-from-Gexa-Energy-as-Part-of-Transition-to-100-Sustainable-Power;https://www.datacenterdynamics.com/en/news/cyrusone-signs-40mw-wind-and-solar-ppa-with-gexa-energy-in-texas/,operational
,,,United States,us-cyrusone-nva1-nva2-nva3-sterling,,,,39.0259023,-77.4144697,"CyrusOne NVA1, NVA2 & NVA3 (Sterling)",,,reported_or_source_compiled,48.0,it_load,,,,,,,https://www.cyrusone.com/data-centers/north-america/sterling-va-nva1-nva3;https://www.openstreetmap.org/way/435324552;https://www.arcgis.com/home/item.html?id=597555ce8e4a4892a030784a7c657fdd,operational
,,,United States,us-cyrusone-nva5-sterling,,,,39.024356,-77.4341,CyrusOne NVA5 (Sterling),,,reported_or_source_compiled,116.0,it_load,,,,,,,https://www.cyrusone.com/data-centers/north-america/sterling-va-nva5-nva7;https://www.openstreetmap.org/way/435817145;https://www.arcgis.com/home/item.html?id=597555ce8e4a4892a030784a7c657fdd,operational
,,,United States,us-cyrusone-nva8-sterling,,,,39.0211789,-77.4132443,CyrusOne NVA8 (Sterling),,,reported_or_source_compiled,24.0,it_load,,,,,,,https://www.cyrusone.com/data-centers/north-america/sterling-virginia-nva8;https://www.openstreetmap.org/way/701930919;https://www.arcgis.com/home/item.html?id=597555ce8e4a4892a030784a7c657fdd,operational
,,,United States,us-cyrusone-nym1-somerset,,,,40.5379623,-74.5457225,CyrusOne NYM1 (Somerset),,,reported_or_source_compiled,30.0,it_load,,,,,,,https://www.cyrusone.com/data-centers/north-america/somerset-nj;https://www.openstreetmap.org/way/460182320;https://www.cyrusone.com/resources/blogs/cyrusone-intelliscale-design-and-ai-data-center-faq;https://www.arcgis.com/home/item.html?id=597555ce8e4a4892a030784a7c657fdd;https://datacenterhawk.com/marketplace/providers/cyrusone/800-cottontail-lane/nym1-phase-2;https://inflect.com/building/800-cottontail-lane-franklin-township/cyrusone/datacenter/cyrusone-somerset-1,operational
,,,United States,us-cyrusone-nym2-totowa,,,,40.9072095,-74.2422211,CyrusOne NYM2 (Totowa),,,reported_or_source_compiled,6.0,it_load,,,,,,,"https://www.cyrusone.com/data-centers/north-america/totowa-nj-nym2;https://nominatim.openstreetmap.org/search?q=50+Madison+Road,+Totowa,+New+Jersey&format=json&limit=2;https://www.peeringdb.com/api/fac?state=NJ&limit=250",operational
,,,United States,us-cyrusone-nym5-norwalk,,,,41.1130924,-73.3886495,CyrusOne NYM5 (Norwalk),,,reported_or_source_compiled,4.0,it_load,,,,,,,https://www.cyrusone.com/data-centers/north-america/norwalk-ct;https://www.openstreetmap.org/way/571010571,operational
,,,United States,us-cyrusone-ocb1-council-bluffs-data-center,,,,41.2121526,-95.8779924,CyrusOne OCB1 Council Bluffs Data Center,,,reported_or_source_compiled,9.0,it_load,,,,,,,https://www.cyrusone.com/data-centers/north-america/council-bluffs-ia;https://baxtel.com/data-center/cyrusone-council-bluffs,operational
,,,United States,us-cyrusone-pnw1,,,,47.2334,-119.8528,CyrusOne PNW1,,,reported_or_source_compiled,90.0,it_load,,,,,,,https://www.cyrusone.com/data-centers/north-america/quincy-washington,operational
,,,United States,us-cyrusone-raleigh-durham-i-dur1,,,,35.9353037,-78.8810471,CyrusOne Raleigh-Durham I (DUR1),,,reported_or_source_compiled,50.0,it_load,,,,,,,https://baxtel.com/data-center/cyrusone-raleigh-durham-i;https://baxtel.com/data-center/raleigh;https://nominatim.openstreetmap.org/search?format=jsonv2&q=2223%20Northeast%20Creek%20Parkway%2C%20Durham%2C%20NC,operational
,,,United States,us-cyrusone-sat2-sat4-san-antonio,,,,29.4708878,-98.6730474,CyrusOne SAT2-SAT4 (San Antonio),,,reported_or_source_compiled,36.0,it_load,,,,,,,https://www.cyrusone.com/data-centers/north-america/san-antonio-sat2-sat4;https://www.openstreetmap.org/way/509611438;https://www.datacentermap.com/usa/texas/san-antonio/cyrusone-san-antonio/;https://www.cyrusone.com/resources/press-releases/cyrusone-breaks-ground-on-fifth-data-center-campus-in-san-antonio,operational
,,,United States,us-dc-blox-birmingham-data-center-campus,,,,33.5006652,-86.8208315,DC BLOX Birmingham Data Center Campus,,,reported_or_source_compiled,5.0,it_load,,,,,,,https://www.dcblox.com/data-centers/birmingham/;https://nominatim.openstreetmap.org/search?q=433+6th+Street+South%2C+Birmingham%2C+AL+35233&format=json&limit=1;https://www.peeringdb.com/api/fac/7219,operational
,,,United States,us-dc-blox-chattanooga-807-e-16th-street,,,,35.0314592,-85.2975821,DC BLOX Chattanooga (807 E 16th Street),,,reported_or_source_compiled,1.0,it_load,,,,,,,https://web.archive.org/web/20260824174431/https://www.timesfreepress.com/news/2026/aug/23/where-are-data-centers-in-chattanooga-region/;https://www.peeringdb.com/api/fac?id=7217;https://www.dcblox.com/data-centers/chattanooga/,operational
,,,United States,us-dc-blox-greenville-data-center,,,,34.80455191966,-82.342676840132,DC BLOX Greenville Data Center,,,reported_or_source_compiled,3.0,it_load,,,,,,,https://www.dcblox.com/data-centers/greenville/,operational
,,,United States,us-dmg-blockchain-boardman-facility,,,,45.83986,-119.70058,DMG Blockchain Boardman Facility,,,reported_or_source_compiled,3.75,it_load,,,,,,,https://www.stocktitan.net/news/DMGGF/dmg-blockchain-solutions-announces-asset-purchase-to-establish-its-e8cfbong1plf.html;https://www.stocktitan.net/news/DMGGF/dmg-blockchain-solutions-announces-ai-strategy-update-and-november-291zgfegqhps.html,operational
,,,United States,us-darkhorse-technologies-cathedra-bitcoin-rockwood-data-center,,,,35.865628,-84.68494,DarkHorse Technologies (Cathedra Bitcoin) Rockwood Data Center,,,reported_or_source_compiled,10.0,it_load,,,,,,,https://www.sec.gov/Archives/edgar/data/1591956/000121390026099458/ea030536701ex99-1.htm;https://www.sec.gov/Archives/edgar/data/1591956/000159195626000021/any-20260630.htm;https://www.sec.gov/Archives/edgar/data/1591956/000121390026099276/ea030512901ex99-1.htm,operational
,,,United States,us-dartpoints-btr1-baton-rouge,,,,30.4539942,-91.115481,DartPoints BTR1 Baton Rouge,,,reported_or_source_compiled,0.5,it_load,,,,,,,https://dartpoints.com/locations/btr01-baton-rouge-la/;https://dartpoints.com/press/dartpoints-acquires-venyu-adding-three-louisiana-data-centers-to-portfolio/;https://www.peeringdb.com/api/fac?state=LA&country=US;https://nominatim.openstreetmap.org/search?q=7127+Florida+Blvd%2C+Baton+Rouge%2C+LA+70806&format=json&addressdetails=1&limit=3,operational
,,,United States,us-dartpoints-btr2-baton-rouge,,,,30.4514445,-91.1156117,DartPoints BTR2 Baton Rouge,,,reported_or_source_compiled,2.0,it_load,,,,,,,https://dartpoints.com/press/dartpoints-acquires-venyu-adding-three-louisiana-data-centers-to-portfolio/;https://www.peeringdb.com/api/fac?state=LA&country=US;https://baxtel.com/data-center/baton-rouge;https://nominatim.openstreetmap.org/search?q=7139+Florida+Blvd%2C+Baton+Rouge%2C+LA+70806&format=json&addressdetails=1&limit=3,operational
,,,United States,us-dartpoints-charleston-data-center-chs01,,,,32.9648939,-80.1012147,DartPoints Charleston Data Center (CHS01),,,reported_or_source_compiled,1.3,it_load,,,,,,,https://dartpoints.com/locations/chs01-charleston-sc/;https://www.openstreetmap.org/way/648154126,operational
,,,United States,us-dartpoints-columbia-data-center-cae01,,,,33.9873119,-81.0308106,DartPoints Columbia Data Center (CAE01),,,reported_or_source_compiled,2.0,it_load,,,,,,,https://dartpoints.com/locations/cae01-columbia-sc/;https://www.openstreetmap.org/node/12120745596,operational
,,,United States,us-dartpoints-greenville-data-center,,,,34.8075277,-82.3434922,DartPoints Greenville Data Center,,,reported_or_source_compiled,2.5,it_load,,,,,,,https://www.sccommerce.com/news/dartpoints-expands-greenville-county-operations;https://nominatim.openstreetmap.org/search?q=78+Global+Drive%2C+Greenville%2C+SC&format=json&limit=3;https://greenvilleeconomicdevelopment.com/dartpoints-expands-greenville-county-operations/,operational
,,,United States,us-dartpoints-shv01-shreveport,,,,32.5135356,-93.7477839,DartPoints SHV01 Shreveport,,,reported_or_source_compiled,2.2,it_load,,,,,,,https://dartpoints.com/locations/shv01-shreveport-la/;https://brightlio.com/louisiana-data-centers/;https://www.peeringdb.com/api/fac?state=LA&country=US,operational
,,,United States,us-dartpoints-spartanburg-data-center-spa01,,,,34.9965845,-82.034841,DartPoints Spartanburg Data Center (SPA01),,,reported_or_source_compiled,1.6,it_load,,,,,,,https://dartpoints.com/locations/spa01-spartanburg-sc/;https://www.openstreetmap.org/way/680114725,operational
,,,United States,us-data-holdings-eau-claire-data-center,,,,44.811349,-91.4984941,Data Holdings Eau Claire Data Center,,,reported_or_source_compiled,1.0,it_load,,,,,,,https://dataholdings.com/eau-claire-data-center;https://nominatim.openstreetmap.org/search?q=Eau+Claire%2C+Eau+Claire+County%2C+Wisconsin&format=json&limit=1,operational
,,,United States,us-data-holdings-milwaukee-data-center,,,,43.0437366,-87.9540068,Data Holdings Milwaukee Data Center,,,reported_or_source_compiled,10.0,it_load,,,,,,,https://dataholdings.com/milwaukee-data-center;https://cloudandcolocation.com/datacenters/data-holdings-milwaukee-data-center/,operational
,,,United States,us-data-suites-murfreesboro,,,,35.85555,-86.4048269,Data Suites Murfreesboro,,,reported_or_source_compiled,2.0,it_load,,,,,,,https://mydatasuites.com/;https://mydatasuites.com/about/;https://mydatasuites.com/powered-shell-data-center-nashville/,operational
,,,United States,us-databank-bos1-downtown-boston,,,,42.354699,-71.060271,DataBank BOS1 - Downtown Boston,,,reported_or_source_compiled,0.5,it_load,,,,,,,https://www.databank.com/data-centers/boston/1-summer-street/;https://www.peeringdb.com/fac/2250,operational
,,,United States,us-databank-bwi1-downtown-baltimore-data-center,,,,39.291652966378,-76.619738877727,DataBank BWI1 (Downtown Baltimore Data Center),,,reported_or_source_compiled,1.5,it_load,,,,,,,https://www.databank.com/wp-content/uploads/2020/10/DB_DCTR_BWI1_Q32020_v2.pdf,operational
,,,United States,us-databank-brooklyn-park-campus,,,,45.116,-93.386,DataBank Brooklyn Park Campus,,,reported_or_source_compiled,9.0,it_load,,,,,,,https://www.databank.com/data-centers/minneapolis/brooklyn-park-campus/;https://www.databank.com/resources/press-releases/databank-officially-qualifies-for-minnesota-tax-incentives/;https://www.databank.com/data-centers/minneapolis/;https://www.peeringdb.com/api/fac?state=MN&country=US,operational
,,,United States,us-databank-cleveland-cle1,,,,41.4998,-81.6829,DataBank Cleveland (CLE1),,,reported_or_source_compiled,0.4,it_load,,,,,,,https://www.databank.com/data-centers/cleveland/1255-euclid-ave/;https://www.datacentermap.com/usa/ohio/cleveland/databank-cleveland/,operational
,,,United States,us-databank-den2-centennial,,,,39.5917924,-104.8479857,DataBank DEN2 — Centennial,,,reported_or_source_compiled,4.0,it_load,,,,,,,https://www.databank.com/data-centers/denver/centennial-campus/,operational
,,,United States,us-databank-den5-centennial-ii,,,,39.5900652,-104.8469635,DataBank DEN5 — Centennial II,,,reported_or_source_compiled,16.0,it_load,,,,,,,https://www.databank.com/data-centers/denver/centennial-campus/den5/;https://www.databank.com/data-centers/denver/centennial-campus/,operational
,,,United States,us-databank-downtown-minneapolis-data-center-msp4,,,,44.971127,-93.2546167,DataBank Downtown Minneapolis Data Center (MSP4),,,reported_or_source_compiled,0.779,it_load,,,,,,,https://www.databank.com/data-centers/minneapolis/;https://www.peeringdb.com/api/fac?state=MN&country=US;https://nominatim.openstreetmap.org/search?q=511+11th+Ave+S%2C+Minneapolis%2C+MN&format=json&limit=1&addressdetails=1,operational
,,,United States,us-databank-ewr2-piscataway,,,,40.549247,-74.458241,DataBank EWR2 (Piscataway),,,reported_or_source_compiled,3.0,it_load,,,,,,,https://www.databank.com/data-centers/new-jersey/;https://www.peeringdb.com/api/fac?name__contains=DataBank&state=NJ,operational
,,,United States,us-databank-east-twin-cities-data-center-msp2,,,,44.8375194,-93.1454144,DataBank East Twin Cities Data Center (MSP2),,,reported_or_source_compiled,5.0,it_load,,,,,,,https://www.databank.com/data-centers/minneapolis/eagan/;https://www.databank.com/resources/press-releases/databank-officially-qualifies-for-minnesota-tax-incentives/;https://www.databank.com/data-centers/minneapolis/,operational
,,,United States,us-databank-las1,,,,36.0597501,-115.1470938,DataBank LAS1,,,reported_or_source_compiled,3.35,it_load,,,,,,,https://www.databank.com/data-centers/las-vegas/,operational
,,,United States,us-databank-lga3-orangeburg-data-center-campus,,,,41.037331,-73.987853,DataBank LGA3 (Orangeburg Data Center Campus),,,reported_or_source_compiled,20.0,it_load,,,,,,,https://www.databank.com/data-centers/new-york/lga3;https://www.datacenterfrontier.com/site-selection/article/55056553/databanks-orangeburg-data-center-campus-targets-ai-for-the-empire-state,operational
,,,United States,us-databank-mci2-pine-ridge-data-center,,,,38.975738717441,-94.708635080112,DataBank MCI2 Pine Ridge Data Center,,,reported_or_source_compiled,2.0,it_load,,,,,,,https://www.databank.com/data-centers/kansas-city/,operational
,,,United States,us-databank-mci3-south-lake-campus-data-center,,,,38.925685125075,-94.769520334995,DataBank MCI3 South Lake Campus Data Center,,,reported_or_source_compiled,12.75,it_load,,,,,,,https://www.databank.com/data-centers/kansas-city/,operational
,,,United States,us-databank-mem1-memphis,,,,35.20249,-89.8097,DataBank MEM1 (Memphis),,,reported_or_source_compiled,0.45,it_load,,,,,,,https://www.databank.com/data-centers/memphis/7620-appling-center-drive/;https://baxtel.com/data-center/memphis,operational
,,,United States,us-databank-mia1-downtown-miami,,,,25.775811,-80.192959,DataBank MIA1 — Downtown Miami,,,reported_or_source_compiled,1.6,it_load,,,,,,,https://www.databank.com/data-centers/miami/;https://www.peeringdb.com/api/fac?city=Miami,operational
,,,United States,us-databank-ord3-mount-prospect,,,,42.0771274,-87.9238121,DataBank ORD3 (Mount Prospect),,,reported_or_source_compiled,2.7,it_load,,,,,,,https://www.databank.com/data-centers/chicago/,operational
,,,United States,us-databank-ord4-chicago-tri-state,,,,41.85392,-87.9221234,DataBank ORD4 (Chicago Tri-State),,,reported_or_source_compiled,8.75,it_load,,,,,,,https://www.databank.com/data-centers/chicago/,operational
,,,United States,us-databank-pit1-downtown-pittsburgh,,,,40.4479,-80.0086,DataBank PIT1 (Downtown Pittsburgh),,,reported_or_source_compiled,1.9,it_load,,,,,,,https://www.databank.com/data-centers/pittsburgh/,operational
,,,United States,us-databank-pit2-summit-park,,,,40.4433,-80.1697,DataBank PIT2 (Summit Park),,,reported_or_source_compiled,5.0,it_load,,,,,,,https://www.databank.com/data-centers/pittsburgh/,operational
,,,United States,us-databank-slc1-salt-lake-city-carrier-hotel,,,,40.76852,-111.88585,DataBank SLC1 (Salt Lake City Carrier Hotel),,,reported_or_source_compiled,1.0,it_load,,,,,,,https://www.databank.com/resources/blogs/get-to-know-databanks-salt-lake-city-data-centers/;https://d36oiwf74r1rap.cloudfront.net/wp-content/uploads/2026/04/Data-Center-Growth-FS-Apr2026.pdf;https://cra.slc.gov/projects/central-business-district/;https://cra.slc.gov/wp-content/uploads/2021/12/SLCRDA_FY2021_FINAL.pdf,operational
,,,United States,us-databank-sna1,,,,33.69137,-117.84036,DataBank SNA1,,,reported_or_source_compiled,2.64,it_load,,,,,,,https://www.databank.com/data-centers/irvine/,operational
,,,United States,us-databank-sna2,,,,33.68882,-117.84289,DataBank SNA2,,,reported_or_source_compiled,8.0,it_load,,,,,,,https://www.databank.com/data-centers/irvine/,operational
,,,United States,us-databank-san-diego-san1,,,,32.9886013,-117.073246,DataBank San Diego SAN1,,,reported_or_source_compiled,7.2,it_load,,,,,,,https://www.databank.com/data-centers/san-diego/12270-world-trade-drive/;https://www.databank.com/resources/press-releases/databank-expands-capacity-of-san1-data-center-in-san-diego/;https://baxtel.com/data-center/databank-san-diego-san1,operational
,,,United States,us-databank-west-twin-cities-data-center-msp1,,,,44.8628296,-93.3305557,DataBank West Twin Cities Data Center (MSP1),,,reported_or_source_compiled,1.35,it_load,,,,,,,https://www.databank.com/data-centers/minneapolis/;https://www.peeringdb.com/api/fac?state=MN&country=US;https://nominatim.openstreetmap.org/search?street=7700+France+Ave+S&city=Edina&state=MN&country=US&format=json&limit=2,operational
,,,United States,us-dataverge-brooklyn-industry-city,,,,40.6579597,-74.0055488,DataVerge Brooklyn (Industry City),,,reported_or_source_compiled,140.0,it_load,,,,,,,https://dataverge.com/interconnected-data-center-brooklyn/;https://baxtel.com/data-center/dataverge-brooklyn;https://nominatim.openstreetmap.org/search?q=882+3rd+Avenue%2C+Brooklyn%2C+NY+11232&format=json&limit=2&addressdetails=1,operational
,,,United States,us-davis-besse-nuclear-power-station,,,,41.59667,-83.08639,Davis-Besse Nuclear Power Station,,,reported_or_source_compiled,908.0,it_load,,,,,,,https://www.prnewswire.com/news-releases/vistra-and-meta-announce-agreements-to-support-nuclear-plants-in-pjm-and-add-new-nuclear-generation-to-the-grid-302656941.html;https://www.power-eng.com/nuclear/vistra-and-meta-ink-ppa-for-2-6-gw-of-nuclear-power-in-pjm-region/;https://stocktitan.net/news/VST/vistra-and-meta-announce-agreements-to-support-nuclear-plants-in-pjm-zul6gbxgqjn9.html;https://en.wikipedia.org/wiki/Davis%E2%80%93Besse_Nuclear_Power_Station,operational
,,,United States,us-decorah-battery-project,,,,43.3241694,-91.7928804,Decorah Battery Project,,,reported_or_source_compiled,2.5,it_load,,,,,,,https://www.alliantenergy.com/our-energy/energy-storage/decorah;https://api.openstreetmap.org/api/0.6/way/1464602551.json,operational
,,,United States,us-deer-run-battery-energy-storage-system,,,,41.951305,-91.6939826,Deer Run Battery Energy Storage System,,,reported_or_source_compiled,5.0,it_load,,,,,,,https://www.alliantenergy.com/news/news-center/2022/08/2-deerrunbattery;https://api.openstreetmap.org/api/0.6/way/1177362113.json,operational
,,,United States,us-delta-wind-farm,,,,34.49771,-90.39148,Delta Wind Farm,,,reported_or_source_compiled,184.5,it_load,,,,,,,https://www.powermag.com/amazon-aes-partner-on-first-utility-scale-wind-farm-in-mississippi/;https://www.canarymedia.com/articles/wind/mississippi-just-got-its-first-utility-scale-wind-farm;https://www.aboutamazon.com/news/company-news/amazon-25-billion-mississippi-data-centers;https://overpass-api.de/api/interpreter,operational
,,,United States,us-delta-s-edge-solar,,,,33.525286,-90.06936,Delta's Edge Solar,,,reported_or_source_compiled,100.0,it_load,,,,,,,https://www.eia.gov/electricity/data/eia860m/xls/july_generator2026.xlsx;https://api.openstreetmap.org/api/0.6/way/1270977406.json,operational
,,,United States,us-digihost-digi-power-x-fortistar-north-tonawanda,,,,43.0483121591696,-78.85360658271534,Digihost / Digi Power X — Fortistar North Tonawanda,,,reported_or_source_compiled,60.0,it_load,,,,,,,https://earthjustice.org/press/2026/appeals-court-delivers-blow-to-north-tonawanda-crypto-operation-reinforces-new-yorks-climate-law;https://buffalonews.com/news/local/digihost-north-tonawanda-plant-judge-ruling-new-york/article_3451bb94-a2d2-11ef-873b-27c39f255943.html;https://www.datacenterdynamics.com/en/news/citys-data-center-moratorium-in-new-york-impacts-digi-power-xs-hopes-to-convert-cryptomine-to-ai-data-center/;https://www.nysenate.gov/legislation/bills/2025/S10642;https://gis.niagaracounty.com/arcgis/rest/services/NC_GIS/NC_GIS/FeatureServer/4/query?where=SBL%3D%271820070001013001%27&outFields=*&outSR=4326&f=json,operational
,,,United States,us-digihost-erie-county-buffalo,,,,42.919825,-78.81999,Digihost — Erie County (Buffalo),,,reported_or_source_compiled,42.0,it_load,,,,,,,https://www.gem.wiki/Digihost_American_Axle_Erie_County_facility;https://gisservices.its.ny.gov/arcgis/rest/services/NYS_Tax_Parcels_Public/MapServer/1/query?where=PRINT_KEY%3D%27101.24-1-1.1%27+AND+COUNTY_NAME%3D%27Erie%27&outFields=*&f=json&returnGeometry=true&outSR=4326,operational
,,,United States,us-digital-fortress-lynnwood-sea1,,,,47.8224039,-122.2896138,Digital Fortress Lynnwood (SEA1),,,reported_or_source_compiled,10.0,it_load,,,,,,,https://www.openstreetmap.org/way/589360530;https://baxtel.com/data-center/digital-fortress-lynnwood,operational
,,,United States,us-digital-fortress-pnj-piscataway,,,,40.544144,-74.496592,Digital Fortress PNJ (Piscataway),,,reported_or_source_compiled,1.8,it_load,,,,,,,https://digital-fortress.com/piscataway-data-center/;https://www.peeringdb.com/api/fac?state=NJ&limit=250,operational
,,,United States,us-digital-fortress-ptl-downtown-portland-1,,,,45.52115,-122.68189,Digital Fortress PTL (Downtown Portland 1),,,reported_or_source_compiled,2.1,it_load,,,,,,,https://digital-fortress.com/portland-interconnected-data-centers/;https://digital-fortress.com/digital-fortress-acquires-three-datacenter-facilities-in-portland-oregon/;https://baxtel.com/data-center/digital-fortress-portland,operational
,,,United States,us-digital-realty-acc3,,,,39.01988,-77.4598033,Digital Realty ACC3,,,reported_or_source_compiled,36.4,it_load,,,,,,,https://baxtel.com/data-center/44520-hastings-acc3-digital-realty;https://www.openstreetmap.org/way/298242335;https://www.arcgis.com/home/item.html?id=597555ce8e4a4892a030784a7c657fdd,operational
,,,United States,us-digital-realty-oak10,,,,37.7992148,-122.2829762,Digital Realty OAK10,,,reported_or_source_compiled,2.0,it_load,,,,,,,https://www.digitalrealty.com/data-centers/americas/silicon-valley/oak10;https://www.openstreetmap.org/way/377378597;https://datacenterhawk.com/marketplace/providers/digital-realty/720-2nd-street/oak10,operational
,,,United States,us-digital-realty-phx-tempe,,,,33.3446197,-111.8992189,Digital Realty PHX (Tempe),,,reported_or_source_compiled,33.8,it_load,,,,,,,https://www.digitalrealty.com/data-centers/americas/phoenix;https://www.openstreetmap.org/way/220518160,operational
,,,United States,us-driver-solar,,,,35.6406,-89.9694,Driver Solar,,,reported_or_source_compiled,250.0,it_load,,,,,,,https://www.entergy.com/wp-content/uploads/15/Entergy-renewable-portfolio.pdf;https://www.gem.wiki/Driver_solar_farm,operational
,,,United States,us-enguard-data-center-jackson-technical,,,,36.1509,-95.9856,ENGUARD Data Center (Jackson Technical),,,reported_or_source_compiled,0.4,it_load,,,,,,,https://www.newson6.com/tulsa-oklahoma-news/where-are-data-centers-are-being-built-oklahoma-list;https://dcmap.us/states/oklahoma/,operational
,,,United States,us-eagle-mountain-data-oc1-anaheim-data-center,,,,33.8366,-117.9143,Eagle Mountain Data OC1 (Anaheim Data Center),,,reported_or_source_compiled,45.0,it_load,,,,,,,https://eaglemountain.ai/post/eagle-mountain-data-now-offering-high-density-ai-gpu-capacity-at-fully-energized-anaheim-data-center,operational
,,,United States,us-edgeconnex-chi02,,,,42.0014952,-87.9525624,EdgeConneX CHI02,,,reported_or_source_compiled,7.0,it_load,,,,,,,https://www.edgeconnex.com/locations/americas/chicago-il/;https://www.openstreetmap.org/way/377032058;https://www.edgeconnex.com/news/press-releases/edgeconnex-and-lambda-to-build-ai-factory-in-chicago-with-industry-leading-high-density-data-center-infrastructure/;https://www.arcgis.com/home/item.html?id=597555ce8e4a4892a030784a7c657fdd;https://lambda.ai/blog/lambda-edgeconnex-dc-pr;https://platform.inflect.com/building/2021-lunt-avenue-elk-grove-village/edgeconnex/datacenter/edcchi02,operational
,,,United States,us-edgeconnex-den01-denver,,,,39.5608526,-104.8275475,EdgeConneX DEN01 Denver,,,reported_or_source_compiled,3.0,it_load,,,,,,,https://www.edgeconnex.com/locations/americas/denver-co/,operational
,,,United States,us-edgeconnex-las-vegas-edclas01,,,,36.0662784,-115.1315773,EdgeConneX Las Vegas (EDCLAS01),,,reported_or_source_compiled,0.75,it_load,,,,,,,https://www.peeringdb.com/api/fac?state=NV&limit=200;https://dcmap.us/markets/las-vegas/,operational
,,,United States,us-edgeconnex-slc01,,,,40.69679,-111.9867,EdgeConneX SLC01,,,reported_or_source_compiled,1.0,it_load,,,,,,,https://d36oiwf74r1rap.cloudfront.net/wp-content/uploads/2026/04/Data-Center-Growth-FS-Apr2026.pdf;https://www.wvc-ut.gov/ArchiveCenter/ViewFile/Item/3376,operational
,,,United States,us-edgecore-mesa-data-center-campus,,,,33.375,-111.6497,EdgeCore Mesa Data Center Campus,,,reported_or_source_compiled,206.0,it_load,,,,,,,https://edgecore.com/edgecore-digital-infrastructure-announces-expansion-of-its-metro-phoenix-data-center-market-to-over-450-mw/;https://www.datacenterdynamics.com/en/news/edgecore-expands-mesa-data-center-campus-in-arizona/;https://azbigmedia.com/real-estate/edgecore-expands-mesa-data-center-campus-to-over-450-mw/,operational
,,,United States,us-edged-atlanta-atl01,,,,33.749,-84.388,Edged Atlanta (ATL01),,,reported_or_source_compiled,27.0,it_load,,,,,,,https://www.prnewswire.com/news-releases/edged-data-centers-celebrates-grand-opening-of-new-ultra-efficient-sustainable-data-center-in-atlanta-302228778.html,operational
,,,United States,us-edged-columbus,,,,40.10608,-82.81578,Edged Columbus,,,reported_or_source_compiled,24.0,it_load,,,,,,,https://gis.franklincountyohio.gov/hosting/rest/services/ParcelFeatures/Parcel_Features/FeatureServer/0/query?where=UPPER(OWNERNME1)+LIKE+'%25EDGED%25'&outFields=*&returnCentroid=true&outSR=4326&f=json;https://edged.us/news/columbus-grand-opening;https://bluewaterhealthyliving.com/news/national-news/ohio/new-albany-welcomes-246-million-edged-data-center-promising-water-energy-efficiency/,operational
,,,United States,us-edged-dallas-irving,,,,32.8211516,-96.9169508,Edged Dallas (Irving),,,reported_or_source_compiled,24.0,it_load,,,,,,,https://edged.us/news/edged-dallas-irving,operational
,,,United States,us-edged-mesa-data-center,,,,33.4152,-111.8315,Edged Mesa Data Center,,,reported_or_source_compiled,36.0,it_load,,,,,,,https://edged.us/news/edged-us-opens-waterless-ai-ready-data-center-in-the-heart-of-arizonas-silicon-desert-tech-corridor,operational
,,,United States,us-element-critical-austin-one,,,,30.3428035,-97.6961735,Element Critical Austin One,,,reported_or_source_compiled,5.0,it_load,,,,,,,https://elementcritical.com/data-centers/austin-data-center/;https://www.openstreetmap.org/way/384396017,operational
,,,United States,us-element-critical-chicago-one,,,,41.9757324,-87.9646913,Element Critical Chicago One,,,reported_or_source_compiled,7.0,it_load,,,,,,,https://elementcritical.com/data-centers/chicago-one/;https://www.openstreetmap.org/way/384690290;https://www.arcgis.com/home/item.html?id=597555ce8e4a4892a030784a7c657fdd,operational
,,,United States,us-element-critical-chicago-two,,,,41.9742269,-87.9671756,Element Critical Chicago Two,,,reported_or_source_compiled,5.0,it_load,,,,,,,https://elementcritical.com/data-centers/chicago-two/;https://www.openstreetmap.org/way/377212693;https://www.arcgis.com/home/item.html?id=597555ce8e4a4892a030784a7c657fdd,operational
,,,United States,us-eleven-mile-solar-center,,,,32.8599359,-111.5933508,Eleven Mile Solar Center,,,reported_or_source_compiled,300.0,it_load,,,,,,,https://us.orsted.com/news-archive/2023/12/meta-teams-up-with-srp-and-orsted-to-support-data-center-with-clean-energy-from-new-solar-and-battery-project;https://www.nsenergybusiness.com/projects/eleven-mile-solar-center-arizona-us/;https://nominatim.openstreetmap.org/search?q=Eleven+Mile+Solar+Center%2C+Pinal+County%2C+Arizona&format=json&limit=2,operational
,,,United States,us-elizabeth-solar-project,,,,30.81981,-92.971755,Elizabeth Solar Project,,,reported_or_source_compiled,125.0,it_load,,,,,,,https://americanpress.com/2026/06/23/elizabeth-solar-project-expected-to-bring-millions-in-long-term-economic-benefits-to-allen-parish/;https://www.entergy.com/wp-content/uploads/15/Entergy-renewable-portfolio.pdf;https://services2.arcgis.com/FiaPA4ga0iQKduv3/arcgis/rest/services/Power_Plants_in_the_US/FeatureServer/0/query?where=State%3D%27Louisiana%27+AND+PrimSource%3D%27solar%27&outFields=*&f=json&resultRecordCount=200,operational
,,,United States,us-elk-hills-power-plant-crc,,,,35.280318,-119.4707,Elk Hills Power Plant (CRC),,,reported_or_source_compiled,550.0,it_load,,,,,,,https://www.gem.wiki/Elk_Hills_power_station;https://www.epa.gov/uic/R9UIC-CA1-FY23-1;https://www.bakersfield.com/news/crc-proposes-w-kern-data-center-with-dedicated-power-closed-loop-cooling/article_5f2d14f7-8f86-4478-958d-513b8f9de1da.html;https://www.turnto23.com/news/in-your-neighborhood/taft-maricopa/massive-ai-data-center-proposed-for-kern-countys-elk-hills,operational
,,,United States,us-elkhorn-ridge-wind-farm,,,,42.6909,-97.6252,Elkhorn Ridge Wind Farm,,,reported_or_source_compiled,81.0,it_load,,,,,,,https://www.gem.wiki/Elkhorn_Ridge_wind_farm;https://dwee.nebraska.gov/state-energy-information/energy-statistics/fuels/wind/wind-energy-generation-nebraska,operational
,,,United States,us-equinix-ashburn-campus-dc1-dc15,,,,39.0437,-77.4875,Equinix Ashburn Campus (DC1–DC15),,,reported_or_source_compiled,500.0,it_load,,,,,,,"https://en.wikipedia.org/wiki/Ashburn,_Virginia#Data_centers;https://sustainability.equinix.com/wp-content/uploads/2022/04/GU_IBX-Sustainability-Quick-Reference_EN-LTR-1.pdf;https://www.loudounwater.org/commercial-customers/reclaimed-water-program;https://www.vedp.org/incentive/data-center-retail-sales-use-tax-exemption;https://www.hklaw.com/en/insights/publications/2025/04/loudoun-county-virginia-eliminates-by-right-data-center-development;https://www.equinix.com/data-centers/americas-colocation/united-states-colocation/washington-dc-data-centers",operational
,,,United States,us-evocative-bos1-somerville,,,,42.377932,-71.080419,Evocative BOS1 (Somerville),,,reported_or_source_compiled,6.0,it_load,,,,,,,https://www.evocative.com/data-centers/boston/;https://www.peeringdb.com/fac/9460,operational
,,,United States,us-evocative-ewr1-secaucus,,,,40.787662,-74.068015,Evocative EWR1 (Secaucus),,,reported_or_source_compiled,10.0,it_load,,,,,,,https://evocative.com/data-centers/secaucus-nj-data-center-ewr1/;https://www.peeringdb.com/api/fac?state=NJ&limit=250,operational
,,,United States,us-expedient-bwi1-owings-mills,,,,39.4273178,-76.8115503,Expedient BWI1 (Owings Mills),,,reported_or_source_compiled,0.8,it_load,,,,,,,https://www.expedient.com/data-centers/baltimore/;https://www.openstreetmap.org/node/11167641842;https://www.arcgis.com/home/item.html?id=597555ce8e4a4892a030784a7c657fdd,operational
,,,United States,us-expedient-baltimore-tide-point,,,,39.2746554,-76.5916709,Expedient Baltimore - Tide Point,,,reported_or_source_compiled,2.0,it_load,,,,,,,https://www.datacenters.com/expedient-baltimore-tide-point;https://www.openstreetmap.org/node/11168593094,operational
,,,United States,us-expedient-cmh1-upper-arlington,,,,40.0578366,-83.078426,Expedient CMH1 (Upper Arlington),,,reported_or_source_compiled,1.6,it_load,,,,,,,https://expedient.com/data-centers/columbus/,operational
,,,United States,us-expedient-cmh2-dublin,,,,40.0907697,-83.1539198,Expedient CMH2 (Dublin),,,reported_or_source_compiled,4.8,it_load,,,,,,,https://expedient.com/data-centers/columbus/;https://cloudandcolocation.com/state/ohio/,operational
,,,United States,us-expedient-cmh3-lewis-center,,,,40.1533067,-82.9614584,Expedient CMH3 (Lewis Center),,,reported_or_source_compiled,7.0,it_load,,,,,,,https://expedient.com/data-centers/columbus/,operational
,,,United States,us-expedient-mke1-milwaukee-franklin,,,,42.8631424,-87.9778759,Expedient MKE1 (Milwaukee/Franklin),,,reported_or_source_compiled,1.6,it_load,,,,,,,https://www.expedient.com/data-centers/milwaukee/;https://www.openstreetmap.org/way/664938835;https://www.arcgis.com/home/item.html?id=597555ce8e4a4892a030784a7c657fdd,operational
,,,United States,us-expedient-memphis-mem1,,,,35.062965,-89.786143,Expedient Memphis (MEM1),,,reported_or_source_compiled,1.5,it_load,,,,,,,https://www.peeringdb.com/api/fac?id=8473;https://expedient.com/data-centers/memphis/,operational
,,,United States,us-expedient-pit1-green-tree-pittsburgh-south,,,,40.427371,-80.0425212,Expedient PIT1 (Green Tree / Pittsburgh South),,,reported_or_source_compiled,1.8,it_load,,,,,,,https://www.expedient.com/data-centers/pittsburgh/;https://www.openstreetmap.org/way/537807168,operational
,,,United States,us-fervo-energy-project-red,,,,40.9953,-118.1428,Fervo Energy Project Red,,,reported_or_source_compiled,3.5,it_load,,,,,,,https://www.canarymedia.com/articles/geothermal/americas-first-enhanced-geothermal-plant-just-got-up-and-running;https://blog.google/company-news/outreach-and-initiatives/sustainability/google-fervo-geothermal-energy-partnership/,operational
,,,United States,us-fiberstate-slc1,,,,40.52478,-111.8628,FiberState SLC1,,,reported_or_source_compiled,4.0,it_load,,,,,,,https://d36oiwf74r1rap.cloudfront.net/wp-content/uploads/2026/04/Data-Center-Growth-FS-Apr2026.pdf;https://www.draperutah.gov/media/5baoyq5c/adopted-budget-cra-fy26-final.pdf;https://www.draperutah.gov/media/sfkbgezm/acfr-fy22-draper-city.pdf,operational
,,,United States,us-firstlight-manchester-data-center,,,,42.9720295,-71.4705697,FirstLight Manchester Data Center,,,reported_or_source_compiled,2.0,it_load,,,,,,,https://baxtel.com/data-center/new-hampshire;https://baxtel.com/data-center/firstlight-manchester;https://www.firstlight.net/resources/data-center-manchester-nh-specifications/,operational
,,,United States,us-flat-fork-solar,,,,34.8828,-91.1041,Flat Fork Solar,,,reported_or_source_compiled,200.0,it_load,,,,,,,https://www.entergy.com/wp-content/uploads/15/Entergy-renewable-portfolio.pdf;https://www.gem.wiki/Flat_Fork_Solar_solar_farm;https://cleanview.co/power-projects/operating/solar-farms/arkansas,operational
,,,United States,us-flexential-atlanta-alpharetta-data-center,,,,34.0869864,-84.2518184,Flexential Atlanta - Alpharetta Data Center,,,reported_or_source_compiled,6.0,it_load,,,,,,,https://www.flexential.com/data-centers/ga/atlanta/alpharetta-data-center;https://www.openstreetmap.org/way/39083797;https://www.arcgis.com/home/item.html?id=597555ce8e4a4892a030784a7c657fdd,operational
,,,United States,us-flexential-atlanta-douglasville-1,,,,33.7310574,-84.6160809,Flexential Atlanta - Douglasville 1,,,reported_or_source_compiled,22.5,it_load,,,,,,,https://www.flexential.com/data-centers/ga/atlanta/douglasville-data-center;https://www.openstreetmap.org/way/1097502168;https://www.datacenterdynamics.com/en/news/digitalocean-to-deploy-gpus-at-flexential-data-center-in-atlanta/;https://www.datacentermap.com/usa/georgia/atlanta/flexential-atlanta-douglasville/,operational
,,,United States,us-flexential-charlotte-south-clt01-02-03,,,,35.1354147,-80.9368313,Flexential Charlotte - South (CLT01/02/03),,,reported_or_source_compiled,2.36,it_load,,,,,,,https://www.flexential.com/data-centers/nc/charlotte/south-data-center;https://www.openstreetmap.org/way/215630401;https://www.arcgis.com/home/item.html?id=597555ce8e4a4892a030784a7c657fdd,operational
,,,United States,us-flexential-cottonwood,,,,40.61347,-111.82565,Flexential Cottonwood,,,reported_or_source_compiled,2.0,it_load,,,,,,,https://d36oiwf74r1rap.cloudfront.net/wp-content/uploads/2026/04/Data-Center-Growth-FS-Apr2026.pdf;https://www.utah.gov/pmn/files/1088841.pdf,operational
,,,United States,us-flexential-dallas-downtown-dallas,,,,32.8004101,-96.8193707,Flexential Dallas - Downtown Dallas,,,reported_or_source_compiled,6.66,it_load,,,,,,,https://www.flexential.com/data-centers/tx/dallas/downtown-data-center;https://www.openstreetmap.org/node/12112238944,operational
,,,United States,us-flexential-dallas-plano,,,,33.007033,-96.6663507,Flexential Dallas - Plano,,,reported_or_source_compiled,13.0,it_load,,,,,,,https://www.flexential.com/data-centers/tx/dallas/plano-data-center;https://www.openstreetmap.org/way/650412346;https://www.datacenterdynamics.com/en/news/flexential-to-host-coreweave-hardware-in-plano-data-center-texas/;https://www.datacentermap.com/usa/texas/dallas/flexential-plano/specs/;https://www.datacenterfrontier.com/design/article/33015029/dcf-tours-flexential-dallas-plano-data-center-18-mw-colocation-facility,operational
,,,United States,us-flexential-denver-englewood,,,,39.558994,-104.8375559,Flexential Denver - Englewood,,,reported_or_source_compiled,18.0,it_load,,,,,,,https://www.flexential.com/data-centers/co/denver/englewood-data-center;https://www.openstreetmap.org/way/377545385;https://www.arcgis.com/home/item.html?id=597555ce8e4a4892a030784a7c657fdd,operational
,,,United States,us-flexential-las-vegas-downtown,,,,36.1686438,-115.1431445,Flexential Las Vegas - Downtown,,,reported_or_source_compiled,1.37,it_load,,,,,,,https://www.flexential.com/data-centers/nv/las-vegas/downtown-data-center;https://www.openstreetmap.org/way/1379421123,operational
,,,United States,us-flexential-las-vegas-north-las04,,,,36.2481633,-115.1012553,Flexential Las Vegas - North (LAS04),,,reported_or_source_compiled,9.0,it_load,,,,,,,https://www.flexential.com/data-centers/nv/las-vegas/north-data-center;https://www.openstreetmap.org/way/746278786,operational
,,,United States,us-flexential-minneapolis-chaska-msp01,,,,44.8516116,-93.5988964,Flexential Minneapolis - Chaska (MSP01),,,reported_or_source_compiled,9.0,it_load,,,,,,,https://www.flexential.com/data-centers/mn/minneapolis/chaska-data-center;https://www.openstreetmap.org/way/52227492;https://www.arcgis.com/home/item.html?id=597555ce8e4a4892a030784a7c657fdd,operational
,,,United States,us-flexential-nashville-brentwood-nas01-04,,,,35.9727294,-86.8084949,Flexential Nashville - Brentwood (NAS01/04),,,reported_or_source_compiled,1.49,it_load,,,,,,,https://www.flexential.com/data-centers/tn/nashville/brentwood-data-center;https://www.openstreetmap.org/node/12112295055,operational
,,,United States,us-flexential-nashville-cool-springs,,,,35.951045,-86.833406,Flexential Nashville - Cool Springs,,,reported_or_source_compiled,3.15,it_load,,,,,,,https://www.flexential.com/data-centers/tn/nashville/cool-springs-data-center;https://www.openstreetmap.org/way/1210515186;https://www.arcgis.com/home/item.html?id=597555ce8e4a4892a030784a7c657fdd,operational
,,,United States,us-flexential-nashville-franklin,,,,35.9204203,-86.8155401,Flexential Nashville - Franklin,,,reported_or_source_compiled,6.0,it_load,,,,,,,https://www.flexential.com/data-centers/tn/nashville/franklin-data-center;https://www.openstreetmap.org/way/942604537;https://www.arcgis.com/home/item.html?id=597555ce8e4a4892a030784a7c657fdd,operational
,,,United States,us-flexential-philadelphia-collegeville-phl01,,,,40.1522366,-75.4776181,Flexential Philadelphia - Collegeville (PHL01),,,reported_or_source_compiled,7.2,it_load,,,,,,,https://www.flexential.com/data-centers/pa/philadelphia/collegeville-data-center;https://www.openstreetmap.org/way/1178609569;https://www.arcgis.com/home/item.html?id=597555ce8e4a4892a030784a7c657fdd;https://www.datacenters.com/flexential-philadelphia-collegeville,operational
,,,United States,us-flexential-phoenix-deer-valley,,,,33.6846775,-112.0983398,Flexential Phoenix - Deer Valley,,,reported_or_source_compiled,5.02,it_load,,,,,,,https://www.flexential.com/data-centers/az/phoenix/deer-valley-data-center;https://www.openstreetmap.org/way/157362579,operational
,,,United States,us-flexential-portland-hillsboro-1-pdx01,,,,45.5498253,-122.8908454,Flexential Portland - Hillsboro 1 (PDX01),,,reported_or_source_compiled,5.3,it_load,,,,,,,https://www.flexential.com/data-centers/or/portland/hillsboro1-data-center;https://www.openstreetmap.org/way/328703598;https://www.arcgis.com/home/item.html?id=597555ce8e4a4892a030784a7c657fdd,operational
,,,United States,us-flexential-portland-hillsboro-2,,,,45.558302,-122.9171647,Flexential Portland - Hillsboro 2,,,reported_or_source_compiled,18.0,it_load,,,,,,,https://www.flexential.com/data-centers/or/portland/hillsboro2-data-center;https://www.openstreetmap.org/way/471691760;https://www.arcgis.com/home/item.html?id=597555ce8e4a4892a030784a7c657fdd,operational
,,,United States,us-flexential-portland-hillsboro-3,,,,45.5594805,-122.9382011,Flexential Portland - Hillsboro 3,,,reported_or_source_compiled,36.0,it_load,,,,,,,https://www.flexential.com/data-centers/or/portland/hillsboro3-data-center;https://www.openstreetmap.org/way/918873142;https://www.arcgis.com/home/item.html?id=597555ce8e4a4892a030784a7c657fdd,operational
,,,United States,us-flexential-portland-hillsboro-4-pdx04,,,,45.5553133,-122.9401317,Flexential Portland - Hillsboro 4 (PDX04),,,reported_or_source_compiled,18.0,it_load,,,,,,,https://www.flexential.com/data-centers/or/portland/hillsboro4-data-center;https://www.openstreetmap.org/way/860433344;https://www.arcgis.com/home/item.html?id=597555ce8e4a4892a030784a7c657fdd;https://www.flexential.com/resources/press-release/flexential-acquires-prime-property-hillsboro-plans-new-data-center,operational
,,,United States,us-flexential-portland-hillsboro-5,,,,45.5564617,-122.9394058,Flexential Portland - Hillsboro 5,,,reported_or_source_compiled,36.0,it_load,,,,,,,https://www.prnewswire.com/news-releases/flexential-secures-strategic-real-estate-ownership-in-hillsboro-oregon-with-acquisition-of-two-data-center-properties-302783801.html;https://www.prnewswire.com/news-releases/flexential-acquires-prime-property-in-hillsboro-plans-new-data-center-as-next-phase-of-expansion-302546009.html,operational
,,,United States,us-flexential-richmond-ric01-02,,,,37.6468902,-77.4386952,Flexential Richmond (RIC01/02),,,reported_or_source_compiled,2.8,it_load,,,,,,,https://www.flexential.com/data-centers/va/richmond/data-center;https://www.openstreetmap.org/way/257581364;https://www.arcgis.com/home/item.html?id=597555ce8e4a4892a030784a7c657fdd,operational
,,,United States,us-flexential-salt-lake-city-downtown,,,,40.7563065,-111.9548375,Flexential Salt Lake City - Downtown,,,reported_or_source_compiled,2.65,it_load,,,,,,,https://www.flexential.com/data-centers/ut/salt-lake-city/downtown-data-center;https://www.openstreetmap.org/way/729696933;https://www.arcgis.com/home/item.html?id=597555ce8e4a4892a030784a7c657fdd;https://cra.slc.gov/project-areas/,operational
,,,United States,us-flexential-salt-lake-city-lindon,,,,40.332648,-111.7278754,Flexential Salt Lake City - Lindon,,,reported_or_source_compiled,0.57,it_load,,,,,,,https://www.flexential.com/data-centers/ut/salt-lake-city/lindon-data-center;https://www.openstreetmap.org/node/12112382397;https://www.arcgis.com/home/item.html?id=597555ce8e4a4892a030784a7c657fdd;https://www.utah.gov/pmn/files/1403855.pdf,operational
,,,United States,us-flexential-salt-lake-city-millcreek,,,,40.685569,-111.8850505,Flexential Salt Lake City - Millcreek,,,reported_or_source_compiled,1.92,it_load,,,,,,,https://www.flexential.com/data-centers/ut/salt-lake-city/millcreek-data-center;https://www.openstreetmap.org/way/1056658555;https://www.arcgis.com/home/item.html?id=597555ce8e4a4892a030784a7c657fdd;https://www.millcreekut.gov/208/Community-Reinvestment-Agency;https://ut-millcreek.civicplus.com/DocumentCenter/View/4320/Project-Area-Plan--West-Millcreek-CRA,operational
,,,United States,us-flexential-tampa-north-tpa03,,,,28.0738698,-82.3683619,Flexential Tampa - North (TPA03),,,reported_or_source_compiled,3.0,it_load,,,,,,,https://www.flexential.com/data-centers/fl/tampa/north-data-center;https://www.openstreetmap.org/way/1085608797,operational
,,,United States,us-flexential-tampa-west,,,,28.0372991,-82.5399781,Flexential Tampa - West,,,reported_or_source_compiled,1.81,it_load,,,,,,,https://www.flexential.com/data-centers/fl/tampa/west-data-center;https://www.openstreetmap.org/node/12112380995,operational
,,,United States,us-forgeview-solar,,,,35.9459,-89.869,Forgeview Solar,,,reported_or_source_compiled,200.0,it_load,,,,,,,https://www.nexteraenergyresources.com/forgeview-solar/project-overview.html;https://www.entergy.com/wp-content/uploads/15/Entergy-renewable-portfolio.pdf;https://www.gem.wiki/Forgeview_Solar,operational
,,,United States,us-fort-martin-power-station,,,,39.710833,-79.9275,Fort Martin Power Station,,,reported_or_source_compiled,1152.0,it_load,,,,,,,https://www.gem.wiki/Fort_Martin_power_station,operational
,,,United States,us-fortistar-north-tonawanda-cogeneration-facility,,,,43.0387,-78.8642,Fortistar North Tonawanda Cogeneration Facility,,,reported_or_source_compiled,55.0,it_load,,,,,,,https://dps.ny.gov/event/fortistar-comments-due-fortistar-north-tonawanda-and-digihost-international-petition-transfer,operational
,,,United States,us-fortitude-aurora-nebraska-facility,,,,40.86472,-98.0075,Fortitude Aurora Nebraska Facility,,,reported_or_source_compiled,5.0,it_load,,,,,,,https://www.auroranewsregister.com/news/data-center-be-built-mission-critical;https://www.investing.com/news/company-news/fortitude-mining-acquires-125-mw-nebraska-facility-for-625m-93CH-4833967,operational
,,,United States,us-fortitude-grand-island-nebraska-facility,,,,40.92167,-98.35861,Fortitude Grand Island Nebraska Facility,,,reported_or_source_compiled,12.0,it_load,,,,,,,https://www.theblock.co/post/409899/barry-silbert-zcash-miner-fortitude-nebraska-facility-online-cut-zec-mining-costs;https://www.centralnebraskatoday.com/2026/06/26/data-center-nearing-completion-in-east-grand-island/,operational
,,,United States,us-fortitude-prosser-nebraska-facility,,,,40.6875,-98.57806,Fortitude Prosser Nebraska Facility,,,reported_or_source_compiled,12.5,it_load,,,,,,,https://www.theblock.co/post/410565/dcgs-fortitude-acquires-nebraska-facility-zcash-mining;https://www.hastingstribune.com/news/adams-county-planning-and-zoning-commission-recommends-conditional-use-permit-for-countys-first-data-center/article_b39985d2-ab6e-11ee-9c27-832166c0311a.html;https://www.investing.com/news/company-news/fortitude-mining-acquires-125-mw-nebraska-facility-for-625m-93CH-4833967,operational
,,,United States,us-giga-data-centers-mooresville-campus,,,,35.5634941,-80.8280378,GIGA Data Centers Mooresville Campus,,,reported_or_source_compiled,60.0,it_load,,,,,,,https://baxtel.com/data-center/giga-charlotte-mooresville;https://nominatim.openstreetmap.org/search?format=jsonv2&q=1035%20Mecklenburg%20Highway%2C%20Mooresville%2C%20NC,operational
,,,United States,us-galaxy-helios-data-center-campus,,,,33.72,-100.84,Galaxy Helios Data Center Campus,,,reported_or_source_compiled,200.0,it_load,,,,,,,https://www.datacenterdynamics.com/en/news/galaxy-secures-approval-for-more-than-800mw-at-helios-campus-in-texas/;https://convergedigest.com/coreweave-locks-in-800-mw-at-galaxys-helios-campus-in-texas/;https://www.thetexasspur.com/news/205m-tax-abatement-paves-way-galaxy-growth-dickens-county;https://www.thetexasspur.com/news/galaxy-inks-major-deal-dickens-helios-host-services-coreweave;https://claycorp.com/project/galaxy-digital-helios-renovation;https://www.prnewswire.com/news-releases/galaxy-completes-phase-i-of-its-helios-data-center-campus-delivering-133-megawatts-of-critical-it-load-to-coreweave-302818664.html;https://www.argoblockchain.com/news-room/2022-december-helios-sale-to-galaxy;https://cryptobriefing.com/galaxy-digital-coreweave-200mw-helios-lease/;https://www.datacenterdynamics.com/en/news/galaxy-digital-closes-14bn-debt-facility-for-helios-data-center-campus-in-texas/;https://www.theblock.co/post/407396/galaxy-delivers-133-mw-of-critical-it-load-to-coreweave-as-helios-bitcoin-mine-turns-ai-hub,operational
,,,United States,us-genesis-digital-assets-anderson-bitcoin-mining-data-center,,,,34.5068601,-82.6506264,Genesis Digital Assets Anderson Bitcoin Mining Data Center,,,reported_or_source_compiled,18.0,it_load,,,,,,,https://scbiz.com/bitcoin-miner-opens-three-data-centers-in-anderson-union-counties/;https://nominatim.openstreetmap.org/search?q=Anderson%2C+Anderson+County%2C+South+Carolina&format=json&limit=2,operational
,,,United States,us-genesis-digital-assets-union-lockhart-bitcoin-mining-data-ce,,,,34.7865238,-81.4620402,Genesis Digital Assets Union–Lockhart Bitcoin Mining Data Centers,,,reported_or_source_compiled,15.0,it_load,,,,,,,https://scbiz.com/bitcoin-miner-opens-three-data-centers-in-anderson-union-counties/;https://nominatim.openstreetmap.org/search?q=Lockhart%2C+Union+County%2C+South+Carolina&format=json&limit=2,operational
,,,United States,us-golden-triangle-i-solar-storage,,,,33.4189,-88.6189,Golden Triangle I Solar + Storage,,,reported_or_source_compiled,200.0,it_load,,,,,,,https://origisenergy.com/project/golden-triangle-i-solar-storage/;https://www.gem.wiki/Golden_Triangle_Solar,operational
,,,United States,us-golden-triangle-ii-solar-storage,,,,33.4155,-88.6223,Golden Triangle II Solar + Storage,,,reported_or_source_compiled,150.0,it_load,,,,,,,https://origisenergy.com/project/golden-triangle-ii-solar-storage/;https://www.gem.wiki/Golden_Triangle_Solar,operational
,,,United States,us-google-council-bluffs-data-center,,,,41.167368,-95.792975,Google Council Bluffs Data Center,,,reported_or_source_compiled,407.0,it_load,,,,,,,"https://datacenters.google/locations/iowa/;https://www.arcgis.com/home/item.html?id=597555ce8e4a4892a030784a7c657fdd;https://www.einpresswire.com/article/203308813/google-inc-partners-with-midamerican-energy-to-purchase-407-mw-wind;https://www.environmentenergyleader.com/stories/googles-iowa-data-center-buys-407-mw-of-recs,28158;https://www.datacenterknowledge.com/hyperscalers/iowa-officials-approve-tax-breaks-for-google-data-center-expansion;https://thecurrentga.org/2025/08/26/data-centers-consume-massive-amounts-of-water-companies-rarely-tell-the-public-exactly-how-much/",operational
,,,United States,us-google-the-dalles-data-center-campus,,,,45.5975,-121.1776,Google The Dalles Data Center Campus,,,reported_or_source_compiled,300.0,it_load,,,,,,,"https://en.wikipedia.org/wiki/The_Dalles,_Oregon#Google_data_centers;https://www.datacenterknowledge.com/google/google-s-enormous-the-dalles-data-center;https://www.datacenterdynamics.com/en/news/we-now-know-how-much-water-googles-oregon-data-centers-use-after-city-drops-lawsuit-against-journalists/;https://www.thedalles.org/business/google_data_centers/ezandsipagreements.php;https://mailtribune.com/news/happening-now/google-touts-1-8-billion-investment-in-the-dalles-data-center;https://www.publicpower.org/periodical/article/northern-wasco-pud-supply-power-google-data-centers;https://www.technostatecraft.com/p/how-google-is-reshaping-a-small-oregon;https://www.opb.org/article/2026/01/15/as-googles-water-demands-grow-the-dalles-aims-to-pull-more-from-mount-hood-forest/;https://www.latitudemedia.com/news/data-center-water-use-black-box-google-trying-to-change/;https://waterwatch.org/googles-water-use-is-soaring-in-the-dalles-records-show-with-two-more-data-centers-to-come-2/;https://datacenters.google/locations/oregon/;https://www.datacenterknowledge.com/hyperscalers/google-confirms-600-million-expansion-in-the-dalles",operational
,,,United States,us-grande-prairie-wind-farm,,,,42.5607,-98.4443,Grande Prairie Wind Farm,,,reported_or_source_compiled,400.0,it_load,,,,,,,https://www.gem.wiki/Grande_Prairie_wind_farm;https://dwee.nebraska.gov/state-energy-information/energy-statistics/fuels/wind/wind-energy-generation-nebraska,operational
,,,United States,us-greenidge-generating-station,,,,42.6836,-76.9553,Greenidge Generating Station,,,reported_or_source_compiled,107.0,it_load,,,,,,,https://extapps.dec.ny.gov/docs/administration_pdf/greenidgefinal630.pdf;https://nysfocus.com/2021/04/13/new-york-bitcoin-mining-threat;https://www.amny.com/news/ai-data-centers-big-tech-coming-new-york/,operational
,,,United States,us-greenidge-generation,,,,42.679134,-76.948604,Greenidge Generation,,,reported_or_source_compiled,106.0,it_load,,,,,,,https://dec.ny.gov/news/press-releases/2025/11/dec-statement-regarding-the-greenidge-agreement;https://rochesterbeacon.com/2025/11/11/dec-signs-agreement-with-greenidge-ends-legal-battle/;https://earthjustice.org/press/2024/another-decision-upholds-denial-of-cryptominer-greenidge-generations-air-permit-dec-case-closed;https://www.weny.com/news/nys-dec-greenidge-generation-reach-settlement-dec-will-issue-title-v-air-permit/article_7ee47706-7d4c-4c5a-bb03-98b74d9700bf.html,operational
,,,United States,us-greenidge-underwood-north-dakota,,,,47.4564,-101.1371,Greenidge Underwood (North Dakota),,,reported_or_source_compiled,7.5,it_load,,,,,,,https://www.sec.gov/Archives/edgar/data/1844971/000184497124000010/ex991pressrelease3-11x2024.htm;https://www.sec.gov/Archives/edgar/data/1844971/000162828025051859/gree-20250930.htm;https://www.sec.gov/Archives/edgar/data/0001844971/000162828026035547/gree-20260331.htm,operational
,,,United States,us-greensparc-cordova-data-center-humpback-creek-hydro,,,,60.6099,-145.644,Greensparc Cordova Data Center (Humpback Creek Hydro),,,reported_or_source_compiled,0.17,it_load,,,,,,,https://thecordovatimes.com/2024/04/29/new-data-center-launched-at-cec-hydro-plant-bringing-data-hosting-cloud-service-opportunities-to-community/;https://www.akbizmag.com/industry/telecom-tech/greensparc-brings-reliable-powerful-computing-infrastructure-to-cordova/;https://cleantechnica.com/2026/03/09/in-alaska-a-data-center-inside-a-power-plant-inside-a-microgrid/,operational
,,,United States,us-h5-data-centers-buffalo-i-formerly-yahoo-lockport,,,,43.16879237433895,-78.7516290070774,H5 Data Centers Buffalo I (formerly Yahoo Lockport),,,reported_or_source_compiled,15.0,it_load,,,,,,,https://www.datacenterdynamics.com/en/news/h5-acquires-new-york-data-centers-from-yahoo-in-sale-leaseback-deal/;https://www.btpm.org/local/2025-01-22/yahoo-lockport-data-center-sold-for-49-million;https://www.datacenterdynamics.com/en/analysis/yahoos-compute-coop-is-not-for-chickens/;https://gis.niagaracounty.com/arcgis/rest/services/NC_GIS/NC_GIS/FeatureServer/4/query?where=SBL%3D%271080000001064000%27&outFields=*&outSR=4326&f=json;https://www.arcgis.com/home/item.html?id=597555ce8e4a4892a030784a7c657fdd;https://www.datacenterknowledge.com/energy-power-supply/yahoo-gets-power-for-buffalo-expansion;https://www.datacenterknowledge.com/build-design/yahoo-launches-second-computing-coop-data-center-in-new-york-state;https://investigativepost.org/2026/07/21/hochul-wants-ban-on-tax-breaks-for-data-centers/,operational
,,,United States,us-h5-data-centers-buffalo-ii,,,,43.16967580851366,-78.74808845761379,H5 Data Centers Buffalo II,,,reported_or_source_compiled,7.2,it_load,,,,,,,https://baxtel.com/data-center/h5-buffalo-ii;https://www.datacenterdynamics.com/en/news/h5-acquires-new-york-data-centers-from-yahoo-in-sale-leaseback-deal/;https://gis.niagaracounty.com/arcgis/rest/services/NC_GIS/NC_GIS/FeatureServer/4/query?where=PrclNumb%3D%275365%27+AND+PrclStreet+LIKE+%27%25CROWN%25%27&outFields=*&outSR=4326&f=json;https://www.arcgis.com/home/item.html?id=597555ce8e4a4892a030784a7c657fdd;https://www.datacenterknowledge.com/build-design/yahoo-launches-second-computing-coop-data-center-in-new-york-state,operational
,,,United States,us-h5-data-centers-denver-denver-tech-center-campus,,,,39.6167549,-104.8916814,H5 Data Centers Denver (Denver Tech Center campus),,,reported_or_source_compiled,17.5,it_load,,,,,,,https://h5datacenters.com/denver-data-center.html;https://h5datacenters.com/denver-colocation.html,operational
,,,United States,us-h5-data-centers-omaha-la-vista,,,,41.166,-96.075,H5 Data Centers Omaha (La Vista),,,reported_or_source_compiled,17.3,it_load,,,,,,,https://h5datacenters.com/omaha-data-center.html;http://web.archive.org/web/20250830145932/https://www.datacenterdynamics.com/en/news/1623-farnam-adds-15mw-to-omaha-data-center-in-nebraska/,operational
,,,United States,us-h5-data-centers-phoenix-chandler,,,,33.2769786,-111.8860302,H5 Data Centers Phoenix (Chandler),,,reported_or_source_compiled,26.0,it_load,,,,,,,https://h5datacenters.com/phoenix-data-center.html,operational
,,,United States,us-h5-data-centers-portland,,,,45.5318147,-122.6839805,H5 Data Centers Portland,,,reported_or_source_compiled,2.0,it_load,,,,,,,https://h5datacenters.com/portland-data-center.html,operational
,,,United States,us-harvest-gold-solar,,,,33.505,-90.636,Harvest Gold Solar,,,reported_or_source_compiled,99.0,it_load,,,,,,,https://www.eia.gov/electricity/data/eia860m/xls/july_generator2026.xlsx,operational
,,,United States,us-hattiesburg-solar-farm,,,,31.275828,-89.30116,Hattiesburg Solar Farm,,,reported_or_source_compiled,50.0,it_load,,,,,,,https://www.eia.gov/electricity/data/eia860m/xls/july_generator2026.xlsx,operational
,,,United States,us-haystack-wind-project,,,,42.2605,-97.1983,Haystack Wind Project,,,reported_or_source_compiled,298.0,it_load,,,,,,,https://www.gem.wiki/Haystack_Wind_Project;https://dwee.nebraska.gov/state-energy-information/energy-statistics/fuels/wind/wind-energy-generation-nebraska,operational
,,,United States,us-hayward-exchange-92-data-center,,,,37.631411,-122.119608,Hayward Exchange @92 Data Center,,,reported_or_source_compiled,49.0,it_load,,,,,,,https://www.hayward-ca.gov/business/for-developers/data-center-development-applications;https://www.graywolf.com/projects/data-centers/hayward-exchange-92-data-center/;https://nominatim.openstreetmap.org/search?format=jsonv2&q=25800%20Clawiter%20Road%2C%20Hayward%2C%20CA,operational
,,,United States,us-holliday-creek-solar,,,,42.5671497,-94.101957,Holliday Creek Solar,,,reported_or_source_compiled,100.0,it_load,,,,,,,https://www.midamericanenergy.com/newsroom/2022-holliday-creek;https://api.openstreetmap.org/api/0.6/relation/15697742.json,operational
,,,United States,us-honda-data-center-1601-dry-creek-drive,,,,40.139512,-105.1361216,Honda Data Center (1601 Dry Creek Drive),,,reported_or_source_compiled,1.6,it_load,,,,,,,https://baxtel.com/data-center/honda-longmont,operational
,,,United States,us-huckleberry-solar,,,,36.2544,-95.3975,Huckleberry Solar,,,reported_or_source_compiled,125.0,it_load,,,,,,,https://www.lreus.com/lre-celebrates-major-milestones-across-725-mw-oklahoma-solar-portfolio-supporting-google-operations-and-regional-power-demand/;https://www.lreus.com/projects/mayes-county-solar/;https://www.gem.wiki/Huckleberry_solar_farm,operational
,,,United States,us-hut-8-salt-creek-facility,,,,31.825,-103.909,Hut 8 Salt Creek Facility,,,reported_or_source_compiled,63.0,it_load,,,,,,,https://www.globenewswire.com/news-release/2024/04/16/2863407/0/en/Hut-8-optimizes-self-mining-operations-as-miners-come-online-at-Salt-Creek.html;https://www.globenewswire.com/news-release/2025/03/31/3052066/0/en/Hut-8-and-Eric-Trump-Launch-American-Bitcoin-to-Set-a-New-Standard-in-Bitcoin-Mining.html;https://cdn.kscope.io/4a3545ac7cd83ed5809d42e808998efa.pdf;https://baxtel.com/data-center/hut-8-culberson-county-tx;https://www.tshaonline.org/handbook/entries/orla-tx,operational
,,,United States,us-hut-8-vega-facility,,,,35.207,-101.834,Hut 8 Vega Facility,,,reported_or_source_compiled,205.0,it_load,,,,,,,https://www.sec.gov/Archives/edgar/data/1964789/000110465926055891/hut-20260331x10q.htm;https://fortune.com/article/eric-trump-donald-trump-american-bitcoin-newest-arm-trump-crypto-empire/,operational
,,,United States,us-hyperscale-data-dowagiac-campus,,,,41.984,-86.109,Hyperscale Data Dowagiac Campus,,,reported_or_source_compiled,30.0,it_load,,,,,,,https://www.dbusiness.com/daily-news/hyperscale-datas-michigan-ai-data-center-doubles-its-land-holdings;https://wwmt.com/news/local/ai-data-center-expansion-dowagiac-loud-noise-complaints-residents-southwest-michigan-hyperscale-megawatt-bitcoin-wwmt;https://seekingalpha.com/pr/20171525-hyperscale-data-targets-full-buildout-of-340-mw-michigan-ai-data-center-campus-in-2029;https://wwmt.com/news/local/hyperscale-data-center-dowagiac-michigan-lawsuit-double-size-acres-acquire-land-noise-sue-ai-alliance-cloud-services-legal-class-action-wwmt;https://www.tftc.io/hyperscale-data-bitcoin-mining-shutdown-dowagiac-ai-data-center;https://www.sec.gov/Archives/edgar/data/0000896493/000121465926009551/ex99_1.htm;https://www.sec.gov/Archives/edgar/data/0000896493/000121465926007477/ex99_1.htm,operational
,,,United States,us-ip-pathways-urbandale-data-center,,,,41.6275758,-93.7672535,IP Pathways Urbandale Data Center,,,reported_or_source_compiled,5.0,it_load,,,,,,,https://www.ippathways.com/solutions/data-center-and-colocation/,operational
,,,United States,us-idaho-national-laboratory-collaborative-computing-center-c3,,,,43.4666,-112.0341,Idaho National Laboratory Collaborative Computing Center (C3),,,reported_or_source_compiled,4.0,it_load,,,,,,,https://jedunn.com/projects/idaho-national-laboratory-c3-data-centers/;https://aeieng.com/markets/project/idaho-national-laboratory-the-collaborative-computing-center-c3,operational
,,,United States,us-innova-data-center-mesa-del-sol,,,,35.0,-106.63,Innova Data Center (Mesa del Sol),,,reported_or_source_compiled,8.0,it_load,,,,,,,https://www.datacenterknowledge.com/archives/2015/06/29/navajo-owned-data-center-offers-way-to-diversify-tribes-revenue-base-beyond-casinos,operational
,,,United States,us-intermountain-power-project-ipp-renewed,,,,39.51034,-112.57998,Intermountain Power Project (IPP Renewed),,,reported_or_source_compiled,840.0,it_load,,,,,,,https://www.ipautah.com/ipp-renewed/;https://power.mhi.com/regions/amer/success-stories/ipp-renewed;https://daqpermitting.utah.gov/DocViewer?IntDocID=158288&contentType=application/pdf;https://ipprenewed.com/about/,operational
,,,United States,us-iris-solar,,,,30.78184,-90.19536,Iris Solar,,,reported_or_source_compiled,50.0,it_load,,,,,,,https://www.entergy.com/news/new-iris-solar-facility-online-serving-customers;https://www.entergy.com/wp-content/uploads/15/Entergy-renewable-portfolio.pdf;https://services2.arcgis.com/FiaPA4ga0iQKduv3/arcgis/rest/services/Power_Plants_in_the_US/FeatureServer/0/query?where=State%3D%27Louisiana%27+AND+PrimSource%3D%27solar%27&outFields=*&f=json&resultRecordCount=200,operational
,,,United States,us-iron-mountain-azp-3,,,,33.4565458,-111.9719014,Iron Mountain AZP-3,,,reported_or_source_compiled,36.0,it_load,,,,,,,https://www.ironmountain.com/data-centers/locations/na/phoenix;https://baxtel.com/data-center/iron-mountain-azp3,operational
,,,United States,us-iron-mountain-azs-1,,,,33.6446663,-111.8960985,Iron Mountain AZS-1,,,reported_or_source_compiled,5.8,it_load,,,,,,,https://www.ironmountain.com/data-centers/locations/scottsdale-data-center;https://www.openstreetmap.org/node/11018926315,operational
,,,United States,us-iron-mountain-boston-data-center-bos-1,,,,42.34088,-71.63706,Iron Mountain Boston Data Center (BOS-1),,,reported_or_source_compiled,1.2,it_load,,,,,,,https://www.ironmountain.com/data-centers/locations/boston-data-center;https://www.peeringdb.com/fac/6339,operational
,,,United States,us-iron-mountain-chi-1,,,,42.0116575,-87.8811913,Iron Mountain CHI-1,,,reported_or_source_compiled,12.0,it_load,,,,,,,https://www.ironmountain.com/data-centers/locations/chicago-data-center;https://dceo.illinois.gov/content/dam/soi/en/web/dceo/aboutdceo/reportsrequiredbystatute/2025-data-centers-annual-report.pdf,operational
,,,United States,us-iron-mountain-den-1-denver-data-center,,,,39.7773827,-104.9695542,Iron Mountain DEN-1 Denver Data Center,,,reported_or_source_compiled,14.4,it_load,,,,,,,https://resources.ironmountain.com/solution-guides/d/data-centers-denver-den-1;https://datacenterhawk.com/marketplace/providers/iron-mountain-data-centers/4300-brighton-boulevard/den-1,operational
,,,United States,us-iron-mountain-data-centers-nje-1,,,,40.5210834,-74.3473835,Iron Mountain Data Centers NJE-1,,,reported_or_source_compiled,30.0,it_load,,,,,,,https://www.ironmountain.com/data-centers/locations/new-jersey-data-center;https://datacenterhawk.com/marketplace/providers/iron-mountain-data-centers/3003-woodbridge-avenue/nje-1;https://www.openstreetmap.org/way/204316962,operational
,,,United States,us-iron-mountain-ohs-1-miamisburg,,,,39.6428362,-84.2866083,Iron Mountain OHS-1 (Miamisburg),,,reported_or_source_compiled,1.4,it_load,,,,,,,https://www.ironmountain.com/data-centers/locations/ohio-data-center;https://baxtel.com/data-center/lexisnexis-springboro,operational
,,,United States,us-iron-mountain-va-4,,,,38.7744146,-77.54223,Iron Mountain VA-4,,,reported_or_source_compiled,32.0,it_load,,,,,,,https://www.ironmountain.com/data-centers/locations/virginia-data-center;https://www.openstreetmap.org/way/1287260556,operational
,,,United States,us-iron-mountain-va-6,,,,38.7681429,-77.5386481,Iron Mountain VA-6,,,reported_or_source_compiled,32.0,it_load,,,,,,,https://www.datacentermap.com/usa/virginia/manassas/iron-mountain-va-6/;https://www.openstreetmap.org/way/1304357577,operational
,,,United States,us-jigowatt-stanton-bitcoin-mine,,,,41.94722,-97.21722,Jigowatt Stanton Bitcoin Mine,,,reported_or_source_compiled,20.0,it_load,,,,,,,https://flatwaterfreepress.org/crypto-needs-cheap-energy-it-found-a-whole-bunch-in-nebraska/;https://www.ktiv.com/2024/04/30/bitcoin-descended-small-nebraska-county-bringing-big-business-with-big-complaints-neighbors/;https://www.1011now.com/2025/06/28/nebraska-crypto-company-wants-get-bigger-landowners-decry-nppds-use-eminent-domain-that-will-help-it-grow/;https://www.norfolkneradio.com/news/many-positives-and-negatives-coming-from-new-data-mining-facility-in-stanton-county/article_3e1b0ed2-9b85-11ee-b6c5-1b766c2bde62.html;https://flatwaterfreepress.org/a-nebraska-crypto-company-wants-to-get-bigger-landowners-decry-nppds-use-of-eminent-domain-that-will-help-it-grow/,operational
,,,United States,us-king-mountain-facility-50-jv,,,,31.2547925,-102.244163,King Mountain Facility (50% JV),,,reported_or_source_compiled,280.0,it_load,,,,,,,https://www.sec.gov/Archives/edgar/data/1964789/000110465926055891/hut-20260331x10q.htm,operational
,,,United States,us-kyndryl-research-triangle-park-data-center,,,,35.9125498,-78.8580709,Kyndryl Research Triangle Park Data Center,,,reported_or_source_compiled,7.4,it_load,,,,,,,https://baxtel.com/data-center/kyndryl-research-triangle-park;https://baxtel.com/data-center/raleigh;https://nominatim.openstreetmap.org/search?format=jsonv2&q=3039%20East%20Cornwallis%20Road%2C%20Durham%2C%20NC,operational
,,,United States,us-ln-compute-cuthbert-bitcoin-mine,,,,31.77083,-84.79361,LN Compute Cuthbert Bitcoin Mine,,,reported_or_source_compiled,7.0,it_load,,,,,,,https://www.walb.com/2025/09/25/new-crypto-mine-could-pump-millions-into-south-georgia-community/;https://www.datacentermap.com/usa/georgia/cuthbert/ln-compute-cuthbert/,operational
,,,United States,us-lambert-solar-project-lambert-i-and-ii,,,,33.3260004,-79.5722883,Lambert Solar Project (Lambert I and II),,,reported_or_source_compiled,200.0,it_load,,,,,,,https://www.santeecooper.com/community/generation-projects/;https://www.siliconranch.com/stories/santee-cooper-contracts-for-new-solar-power-contracts-involve-four-developers-multiple-locations/,operational
,,,United States,us-lancium-clean-campus-crusoe-stargate-site-1,,,,32.502213,-99.788717,Lancium Clean Campus (Crusoe / Stargate Site 1),,,reported_or_source_compiled,200.0,it_load,,,,,,,https://www.prnewswire.com/news-releases/taylor-county-and-city-of-abilene-announce-historic-partnership-with-lancium-for-development-of-a-2-4-billion-data-center-campus-301449354.html;https://www.datacenterdynamics.com/en/news/crusoe-begins-construction-on-second-phase-of-abilene-texas-data-center-campus-will-add-six-buildings/;https://www.datacenterfrontier.com/hyperscale/article/55276169/crusoe-adds-45-gw-natural-gas-to-fuel-ai-expands-abilene-data-center-to-12-gw;https://ktxs.com/news/local/lancium-crusoe-executives-brief-abilene-leaders-on-major-northside-investment;https://bitcoinmagazine.com/business/city-of-abilene-taylor-county-to-build-billion-data-center-host-bitcoin-mining,operational
,,,United States,us-lancium-fort-stockton-clean-campus,,,,30.894,-102.879,Lancium Fort Stockton Clean Campus,,,reported_or_source_compiled,25.0,it_load,,,,,,,https://www.prnewswire.com/news-releases/lancium-breaks-ground-on-first-clean-campus-in-fort-stockton-texas-301377974.html;https://www.prnewswire.com/news-releases/lanciums-fort-stockton-facility-qualifies-as-ercot-controllable-load-resource-301666370.html,operational
,,,United States,us-lightedge-chaska-fka-stream-data-centers-minneapolis-i,,,,44.828,-93.635,LightEdge Chaska (fka Stream Data Centers Minneapolis I),,,reported_or_source_compiled,3.6,it_load,,,,,,,https://www.prnewswire.com/news-releases/lightedge-acquires-top-tier-high-density-data-center-in-minneapolis-302037017.html;https://www.datacenterdynamics.com/en/news/gi-partners-lightedge-acquires-stream-dc-data-center-in-minneapolis-minnesota/;https://www.lightedge.com/data-center-locations/minneapolis/;https://www.peeringdb.com/api/fac?state=MN&country=US,operational
,,,United States,us-lindsay-hill-generating-station,,,,32.6525824,-86.738749,Lindsay Hill Generating Station,,,reported_or_source_compiled,900.0,it_load,,,,,,,https://www.power-eng.com/gas/renewable-energy-advocates-challenge-alabama-powers-request-to-buy-natural-gas-plant/;https://overpass-api.de/api/interpreter;https://www.sec.gov/Archives/edgar/data/3153/000009212224000089/R50.htm,operational
,,,United States,us-little-blue-wind-project,,,,40.2863,-98.5777,Little Blue Wind Project,,,reported_or_source_compiled,249.6,it_load,,,,,,,https://www.gem.wiki/Little_Blue_Wind_Project;https://dwee.nebraska.gov/state-energy-information/energy-statistics/fuels/wind/wind-energy-generation-nebraska,operational
,,,United States,us-long-lake-solar,,,,34.4686,-90.6151,Long Lake Solar,,,reported_or_source_compiled,200.0,it_load,,,,,,,https://www.prnewswire.com/news-releases/d-e-shaw-renewable-investments-desri-announces-signing-of-200-mwac-arkansas-clean-power-project-with-meta-301690881.html;https://www.gem.wiki/Long_Lake_Phillips_solar_farm;https://cleanview.co/power-projects/operating/solar-farms/arkansas,operational
,,,United States,us-long-ridge-hannibal-power-plant,,,,39.6603665,-80.869646,Long Ridge Hannibal Power Plant,,,reported_or_source_compiled,485.0,it_load,,,,,,,https://www.longridgeenergy.com/projects,operational
,,,United States,us-longview-power-plant,,,,39.707893,-79.95897,Longview Power Plant,,,reported_or_source_compiled,700.0,it_load,,,,,,,https://wvpublic.org/story/energy-environment/aep-to-buy-longview-power-plant/;https://www.gem.wiki/Longview_Plant;https://wvmetronews.com/2026/08/01/aep-buys-maidsville-coal-fired-plant-acquires-permits-for-natural-gas-expansion-on-the-site/,operational
,,,United States,us-lumen-ogden-1,,,,41.223,-111.97384,Lumen Ogden 1,,,reported_or_source_compiled,3.0,it_load,,,,,,,https://d36oiwf74r1rap.cloudfront.net/wp-content/uploads/2026/04/Data-Center-Growth-FS-Apr2026.pdf;https://www.ogdencity.gov/1216/RDA-Projects,operational
,,,United States,us-lumen-salt-lake-city-sites-salt-lake-1-2-and-4,,,,40.75962,-111.8868,"Lumen Salt Lake City Sites (Salt Lake 1, 2 and 4)",,,reported_or_source_compiled,6.0,it_load,,,,,,,https://d36oiwf74r1rap.cloudfront.net/wp-content/uploads/2026/04/Data-Center-Growth-FS-Apr2026.pdf;https://baxtel.com/data-center/lumen-salt-lake-1;https://baxtel.com/data-center/lumen-salt-lake-2;https://cra.slc.gov/project-areas/,operational
,,,United States,us-lumen-sunnyvale-1,,,,37.3734695,-121.9878002,Lumen Sunnyvale 1,,,reported_or_source_compiled,6.0,it_load,,,,,,,https://www.datacenters.com/lumen-sunnyvale-1;https://www.openstreetmap.org/way/37877544;https://www.arcgis.com/home/item.html?id=597555ce8e4a4892a030784a7c657fdd,operational
,,,United States,us-lunavi-cheyenne-data-center,,,,41.11,-104.78,Lunavi Cheyenne Data Center,,,reported_or_source_compiled,5.0,it_load,,,,,,,https://www.lunavi.com/data-centers/cheyenne;https://www.1547realty.com/data-center/cheyenne-wy-chwy1/;https://wyoleg.gov/InterimCommittee/2026/09-202606049-05WBCMaterialsPreparedforJointMinerals06052026.pdf;https://wyoleg.gov/InterimCommittee/2026/02-2026062202-02_WBCMaterials.pdf,operational
,,,United States,us-mara-findlay-data-center,,,,41.0442,-83.6499,MARA Findlay Data Center,,,reported_or_source_compiled,30.0,it_load,,,,,,,https://ir.mara.com/news-events/press-releases/detail/1375/mara-adds-372-megawatts-of-capacity-in-ohio-with-152-megawatts-operational-and-220-megawatts-in-development;https://www.globenewswire.com/news-release/2024/11/11/2978305/0/en/MARA-Adds-372-Megawatts-of-Capacity-in-Ohio-with-152-Megawatts-Operational-and-220-Megawatts-in-Development.html;https://baxtel.com/data-center/mara-findlay-ohio,operational
,,,United States,us-mara-flared-stranded-gas-mining-fleet-tx-nd,,,,31.87,-102.37,MARA Flared/Stranded-Gas Mining Fleet (TX + ND),,,reported_or_source_compiled,25.0,it_load,,,,,,,https://ir.mara.com/news-events/press-releases/detail/1394/mara-announces-bitcoin-production-and-mining-operation-updates-for-april-2025;https://k33.com/research/archive/articles/bitcoin-mining-using-stranded-natural-gas-is-the-most-cost-effective-way-to,operational
,,,United States,us-mara-granbury-facility,,,,32.4427,-97.7871,MARA Granbury Facility,,,reported_or_source_compiled,300.0,it_load,,,,,,,https://www.sec.gov/Archives/edgar/data/1507605/000150760526000007/mara-20251231.htm;https://baxtel.com/data-center/marathon-digital-granbury-tx;https://www.texastribune.org/2025/10/09/texas-hood-county-crypto-noise-incorporate-city/,operational
,,,United States,us-mara-kearney-facility,,,,40.728341,-99.045806,MARA Kearney Facility,,,reported_or_source_compiled,100.0,it_load,,,,,,,https://www.sec.gov/Archives/edgar/data/1507605/000150760526000007/mara-20251231.htm;https://baxtel.com/data-centers/mara-holdings;https://bitcoinmagazine.com/business/compute-north-announces-nebraska-colocation-center-for-bitcoin-mining,operational
,,,United States,us-marathon-digital-garden-city-facility,,,,31.8724,-101.4849,Marathon Digital Garden City Facility,,,reported_or_source_compiled,200.0,it_load,,,,,,,https://ir.applieddigital.com/news-events/press-releases/detail/89/applied-digital-announces-agreement-to-sell-garden-city;https://finance.yahoo.com/news/applied-digital-announces-agreement-sell-120000361.html;https://theminermag.com/news/2024-03-15/marathon-bitcoin-mining-applied-digital-garden-city-acquire,operational
,,,United States,us-markley-group-boston-one-summer-street-bosix,,,,42.3545151,-71.0595422,Markley Group Boston (One Summer Street / BOSIX),,,reported_or_source_compiled,30.0,it_load,,,,,,,https://www.datacentermap.com/usa/massachusetts/boston/one-summer-st/;https://www.bostonglobe.com/2025/05/20/business/macys-closing-stores-downtown-boston-data-center/;https://www.wbur.org/news/2026/04/06/data-centers-ai-massachusetts-pollution-pushback;https://www.peeringdb.com/fac/219,operational
,,,United States,us-massachusetts-green-high-performance-computing-center,,,,42.20285,-72.60693,Massachusetts Green High Performance Computing Center,,,reported_or_source_compiled,15.0,it_load,,,,,,,https://en.wikipedia.org/wiki/Massachusetts_Green_High_Performance_Computing_Center;https://mghpcc.org/;https://arcgisserver.digital.mass.gov/arcgisserver/rest/services/AGOL/L3_Parcels_FeatureService_4326/FeatureServer/1/query?where=MAP_PAR_ID%3D%27020-02-003%27&outFields=*&f=json;https://www.arcgis.com/home/item.html?id=597555ce8e4a4892a030784a7c657fdd;https://www.mghpcc.org/directions-map/;https://tig.csail.mit.edu/hardware/mghpcc/,operational
,,,United States,us-menlo-digital-chicago-exchange-601-west-polk,,,,41.8716062,-87.6430697,Menlo Digital Chicago Exchange (601 West Polk),,,reported_or_source_compiled,8.0,it_load,,,,,,,https://www.menloequities.com/properties/601-polk-west-polk-street/;https://blockclubchicago.org/2026/08/12/data-centers-are-popping-up-everywhere-in-chicago-heres-where-and-why-theyre-controversial/,operational
,,,United States,us-meridian-iii-solar,,,,32.453955,-88.54948,Meridian III Solar,,,reported_or_source_compiled,52.5,it_load,,,,,,,https://www.eia.gov/electricity/data/eia860m/xls/july_generator2026.xlsx,operational
,,,United States,us-merkle-standard-usk-facility,,,,48.3079,-117.2848,Merkle Standard Usk Facility,,,reported_or_source_compiled,100.0,it_load,,,,,,,https://www.cascadepbs.org/news/2022/11/tiny-eastern-wa-town-could-become-bitcoin-mining-hub/,operational
,,,United States,us-meta-altoona-data-center-campus,,,,41.6459,-93.4696,Meta Altoona Data Center Campus,,,reported_or_source_compiled,350.0,it_load,,,,,,,"https://www.datacenterfrontier.com/cloud/article/11427725/meta-adds-more-data-centers-in-iowa-pushing-campus-to-5-million-sf;https://engineering.fb.com/2024/03/12/data-center-engineering/building-metas-genai-infrastructure/;https://www.datacenterdynamics.com/en/news/meta-signs-225mw-wind-ppa-in-iowa/;https://www.constructiondive.com/news/facebook-receives-tax-incentive-to-build-fifth-altoona-iowa-data-center/554481/;https://kdsm17.com/news/local/how-much-water-do-iowa-data-centers-use;https://www.warrencountyrecord.com/stories/trip-to-iowa-gives-officials-close-look-at-meta-data-center,163085;https://datacenters.atmeta.com/2021/12/meta-announces-new-expansion-to-altoona-campus-new-hardhat-in-hand-graduates/;https://datacenters.atmeta.com/asset/altoona-data-center-info-sheet/",operational
,,,United States,us-meta-gallatin-data-center-campus,,,,36.3884,-86.4369,Meta Gallatin Data Center Campus,,,reported_or_source_compiled,300.0,it_load,,,,,,,https://www.datacenterdynamics.com/en/news/meta-brings-data-centers-in-tents-to-gallatin-tennessee/;https://www.weku.org/amsn/2025-11-25/tennessee-has-60-data-centers-nashville-probably-has-more-than-you-think;https://ttc.tml1.org/2024/11/15/meta-data-center-begins-operations-gallatin;https://www.pascalforgallatin.com/post/why-is-gallatin-giving-woolhawk-a-tax-break-when-they-are-considering-raising-our-property-taxes;https://w.media/meta-expands-gallatin-data-center-with-nearly-1b-total-investment/;https://datacenters.atmeta.com/2024/11/gallatin-we-are-online/;https://wpln.org/post/gallatin-offers-a-glimpse-at-hyperscale-data-center-experiences/;https://datacenters.atmeta.com/asset/gallatin-data-center-info-sheet/,operational
,,,United States,us-meta-huntsville-data-center-campus,,,,34.726,-86.647,Meta Huntsville Data Center Campus,,,reported_or_source_compiled,487.0,it_load,,,,,,,https://www.datacenterdynamics.com/en/news/metas-huntsville-alabama-data-center-expansion-next-to-be-stopped-amid-ai-pivot/;https://baxtel.com/data-center/meta-huntsville-campus;https://whnt.com/news/huntsville/facebook-parent-company-meta-invests-1-5-billion-in-huntsville-data-center/;https://datacenters.atmeta.com/asset/huntsville-data-center-info-sheet/;https://huntsvillebusinessjournal.com/news/2026/09/23/are-more-data-centers-coming-to-north-alabama-what-local-leaders-are-saying/,operational
,,,United States,us-meta-mesa-data-center,,,,33.3375358,-111.6355386,Meta Mesa Data Center,,,reported_or_source_compiled,50.0,it_load,,,,,,,https://datacenters.atmeta.com/2025/01/mesa-we-are-online/;https://baxtel.com/data-center/meta-mesa-az-campus;https://media.srpnet.com/meta-teams-up-with-srp-and-rsted-to-support-data-center-with-clean-energy-from-new-solar-and-battery--project/;https://datacenters.atmeta.com/asset/mesa-data-center-info-sheet/;https://www.aztechcouncil.org/meta-expands-plans-for-proposed-large-scale-mesa-data-center/;https://legistar1.granicus.com/Mesa/attachments/7e390610-b558-426d-aa10-c7aa2825530d.doc,operational
,,,United States,us-meta-prineville-data-center-campus,,,,44.3042,-120.8515,Meta Prineville Data Center Campus,,,reported_or_source_compiled,400.0,it_load,,,,,,,https://en.wikipedia.org/wiki/Meta_Platforms#Data_centers;https://sustainability.fb.com/report/2023-sustainability-report/;https://datacenters.atmeta.com/asset/prineville-data-center-info-sheet/;https://bendbulletin.com/2024/05/09/prineville-doubles-down-on-water-conservation-with-tech-giant-backed-project/;https://www.bendsource.com/news/localnews/prineville-wants-more-out-of-its-next-data-center-deal/;https://www.datacenterfrontier.com/cloud/article/11430439/facebook-unveils-major-data-center-campus-expansion-in-prineville;https://datacenters.atmeta.com/asset/prineville-data-center-info-sheet/,operational
,,,United States,us-meta-temple-data-center,,,,31.1399225,-97.3812992,Meta Temple Data Center,,,reported_or_source_compiled,152.0,it_load,,,,,,,https://www.kwtx.com/2026/07/22/meta-goes-live-temple-with-12-billion-ai-data-center/;https://jedunn.com/projects/meta-temple-data-center/,operational
,,,United States,us-microsoft-northlake-data-center,,,,41.9231062,-87.9182633,Microsoft Northlake Data Center,,,reported_or_source_compiled,158.0,it_load,,,,,,,https://dceo.illinois.gov/content/dam/soi/en/web/dceo/aboutdceo/reportsrequiredbystatute/2025-data-centers-annual-report.pdf;https://baxtel.com/data-center/microsoft-chicago-northlake,operational
,,,United States,us-midamerican-energy-knoxville-battery-storage,,,,41.315934,-93.0608256,MidAmerican Energy Knoxville Battery Storage,,,reported_or_source_compiled,1.0,it_load,,,,,,,https://www.midamericanenergy.com/battery-storage;https://api.openstreetmap.org/api/0.6/way/1088636714.json,operational
,,,United States,us-milligan-i-wind-project,,,,40.5011,-97.3903,Milligan I Wind Project,,,reported_or_source_compiled,300.0,it_load,,,,,,,https://www.edf-re.com/press-release/edf-renewables-north-america-acquires-nebraska-wind-project/;https://oppdthewire.com/new-agreement-provides-oppd-with-300-megawatts-of-wind-energy/,operational
,,,United States,us-moonshot-solar,,,,30.437172,-89.5029,Moonshot Solar,,,reported_or_source_compiled,78.5,it_load,,,,,,,https://www.eia.gov/electricity/data/eia860m/xls/july_generator2026.xlsx,operational
,,,United States,us-moses-lake-facility,,,,47.1301,-119.2781,Moses Lake Facility,,,reported_or_source_compiled,18.0,it_load,,,,,,,https://www.sec.gov/Archives/edgar/data/1812477/000121390021058326/ea150439ex99-1_bitfarms.htm;https://www.sec.gov/Archives/edgar/data/1812477/000121390025109575/ea026548201ex99-2_bitfarms.htm;https://www.sec.gov/Archives/edgar/data/1812477/000121390026037514/ea0282809-10k_bitfarms.htm;https://www.crypto-reporter.com/newsfeed/keel-infrastructure-reports-second-quarter-2026-results-130053/,operational
,,,United States,us-mount-storm-power-station,,,,39.200531,-79.264722,Mount Storm Power Station,,,reported_or_source_compiled,1662.0,it_load,,,,,,,https://www.gem.wiki/Mount_Storm_power_station;https://governor.wv.gov/article/governor-morrisey-announces-26-gw-natural-gas-power-plant-grant-county-existing-coal,operational
,,,United States,us-nest-campus-cogeneration-plant,,,,40.67905,-74.27169,NEST Campus Cogeneration Plant,,,reported_or_source_compiled,25.0,it_load,,,,,,,https://heatmap.news/technology/coreweave-natural-gas;https://www.nestcenter.com;https://www.onyxequities.com/portfolio/northeast-science-and-technology-center-nest/,operational
,,,United States,us-njfx-cable-landing-station-campus,,,,40.1615781,-74.0531626,NJFX Cable Landing Station Campus,,,reported_or_source_compiled,12.0,it_load,,,,,,,https://njfx.net/ecosystem-of-carriers/campus-detail/;https://njfx.net/njfx-advances-campus-for-ai-infrastructure/;https://nominatim.openstreetmap.org/search?q=NJFX+Wall+Township+New+Jersey&format=json&addressdetails=1&limit=5,operational
,,,United States,us-ntt-ashburn-va1-data-center,,,,39.0227436,-77.4548911,NTT Ashburn VA1 Data Center,,,reported_or_source_compiled,12.6,it_load,,,,,,,https://services.global.ntt/en-us/services-and-products/global-data-centers/global-locations/americas/ashburn-va-1-data-center;https://www.openstreetmap.org/way/300163083;https://www.arcgis.com/home/item.html?id=597555ce8e4a4892a030784a7c657fdd,operational
,,,United States,us-ntt-ashburn-va2-data-center,,,,39.0250127,-77.4576402,NTT Ashburn VA2 Data Center,,,reported_or_source_compiled,14.0,it_load,,,,,,,https://services.global.ntt/en-us/services-and-products/global-data-centers/global-locations/americas/ashburn-va-2-data-center;https://www.openstreetmap.org/way/610977485;https://www.arcgis.com/home/item.html?id=597555ce8e4a4892a030784a7c657fdd;https://www.deq.virginia.gov/home/showpublisheddocument/25821/638628728843130000,operational
,,,United States,us-ntt-ashburn-va5-data-center,,,,39.0183033,-77.472611,NTT Ashburn VA5 Data Center,,,reported_or_source_compiled,32.0,it_load,,,,,,,https://services.global.ntt/en-us/services-and-products/global-data-centers/global-locations/americas/ashburn-va-5-data-center;https://www.openstreetmap.org/way/793888429;https://www.arcgis.com/home/item.html?id=597555ce8e4a4892a030784a7c657fdd,operational
,,,United States,us-ntt-chicago-ch1-data-center,,,,41.9879619,-88.0072217,NTT Chicago CH1 Data Center,,,reported_or_source_compiled,36.0,it_load,,,,,,,https://services.global.ntt/en-us/services-and-products/global-data-centers/global-locations/americas/chicago-ch1-data-center;https://www.openstreetmap.org/way/1154636644;https://www.arcgis.com/home/item.html?id=597555ce8e4a4892a030784a7c657fdd,operational
,,,United States,us-ntt-chicago-ch2-data-center,,,,41.9890149,-88.0072131,NTT Chicago CH2 Data Center,,,reported_or_source_compiled,36.0,it_load,,,,,,,https://services.global.ntt/en-us/services-and-products/global-data-centers/global-locations/americas/chicago-ch2-data-center;https://www.openstreetmap.org/way/1271571726;https://www.arcgis.com/home/item.html?id=597555ce8e4a4892a030784a7c657fdd,operational
,,,United States,us-ntt-hillsboro-hi1-data-center,,,,45.5496803,-122.9373872,NTT Hillsboro HI1 Data Center,,,reported_or_source_compiled,36.0,it_load,,,,,,,https://services.global.ntt/en-us/newsroom/ntt-ltd-to-expand-us-data-center-footprint-to-hillsboro-oregon;https://www.openstreetmap.org/way/52059176;https://www.arcgis.com/home/item.html?id=597555ce8e4a4892a030784a7c657fdd,operational
,,,United States,us-ntt-phoenix-ph1-data-center,,,,33.3536663,-111.6124114,NTT Phoenix PH1 Data Center,,,reported_or_source_compiled,36.0,it_load,,,,,,,https://services.global.ntt/en-us/services-and-products/global-data-centers/global-locations/americas/phoenix-ph1-data-center;https://www.openstreetmap.org/way/1356594646,operational
,,,United States,us-ntt-sacramento-ca1-data-center,,,,38.6504319,-121.4891868,NTT Sacramento CA1 Data Center,,,reported_or_source_compiled,12.6,it_load,,,,,,,https://services.global.ntt/en-us/services-and-products/global-data-centers/global-locations/americas/sacramento-ca-1-data-center;https://www.openstreetmap.org/way/32560292;https://www.arcgis.com/home/item.html?id=597555ce8e4a4892a030784a7c657fdd,operational
,,,United States,us-ntt-silicon-valley-sv1-data-center,,,,37.3690532,-121.9553378,NTT Silicon Valley SV1 Data Center,,,reported_or_source_compiled,16.0,it_load,,,,,,,https://services.global.ntt/en-us/services-and-products/global-data-centers/global-locations/americas/silicon-valley-sv1-data-center;https://www.openstreetmap.org/way/888253616;https://www.arcgis.com/home/item.html?id=597555ce8e4a4892a030784a7c657fdd,operational
,,,United States,us-nyse-data-center-mahwah,,,,41.078373,-74.15293,NYSE Data Center (Mahwah),,,reported_or_source_compiled,2.2,it_load,,,,,,,https://inflect.com/building/1700-macarthur-boulevard-mahwah/new-york-stock-exchange/datacenter/euronextnj1;https://www.datacenterknowledge.com/colocation/nyse-opens-mahwah-data-center;https://www.computerworld.com/article/1433811/in-fortified-data-center-nyse-runs-gated-trading-cloud.html,operational
,,,United States,us-nautilus-stockton-1-data-center,,,,37.9633,-121.3681,Nautilus Stockton 1 Data Center,,,reported_or_source_compiled,6.5,it_load,,,,,,,https://nautilusdt.com/stockton-data-center/;https://stocktonia.org/news/local-government/2026/09/02/stockton-residents-push-back-on-data-centers-the-city-already-relies-on-one/;https://ceqanet.lci.ca.gov/2016062010/2,operational
,,,United States,us-nebius-vineland-data-center,,,,39.4862,-74.992,Nebius Vineland Data Center,,,reported_or_source_compiled,100.0,it_load,,,,,,,https://nebius.com/newsroom/nebius-accelerates-us-expansion-adding-up-to-300-mw-capacity-at-new-data-center-in-new-jersey;https://nebius.com/blog/posts/300-mw-new-jersey-and-iceland-regions;https://www.datacenterdynamics.com/en/news/dataone-to-build-nebius-data-center-in-new-jersey/;https://whyy.org/articles/data-center-artificial-intelligence-vineland-new-jersey/;https://pinelandsalliance.org/dataone-vineland-town-hall/;https://www.inquirer.com/news/new-jersey/ai-data-center-vineland-south-jersey-expansion-20260122.html;https://whyy.org/articles/vineland-data-center-hearing-power-generation/;https://whyy.org/articles/vineland-planning-board-approves-data-center-plan/;https://sjclimate.news/8420/essays/what-exactly-is-dataone-building-in-vineland/;https://nebius.com/vinelandnj;https://whyy.org/articles/vineland-data-center-stop-work-orders/,operational
,,,United States,us-netsonic-green-bay-data-center,,,,44.5155,-87.995,Netsonic Green Bay Data Center,,,reported_or_source_compiled,4.0,it_load,,,,,,,https://www.netsonic.net/datacenter.php,operational
,,,United States,us-new-orleans-solar-station,,,,30.015,-89.92,New Orleans Solar Station,,,reported_or_source_compiled,20.0,it_load,,,,,,,https://www.entergy.com/wp-content/uploads/15/Entergy-renewable-portfolio.pdf;https://services2.arcgis.com/FiaPA4ga0iQKduv3/arcgis/rest/services/Power_Plants_in_the_US/FeatureServer/0/query?where=State%3D%27Louisiana%27+AND+PrimSource%3D%27solar%27&outFields=*&f=json&resultRecordCount=200,operational
,,,United States,us-newfold-digital-utah-county-data-center,,,,40.23373,-111.65871,Newfold Digital Utah County Data Center,,,reported_or_source_compiled,3.0,it_load,,,,,,,https://d36oiwf74r1rap.cloudfront.net/wp-content/uploads/2026/04/Data-Center-Growth-FS-Apr2026.pdf;https://www.provo.gov/869/Redevelopment-Areas,operational
,,,United States,us-north-campbell-land-co-hopkinsville-bitcoin-mine,,,,36.8703081,-87.4798424,North Campbell Land Co. Hopkinsville Bitcoin Mine,,,reported_or_source_compiled,15.0,it_load,,,,,,,https://hoptownchronicle.org/hopkinsville-weighs-limits-on-data-centers-as-crypto-mine-proposes-expansion/;https://www.sec.gov/Archives/edgar/data/1591956/000106299326004391/exhibit99-1.htm;https://www.sec.gov/Archives/edgar/data/1591956/000159195626000004/any-20251231.htm;https://nominatim.openstreetmap.org/search?q=North+Campbell+Street%2C+Hopkinsville%2C+Kentucky&format=json&limit=2,operational
,,,United States,us-novva-colorado-springs-data-center,,,,39.0130116,-104.8164434,Novva Colorado Springs Data Center,,,reported_or_source_compiled,40.0,it_load,,,,,,,https://www.novva.com/media-center/novva-data-centers-acquires-colorado-springs-campus/;https://www.novva.com/data-center-facilities/colorado/,operational
,,,United States,us-novva-las-vegas-data-center,,,,36.266299,-115.0478715,Novva Las Vegas Data Center,,,reported_or_source_compiled,100.0,it_load,,,,,,,https://www.novva.com/data-center-facilities/las-vegas/;https://www.prnewswire.com/news-releases/novva-data-centers-announces-new-data-center-in-north-las-vegas-featuring-water-free-cooling-and-renewable-energy-301623117.html;https://dcmap.us/markets/las-vegas/,operational
,,,United States,us-novva-san-francisco-400-paul-avenue,,,,37.72315,-122.398467,Novva San Francisco (400 Paul Avenue),,,reported_or_source_compiled,9.0,it_load,,,,,,,https://www.novva.com/data-center-facilities/san-francisco-ca/;https://missionlocal.org/2026/09/data-center-moratorium-sf-board-of-supervisors/;https://hoodline.com/2026/09/san-francisco-weighs-45-day-freeze-on-data-centers-as-bayview-feels-the-heat/,operational
,,,United States,us-novva-west-jordan-campus,,,,40.57389,-112.04576,Novva West Jordan Campus,,,reported_or_source_compiled,200.0,it_load,,,,,,,https://www.novva.com/data-center-facilities/utah/;https://www.utahmoneywatch.com/utah-based-novva-data-centers-and-its-investment-partner-cim-group-land-2-billion-loan-to-complete-a-175mw-state-of-the-art-ai-data-center-in-west-jordan-utah/;https://d36oiwf74r1rap.cloudfront.net/wp-content/uploads/2026/04/Data-Center-Growth-FS-Apr2026.pdf;https://www.westjordan.utah.gov/economic-development/redevelopment/,operational
,,,United States,us-oak-ridge-solar,,,,32.575,-91.7884,Oak Ridge Solar,,,reported_or_source_compiled,200.0,it_load,,,,,,,https://www.aes.com/sustainability-impact/people-communities/louisiana;https://services2.arcgis.com/FiaPA4ga0iQKduv3/arcgis/rest/services/Power_Plants_in_the_US/FeatureServer/0/query?where=State%3D%27Louisiana%27+AND+PrimSource%3D%27solar%27&outFields=*&f=json&resultRecordCount=200,operational
,,,United States,us-oppidan-des-moines-data-center,,,,41.5868,-93.625,Oppidan Des Moines Data Center,,,reported_or_source_compiled,5.0,it_load,,,,,,,https://www.weitz.com/projects/oppidan-data-center/;http://www.thegazette.com/news/local/3rd-cedar-rapids-data-center-ready-for-construction/article_e0973e26-383e-4896-bebc-a4c085b8d4a5.html;https://corridorbusiness.com/building-permit-issued-for-new-cedar-rapids-data-center/,operational
,,,United States,us-optimist-solar-storage,,,,33.6435,-88.594,Optimist Solar + Storage,,,reported_or_source_compiled,200.0,it_load,,,,,,,https://origisenergy.com/project/optimist-solar-storage/;https://www.gem.wiki/Optimist_Solar,operational
,,,United States,us-oracle-hillsboro-data-center,,,,45.5437211,-122.8944315,Oracle Hillsboro Data Center,,,reported_or_source_compiled,7.0,it_load,,,,,,,https://dcpulse.com/project/oracle-3295-ne-83rd-ave-hillsboro-oregon-data-center;https://baxtel.com/data-center/oracle-hillsboro-1,operational
,,,United States,us-otava-metro-detroit-data-center,,,,42.331172,-83.419408,Otava Metro Detroit Data Center,,,reported_or_source_compiled,1.2,it_load,,,,,,,https://www.otava.com/data-center-michigan/;https://www.peeringdb.com/api/fac?state=MI&limit=250,operational
,,,United States,us-otava-mid-michigan-data-center-5225-exchange-drive,,,,42.9687373,-83.7796697,Otava Mid-Michigan Data Center (5225 Exchange Drive),,,reported_or_source_compiled,1.5,it_load,,,,,,,https://www.otava.com/data-center-michigan/;https://www.otava.com/blog/colocation-in-flint-michigan/;https://inflect.com/building/5225-exchange-drive-flint/onlinetech/datacenter/onlinetech-mid-michigan-data-center;https://nominatim.openstreetmap.org/search?q=5225+Exchange+Drive+Flint+MI&format=json,operational
,,,United States,us-oxbow-solar-ventress,,,,30.667878,-91.391706,Oxbow Solar (Ventress),,,reported_or_source_compiled,300.0,it_load,,,,,,,https://lightsourcebp.com/project/oxbow-solar/;https://www.jeranex.com/projects/oxbow/;https://services2.arcgis.com/FiaPA4ga0iQKduv3/arcgis/rest/services/Power_Plants_in_the_US/FeatureServer/0/query?where=State%3D%27Louisiana%27+AND+PrimSource%3D%27solar%27&outFields=*&f=json&resultRecordCount=200,operational
,,,United States,us-panther-creek-plant,,,,40.8557,-75.828,Panther Creek Plant,,,reported_or_source_compiled,60.0,it_load,,,,,,,https://www.sec.gov/Archives/edgar/data/1812477/000121390026037514/ea0282809-10k_bitfarms.htm;https://www.sec.gov/Archives/edgar/data/1812477/000121390025097957/ea026090401ex99-1_bitfarms.htm;https://www.sec.gov/Archives/edgar/data/1812477/000121390026054167/ea028991401ex99-1.htm,operational
,,,United States,us-peak-mining-texas-1-saxet-energy-park,,,,27.8487,-97.4263,Peak Mining Texas 1 (Saxet Energy Park),,,reported_or_source_compiled,100.0,it_load,,,,,,,https://www.prnewswire.co.uk/news-releases/peak-mining-a-northern-data-group-company-announces-purchase-of-300mw-mining-data-center-site-302011494.html;https://www.tdlr.texas.gov/TABS/Search/Print/TABS2023019972;https://www.texasobserver.org/corpus-christi-cryptomine-water-usage-secret/;https://northerndata.de/en/investor-relations/news/northern-data-announces-expiry-of-option-to-sell-corpus-christi-site-to-global-infrastructure-asset-management-firm,operational
,,,United States,us-pearl-river-solar-park,,,,32.550998,-89.73014,Pearl River Solar Park,,,reported_or_source_compiled,175.0,it_load,,,,,,,https://www.eia.gov/electricity/data/eia860m/xls/july_generator2026.xlsx,operational
,,,United States,us-perry-nuclear-power-plant,,,,41.80083,-81.14333,Perry Nuclear Power Plant,,,reported_or_source_compiled,1268.0,it_load,,,,,,,https://www.prnewswire.com/news-releases/vistra-and-meta-announce-agreements-to-support-nuclear-plants-in-pjm-and-add-new-nuclear-generation-to-the-grid-302656941.html;https://www.power-eng.com/nuclear/vistra-and-meta-ink-ppa-for-2-6-gw-of-nuclear-power-in-pjm-region/;https://stocktitan.net/news/VST/vistra-and-meta-announce-agreements-to-support-nuclear-plants-in-pjm-zul6gbxgqjn9.html;https://www.ans.org/news/article-7668/the-metavistra-deal-a-closer-look/,operational
,,,United States,us-pittock-block-ptor1,,,,45.5215436,-122.680704,Pittock Block (PTOR1),,,reported_or_source_compiled,8.0,it_load,,,,,,,https://1547realty.com/data-centers/portland/,operational
,,,United States,us-platteview-solar,,,,41.228,-96.3936,Platteview Solar,,,reported_or_source_compiled,81.0,it_load,,,,,,,https://oppdthewire.com/oppds-first-utility-scale-solar-project-platteview-solar-is-a-major-milestone/,operational
,,,United States,us-pleasant-creek-solar-project,,,,42.1193687,-91.8020582,Pleasant Creek Solar Project,,,reported_or_source_compiled,200.0,it_load,,,,,,,https://www.alliantenergy.com/news/news-center/2025/04/042825-pleasantcreek;https://api.openstreetmap.org/api/0.6/relation/17923393.json,operational
,,,United States,us-pleasants-power-station,,,,39.367358,-81.295733,Pleasants Power Station,,,reported_or_source_compiled,1278.0,it_load,,,,,,,https://www.herald-dispatch.com/news/omnis-pleasants-reports-600-creditors-70-in-wv-amid-uncertain-coal-plant-future/article_5b21adc9-1c75-433a-be51-5ed26f74a819.html;https://www.gem.wiki/Pleasants_power_station;https://www.sec.gov/Archives/edgar/data/1854368/000121390026022001/ea027911101ex99-1.htm,operational
,,,United States,us-plum-creek-wind-farm,,,,42.1441,-97.1375,Plum Creek Wind Farm,,,reported_or_source_compiled,230.0,it_load,,,,,,,https://www.gem.wiki/Plum_Creek_(%C3%98rsted)_wind_farm;https://dwee.nebraska.gov/state-energy-information/energy-statistics/fuels/wind/wind-energy-generation-nebraska,operational
,,,United States,us-point-beach-nuclear-plant,,,,44.28111,-87.53667,Point Beach Nuclear Plant,,,reported_or_source_compiled,1182.0,it_load,,,,,,,https://www.wpr.org/energy/we-energies-buy-power-from-point-beach-nuclear-plant;https://www.nexteraenergyresources.com/what-we-do/nuclear/point-beach.html;https://en.wikipedia.org/wiki/Point_Beach_Nuclear_Plant,operational
,,,United States,us-polaris-technologies-muskogee-bitcoin-mining-facility-projec,,,,35.7479,-95.3697,"Polaris Technologies Muskogee Bitcoin Mining Facility (""Project Bifrost"")",,,reported_or_source_compiled,200.0,it_load,,,,,,,https://okcfox.com/news/local/oklahoma-bets-on-bitcoin-boom-muskogee-locals-worry-about-noise-from-crypto-mining-port-of-muskogee-bitcoin-bill-of-rights-ok-law-polaris-technologies-inc-brian-hill-oge-electricity-power-data-artifitial-intelligence-ai-stitt;https://tulsaworld.com/news/local/business/new-100-million-data-center-planned-for-port-muskogee/article_c0cba9e6-caa5-11ee-8752-c709fcc5109e.html;https://www.datacenterdynamics.com/en/news/crypto-firm-polaris-technology-to-build-200mw-data-center-in-muskogee-oklahoma/;https://www.muskogeeok.gov/news_detail_T2_R666.php;https://streetlightnews.org/data-centers/;https://finance.yahoo.com/sectors/technology/articles/core-scientific-seeks-aquire-polaris-021700855.html;https://theconstructionbroadsheet.com/polaris-building-m-oklahoma-data-center-p1700-174.htm,operational
,,,United States,us-powerhouse-abx-1,,,,39.0195992,-77.4504568,PowerHouse ABX-1,,,reported_or_source_compiled,60.0,it_load,,,,,,,https://www.powerhousedata.com/data-center/powerhouse-abx-1;https://www.openstreetmap.org/way/1188715508;https://www.arcgis.com/home/item.html?id=597555ce8e4a4892a030784a7c657fdd,operational
,,,United States,us-prairie-breeze-wind-energy-center,,,,41.9517,-98.1165,Prairie Breeze Wind Energy Center,,,reported_or_source_compiled,311.0,it_load,,,,,,,https://www.gem.wiki/Prairie_Breeze_wind_farm;https://dwee.nebraska.gov/state-energy-information/energy-statistics/fuels/wind/wind-energy-generation-nebraska,operational
,,,United States,us-prairie-ronde-solar,,,,30.61,-92.17,Prairie Ronde Solar,,,reported_or_source_compiled,135.0,it_load,,,,,,,https://lightsourcebp.com/us/news/prairie-ronde-solar-goes-online/;https://services2.arcgis.com/FiaPA4ga0iQKduv3/arcgis/rest/services/Power_Plants_in_the_US/FeatureServer/0/query?where=State%3D%27Louisiana%27+AND+PrimSource%3D%27solar%27&outFields=*&f=json&resultRecordCount=200,operational
,,,United States,us-prime-dfw01-01,,,,32.8379581,-96.8784007,Prime DFW01-01,,,reported_or_source_compiled,8.0,it_load,,,,,,,https://primedatacenters.com/locations/dallas/;https://www.openstreetmap.org/way/465032380;https://primedatacenters.com/wp-content/uploads/2025/10/PDC_Dallas_TechSheet_DFW01_01.pdf;https://datacenterhawk.com/marketplace/providers/prime-data-centers/1515-round-table-drive/dfw01-01;https://primedatacenters.com/sustainability/,operational
,,,United States,us-prime-data-centers-lax01,,,,34.0014335,-118.2303092,Prime Data Centers LAX01,,,reported_or_source_compiled,33.0,it_load,,,,,,,https://primedatacenters.com/news/prime-opens-los-angeles-data-center/;https://www.prnewswire.com/news-releases/prime-data-centers-announces-the-opening-of-its-hyperscale-data-center-in-vernon-california-302305195.html;https://primedatacenters.com/news/prime-data-centers-and-lambda-partner-to-power-the-next-era-of-superintelligence-with-ai-optimized-infrastructure-in-southern-california/;https://lambda.ai/blog/prime-data-centers-and-lambda-partner-to-power-the-next-era-of-superintelligence-with-ai-optimized-infrastructure-in-southern-california;https://www.datacenterdynamics.com/en/news/prime-launches-33mw-data-center-in-vernon-california/,operational
,,,United States,us-project-edith-former-soluna-wenatchee-site,,,,47.4234599,-120.310349,Project Edith (former Soluna Wenatchee site),,,reported_or_source_compiled,3.3,it_load,,,,,,,https://www.sec.gov/Archives/edgar/data/64463/000149315224012303/form10-k.htm,operational
,,,United States,us-qts-ashburn-1,,,,38.9995277,-77.4501109,QTS Ashburn 1,,,reported_or_source_compiled,55.0,it_load,,,,,,,https://q.com/data-centers/ashburn-1/;https://www.openstreetmap.org/way/701923200;https://www.arcgis.com/home/item.html?id=597555ce8e4a4892a030784a7c657fdd,operational
,,,United States,us-qts-colorado-springs-data-center,,,,38.9220674,-104.8426568,QTS Colorado Springs Data Center,,,reported_or_source_compiled,14.0,it_load,,,,,,,https://q.com/data-centers/colorado-springs/,operational
,,,United States,us-qts-east-windsor,,,,40.279249,-74.547551,QTS East Windsor,,,reported_or_source_compiled,70.0,it_load,,,,,,,https://q.com/data-centers/east-windsor/;https://www.peeringdb.com/api/fac?state=NJ&limit=250;https://q.com/data-centers/jersey-city/,operational
,,,United States,us-qts-hillsboro-1,,,,45.5588149,-122.9277661,QTS Hillsboro 1,,,reported_or_source_compiled,20.0,it_load,,,,,,,https://q.com/data-centers/hillsboro-1/;https://www.openstreetmap.org/way/729192992;https://www.arcgis.com/home/item.html?id=597555ce8e4a4892a030784a7c657fdd,operational
,,,United States,us-qts-miami-mia1,,,,25.7915329,-80.3795596,QTS Miami (MIA1),,,reported_or_source_compiled,2.0,it_load,,,,,,,https://q.com/data-centers/miami/;https://www.datacentermap.com/usa/florida/miami/quality-miami-data-center/;https://www.datacenterjournal.com/data-centers/florida/miami/qts-miami-mia1/;https://www.prnewswire.com/news-releases/qts-announces-open-internet-exchange-oix-data-center-certifications-301511386.html;https://www.datacenterfrontier.com/featured/article/11428144/blackstone-to-acquire-qts-in-blockbuster-data-center-m038a-deal,operational
,,,United States,us-qts-piscataway-1,,,,40.5569431,-74.4839173,QTS Piscataway 1,,,reported_or_source_compiled,65.0,it_load,,,,,,,https://q.com/data-centers/piscataway/;https://www.openstreetmap.org/way/362662493;https://www.arcgis.com/home/item.html?id=597555ce8e4a4892a030784a7c657fdd,operational
,,,United States,us-qts-sacramento,,,,38.6463763,-121.4862686,QTS Sacramento,,,reported_or_source_compiled,4.0,it_load,,,,,,,https://q.com/data-centers/sacramento/;https://www.openstreetmap.org/way/194049551;https://www.arcgis.com/home/item.html?id=597555ce8e4a4892a030784a7c657fdd,operational
,,,United States,us-qts-santa-clara-1,,,,37.3939862,-121.9783207,QTS Santa Clara 1,,,reported_or_source_compiled,7.5,it_load,,,,,,,https://q.com/data-centers/santa-clara/;https://www.openstreetmap.org/way/54121151;https://www.arcgis.com/home/item.html?id=597555ce8e4a4892a030784a7c657fdd,operational
,,,United States,us-quail-ranch-solar-and-storage,,,,35.2328,-106.663,Quail Ranch Solar and Storage,,,reported_or_source_compiled,100.0,it_load,,,,,,,https://www.energy-storage.news/new-mexico-regulator-approves-state-utility-plan-to-add-310mw-of-battery-storage-by-summer-2026/;https://www.luminatellc.com/cleneras-quail-ranch-project-reaches-commercial-operations/,operational
,,,United States,us-quartz-solar,,,,35.2085,-90.7912,Quartz Solar,,,reported_or_source_compiled,135.0,it_load,,,,,,,https://www.gem.wiki/Quartz_Solar;https://cleanview.co/power-projects/operating/solar-farms/arkansas,operational
,,,United States,us-rack59-data-center,,,,35.4676,-97.5164,RACK59 Data Center,,,reported_or_source_compiled,175.0,it_load,,,,,,,https://rack59.com/;https://www.newson6.com/tulsa-oklahoma-news/where-are-data-centers-are-being-built-oklahoma-list,operational
,,,United States,us-rsa-dexter-avenue-datacenter,,,,32.37803,-86.303007,RSA Dexter Avenue Datacenter,,,reported_or_source_compiled,2.0,it_load,,,,,,,https://www.rsa-al.gov/real-estate/office-building-portfolio/rsa-datacenter/;https://www.peeringdb.com/api/fac/2313,operational
,,,United States,us-radiusdc-miami-i,,,,25.7871,-80.3839,RadiusDC Miami I,,,reported_or_source_compiled,3.2,it_load,,,,,,,https://www.prnewswire.com/news-releases/radiusdc-announces-acquisition-of-network-centric-data-center-in-miami-302220596.html;https://www.lightwaveonline.com/data-center/article/55132665/radiusdc-acquires-south-florida-data-center;https://www.datacenterdynamics.com/en/news/ipis-radiusdc-acquires-miami-data-center/;https://baxtel.com/data-center/radiusdc-miami-i;https://www.loopnet.com/property/11300-nw-25th-st-miami-fl-33172/12086-2530310210013/,operational
,,,United States,us-raeden-detroit-carrier-hotel-615-w-lafayette,,,,42.32854,-83.053799,Raeden Detroit Carrier Hotel (615 W Lafayette),,,reported_or_source_compiled,0.4,it_load,,,,,,,https://www.bedrockdetroit.com/press-releases/bedrock-and-raeden-partner-to-bring-first-carrier-hotel-to-downtown-detroit/;https://raeden.com/data-centers/detroit/;https://www.peeringdb.com/api/fac?state=MI&limit=250,operational
,,,United States,us-ragsdale-solar-park,,,,32.551,-90.0097,Ragsdale Solar Park,,,reported_or_source_compiled,100.0,it_load,,,,,,,https://edp.com/en/north-america/na/media/edp-renewables-north-america-launches-ragsdale-solar-park-mississippi;https://www.edp.com/sites/default/files/document/2025-06/MS%20Ragsdale%20Solar%20Park%20Fact%20Sheet.pdf;https://www.gem.wiki/Ragsdale_Solar,operational
,,,United States,us-rattlesnake-creek-wind-project,,,,42.35,-96.8,Rattlesnake Creek Wind Project,,,reported_or_source_compiled,320.0,it_load,,,,,,,https://www.enelgreenpower.com/our-projects/operating/rattlesnake-creek-wind-project;https://www.renewableenergymagazine.com/wind/facebooka-s-nebraska-data-center-will-be-20171020;https://datacenters.atmeta.com/asset/sarpy-data-center-info-sheet/,operational
,,,United States,us-redfield-solar-project,,,,34.3100971,-92.4013484,Redfield Solar Project,,,reported_or_source_compiled,100.0,it_load,,,,,,,https://www.treatyoakcleanenergy.com/news/treaty-oak-clean-energy-llc-announces-substantial-completion-redfield-may-28-2026;https://southernrenewable.org/news-updates/srea-member-treaty-oak-energy-breaks-ground-on-100-mw-redfield-solar-project;https://www.arkansasonline.com/news/2025/nov/12/treaty-oaks-redfield-solar-project-to-supply/;https://nominatim.openstreetmap.org/search?q=Sheridan%2C+Grant+County%2C+Arkansas&format=json&limit=2;https://cleanview.co/power-projects/operating/solar-farms/arkansas,operational
,,,United States,us-regence-bluecross-blueshield-salt-lake-city-data-center,,,,40.633117,-111.809456,Regence BlueCross BlueShield Salt Lake City Data Center,,,reported_or_source_compiled,2.0,it_load,,,,,,,https://d36oiwf74r1rap.cloudfront.net/wp-content/uploads/2026/04/Data-Center-Growth-FS-Apr2026.pdf;https://geocoding.geo.census.gov/geocoder/geographies/onelineaddress?address=2890+E+Cottonwood+Pkwy%2C+UT+84121&benchmark=Public_AR_Current&vintage=Current_Current&layers=Incorporated+Places&format=json;https://www.utah.gov/pmn/files/1088841.pdf,operational
,,,United States,us-riot-platforms-calvert-city-facility,,,,37.0334,-88.35,Riot Platforms Calvert City Facility,,,reported_or_source_compiled,25.0,it_load,,,,,,,https://www.sec.gov/Archives/edgar/data/1167419/000110465926022322/riot-20251231x10k.htm;https://www.datacentermap.com/usa/kentucky/paducah/riot-platforms-paducah/,operational
,,,United States,us-riot-platforms-corsicana-facility,,,,32.09,-96.47,Riot Platforms Corsicana Facility,,,reported_or_source_compiled,400.0,it_load,,,,,,,https://www.riotplatforms.com/riot-platforms-launches-formal-evaluation-of-potential-ai-hpc-uses-for-remaining-600-mw-of-power-capacity-at-corsicana-facility/;https://www.datacenterdynamics.com/en/news/riot-platforms-acquires-additional-238-acres-at-corsicana-texas-campus/;https://navarro.easydocs.us/minutes/LinkedDir/2024/Links%202024-10-15-Regular/Item%2016%20Approve%20Resolution%20for%20Tax%20Abatement%20Navarro%20County%20and%20Riot%20Corsicana%20LLC.pdf;https://www.dlnews.com/articles/people-culture/bitcoin-miners-megadeal-stumbles-as-texans-sour-on-industry/;https://www.riotplatforms.com/riot-purchases-7-6-eh-s-of-next-generation-miners-from-microbt-manufactured-in-the-united-states/;https://www.sec.gov/Archives/edgar/data/1167419/000155837025001888/riot-20241231x10k.htm,operational
,,,United States,us-riot-platforms-paducah-facility,,,,37.089242,-88.703071,Riot Platforms Paducah Facility,,,reported_or_source_compiled,35.0,it_load,,,,,,,"https://www.sec.gov/Archives/edgar/data/1167419/000110465926022322/riot-20251231x10k.htm;https://www.datacentermap.com/usa/kentucky/paducah/riot-platforms-paducah/;https://www.lanereport.com/176254/2024/08/paducah-bitcoin-miner-block-mining-inc-acquired-by-riot-platforms/;https://services1.arcgis.com/xkOPDyh2DVxtFEGe/arcgis/rest/services/PVAParcels/FeatureServer/1/query?where=PARCEL_ID%3D%27075-00-00-147.06%27&outFields=PARCEL_ID,NAME,LOCATION,ACRES&returnGeometry=true&outSR=4326&f=json;https://www.wkms.org/business-economy/2026-05-06/small-nuclear-reactor-could-power-mccracken-count-crypto-mining-center-under-new-partnership",operational
,,,United States,us-riot-platforms-whinstone-facility,,,,30.6549,-97.0025,Riot Platforms Whinstone Facility,,,reported_or_source_compiled,450.0,it_load,,,,,,,https://www.riotplatforms.com/riot-to-acquire-whinstone-creating-a-us-based-industry-leader-in-bitcoin-mining/;https://www.sec.gov/Archives/edgar/data/1167419/000107997321000426/ex99x1.htm;https://www.greenpeace.org/usa/riot-platforms-the-company-behind-the-most-energy-intensive-bitcoin-mine-in-the-u-s/;https://www.globenewswire.com/news-release/2026/01/16/3220348/0/en/Riot-Announces-Fee-Simple-Acquisition-of-Land-and-First-Data-Center-Lease-with-AMD-at-the-Rockdale-Site.html,operational
,,,United States,us-ritter-communications-data-technology-center,,,,35.81538,-90.6893576,Ritter Communications Data Technology Center,,,reported_or_source_compiled,0.75,it_load,,,,,,,https://www.rittercommunications.com/newsroom/data-technology-center-opens;https://www.rittercommunications.com/newsroom/ritter-communications-breaks-ground-on-8-million-data-technology-center-in-jonesboro;https://nominatim.openstreetmap.org/search?q=2400+Ritter+Drive%2C+Jonesboro%2C+Arkansas&format=json&limit=3,operational
,,,United States,us-route-66-solar-and-energy-storage,,,,35.15,-107.85,Route 66 Solar and Energy Storage,,,reported_or_source_compiled,49.5,it_load,,,,,,,https://www.energy-storage.news/new-mexico-regulator-approves-state-utility-plan-to-add-310mw-of-battery-storage-by-summer-2026/,operational
,,,United States,us-sdc-manhattan-intergate-manhattan-375-pearl-street,,,,40.7106,-74.0013,"SDC Manhattan (Intergate.Manhattan), 375 Pearl Street",,,reported_or_source_compiled,18.0,it_load,,,,,,,https://sabeydatacenters.com/locations/new-york-data-center,operational
,,,United States,us-stack-atl01-formerly-t5-atlanta,,,,34.0757915,-84.264267,STACK ATL01 (formerly T5@Atlanta),,,reported_or_source_compiled,20.0,it_load,,,,,,,https://baxtel.com/data-center/t5-atlanta-i;https://www.openstreetmap.org/way/891031651;https://www.arcgis.com/home/item.html?id=597555ce8e4a4892a030784a7c657fdd;https://www.stackinfra.com/locations/americas/atlanta/atl01/;https://www.datacenterknowledge.com/colocation/ipi-combines-infomart-some-t5-assets-to-form-new-data-center-provider,operational
,,,United States,us-stack-chi01,,,,42.006856,-87.9651767,STACK CHI01,,,reported_or_source_compiled,40.0,it_load,,,,,,,https://www.stackinfra.com/locations/americas/chicago/;https://www.openstreetmap.org/way/863162822;https://www.arcgis.com/home/item.html?id=597555ce8e4a4892a030784a7c657fdd;https://dceo.illinois.gov/content/dam/soi/en/web/dceo/aboutdceo/reportsrequiredbystatute/2025-data-centers-annual-report.pdf,operational
,,,United States,us-stack-dfw01-plano,,,,33.0136764,-96.6925096,STACK DFW01 (Plano),,,reported_or_source_compiled,80.0,it_load,,,,,,,https://www.stackinfra.com/locations/americas/dallas-fort-worth/,operational
,,,United States,us-stack-infrastructure-nal01-new-albany,,,,40.07,-82.8,STACK Infrastructure NAL01 (New Albany),,,reported_or_source_compiled,60.0,it_load,,,,,,,https://www.stackinfra.com/locations/americas/new-albany/,operational
,,,United States,us-stack-nva01a,,,,39.0046933,-77.4417399,STACK NVA01A,,,reported_or_source_compiled,18.0,it_load,,,,,,,https://www.stackinfra.com/locations/americas/northern-virginia/nva01/;https://www.openstreetmap.org/way/59294476;https://www.arcgis.com/home/item.html?id=597555ce8e4a4892a030784a7c657fdd,operational
,,,United States,us-stack-por01,,,,45.5493273,-122.9278183,STACK POR01,,,reported_or_source_compiled,36.0,it_load,,,,,,,https://www.stackinfra.com/locations/americas/portland/por01/;https://www.openstreetmap.org/way/471691757;https://www.arcgis.com/home/item.html?id=597555ce8e4a4892a030784a7c657fdd,operational
,,,United States,us-stack-por02,,,,45.5473758,-122.8973869,STACK POR02,,,reported_or_source_compiled,24.0,it_load,,,,,,,https://www.stackinfra.com/locations/americas/portland/por02/;https://www.openstreetmap.org/way/328702378;https://www.arcgis.com/home/item.html?id=597555ce8e4a4892a030784a7c657fdd,operational
,,,United States,us-stack-por03,,,,45.5541322,-122.9379069,STACK POR03,,,reported_or_source_compiled,72.0,it_load,,,,,,,https://www.stackinfra.com/locations/americas/portland/por03/;https://www.openstreetmap.org/way/899634245;https://www.arcgis.com/home/item.html?id=597555ce8e4a4892a030784a7c657fdd,operational
,,,United States,us-stack-svy02,,,,37.3619343,-121.9537306,STACK SVY02,,,reported_or_source_compiled,48.0,it_load,,,,,,,https://www.stackinfra.com/locations/americas/silicon-valley/svy02/;https://www.openstreetmap.org/way/1460855151;https://www.arcgis.com/home/item.html?id=597555ce8e4a4892a030784a7c657fdd,operational
,,,United States,us-sabey-intergate-quincy-campus,,,,47.247,-119.83,Sabey Intergate.Quincy Campus,,,reported_or_source_compiled,70.0,it_load,,,,,,,https://baxtel.com/data-center/sabey-intergate-quincy-building-b;https://www.cascadepbs.org/the-newsfeed-2/2026/08/washington-state-grapples-with-the-ai-data-center-boom/;https://sabeydatacenters.com/locations,operational
,,,United States,us-salcido-broadway-data-center,,,,47.2,-119.45,Salcido Broadway Data Center,,,reported_or_source_compiled,2.0,it_load,,,,,,,https://www.salcidoenterprises.tech/data-centers,operational
,,,United States,us-salcido-eller-data-center,,,,47.74,-119.69,Salcido ELLER Data Center,,,reported_or_source_compiled,4.0,it_load,,,,,,,https://www.salcidoenterprises.tech/data-centers,operational
,,,United States,us-salcido-entiat-data-center,,,,47.6743,-120.2093,Salcido Entiat Data Center,,,reported_or_source_compiled,2.0,it_load,,,,,,,https://www.salcidoenterprises.tech/data-centers;https://www.columbiariverkeeper.org/wp-content/uploads/2026/02/2026.02.26-Data-Center-Closer-Look-Report.pdf,operational
,,,United States,us-salcido-fortress-data-center,,,,47.234,-119.8528,Salcido Fortress Data Center,,,reported_or_source_compiled,4.6,it_load,,,,,,,https://baxtel.com/data-center/salcido-fortress;https://www.salcidoenterprises.tech/data-centers,operational
,,,United States,us-salcido-horizon-data-center,,,,47.236,-119.85,Salcido Horizon Data Center,,,reported_or_source_compiled,4.0,it_load,,,,,,,https://baxtel.com/data-center/salcido-horizon;https://www.salcidoenterprises.tech/data-centers,operational
,,,United States,us-salcido-pangborn-data-center,,,,47.3985,-120.2075,Salcido Pangborn Data Center,,,reported_or_source_compiled,10.0,it_load,,,,,,,https://www.geekwire.com/2018/power-struggle-bitcoin-mining-boom-transforming-apple-country-one-megawatt-time/;https://www.salcidoenterprises.tech/data-centers;https://baxtel.com/data-center/salcido-pangborn-data-center;https://www.wenatcheeworld.com/wvbusiness/after-15-years-in-crypto-salcido-enterprises-pivots-toward-ai-global-aid/article_931ae07f-0e2f-4a58-b2c6-a9ae8453245e.html,operational
,,,United States,us-salcido-wheeler-data-center,,,,47.125,-119.285,Salcido Wheeler Data Center,,,reported_or_source_compiled,4.8,it_load,,,,,,,https://baxtel.com/data-center/salcido-wheeler;https://www.salcidoenterprises.tech/data-centers,operational
,,,United States,us-salt-branch-solar-phases-1-2,,,,36.3316,-95.2293,Salt Branch Solar (Phases 1 & 2),,,reported_or_source_compiled,145.0,it_load,,,,,,,https://www.lreus.com/lre-celebrates-major-milestones-across-725-mw-oklahoma-solar-portfolio-supporting-google-operations-and-regional-power-demand/;https://www.lreus.com/over-700mwac-new-solar-projects-in-ok/;https://www.gem.wiki/Saltbranch_solar_farm,operational
,,,United States,us-san-juan-solar-and-storage-phase-one,,,,36.7353,-108.3287,San Juan Solar and Storage (Phase One),,,reported_or_source_compiled,200.0,it_load,,,,,,,https://www.solarpowerworldonline.com/2023/10/new-mexico-celebrates-groundbreaking-of-solar-storage-project/;https://www.durangoherald.com/articles/through-clear-skies-four-corners-energy-transition-underway/,operational
,,,United States,us-sangha-renewables-ector-county-bitcoin-mining-facility,,,,31.8633,-102.3656,Sangha Renewables Ector County Bitcoin Mining Facility,,,reported_or_source_compiled,19.9,it_load,,,,,,,https://bitcoinmagazine.com/news/sangha-energizes-20-bitcoin-mining;https://www.datacenterdynamics.com/en/news/sangha-partners-with-totalenergies-to-energize-199mw-solar-powered-bitcoin-mining-site-in-ector-county-texas/,operational
,,,United States,us-scalematrix-san-diego,,,,32.8377287,-117.132639,ScaleMatrix San Diego,,,reported_or_source_compiled,5.0,it_load,,,,,,,https://www.scalematrix.com/san-diego-data-center.html;https://www.scalematrix.com/press/scalematrix-announces-gpu-service-solution-ideal-hpc-deepmachine-learning-and-artificial.html;https://www.areadevelopment.com/newsItems/11-14-2018/scalematrix-data-center-san-diego-california.shtml;https://opengovwa.com/corporation/604264407;https://www.datacenterdynamics.com/en/news/scalematrix-nearly-doubles-size-of-san-diego-data-center/,operational
,,,United States,us-scrubgrass-generating-plant,,,,41.2306,-79.8517,Scrubgrass Generating Plant,,,reported_or_source_compiled,63.0,it_load,,,,,,,https://www.exploreclarion.com/local/2021/06/25/scrubgrass-generating-plant-parent-company-raises-105m-to-power-bitcoin-mining-659916/;https://www.exploreclarion.com/local/2026/06/02/scrubgrass-could-become-areas-largest-ai-data-center-campus-866965/,operational
,,,United States,us-segra-winston-salem-data-center,,,,36.10278,-80.26083,Segra Winston-Salem Data Center,,,reported_or_source_compiled,8.0,it_load,,,,,,,https://baxtel.com/data-center/segra-winston-salem;https://cloudandcolocation.com/colocation-provider/northstate/,operational
,,,United States,us-sentinum-bni-montana-bitcoin-mining-facility,,,,47.716735,-104.155973,Sentinum BNI Montana Bitcoin Mining Facility,,,reported_or_source_compiled,10.0,it_load,,,,,,,https://www.businesswire.com/news/home/20240508846020/en/Ault-Alliance%E2%80%99s-Subsidiary-Sentinum-Completes-Initial-Bitcoin-Mining-Installation-at-Montana-Location;https://www.datacenterdynamics.com/en/news/sentinum-breaks-ground-on-20mw-cryptomine-data-center-in-montana/;https://contracts.justia.com/companies/dpw-holdings-inc-7638/contract/1302092/;https://www.prnewswire.com/news-releases/hyperscale-data-announces-intent-to-sell-land-leases-and-power-contracts-of-its-montana-data-properties-to-focus-on-michigan-flagship-campus-302553520.html;https://www.prnewswire.com/news-releases/hyperscale-data-receives-utility-will-serve-determination-for-approximately-125-additional-megawatts-at-one-of-its-montana-sites-302809728.html,operational
,,,United States,us-serverfarm-ch1,,,,41.8717114,-87.6392312,Serverfarm CH1,,,reported_or_source_compiled,21.5,it_load,,,,,,,https://www.serverfarmllc.com/chicago-data-center/;https://dceo.illinois.gov/content/dam/soi/en/web/dceo/aboutdceo/reportsrequiredbystatute/2025-data-centers-annual-report.pdf,operational
,,,United States,us-serverfarm-lax1,,,,33.9217807,-118.3864589,Serverfarm LAX1,,,reported_or_source_compiled,17.3,it_load,,,,,,,https://www.serverfarmllc.com/los-angeles-data-center/;https://www.serverfarmllc.com/press-releases/serverfarm-acquires-los-angeles-data-center/;https://transwestern.com/news-detail/117-000-sf-data-center-trades-in-el-segundo-ca;https://labusinessjournal.com/real-estate/serverfarm-strikes-71m-el-segundo-hq/;https://ceqanet.lci.ca.gov/2012121003,operational
,,,United States,us-sheldon-station,,,,40.559264,-96.783911,Sheldon Station,,,reported_or_source_compiled,228.0,it_load,,,,,,,https://www.gem.wiki/Sheldon_Station;https://www.powermag.com/nebraska-public-power-district-breaks-ground-on-694-mw-princeton-road-station/,operational
,,,United States,us-sholes-wind-energy-center,,,,42.2308,-97.0178,Sholes Wind Energy Center,,,reported_or_source_compiled,160.0,it_load,,,,,,,https://newsroom.nexteraenergy.com/2018-07-27-NextEra-Energy-Resources-OPPD-break-ground-on-the-Sholes-Wind-Energy-Center-marking-more-than-200-million-investment-in-Nebraska?l=12,operational
,,,United States,us-simple-helix-data-center,,,,34.744816340398,-86.691765682048,Simple Helix Data Center,,,reported_or_source_compiled,1.1,it_load,,,,,,,https://prnewswire.com/news-releases/simple-helix-announces-opening-of-new-tier-iii-data-center-in-huntsville-alabama-300488165.html;https://www.peeringdb.com/api/fac/5648,operational
,,,United States,us-skybox-chicago-i,,,,41.9936612,-87.973521,Skybox Chicago I,,,reported_or_source_compiled,30.0,it_load,,,,,,,https://www.skyboxdatacenters.com/locations/skybox-chicago;https://www.openstreetmap.org/way/383545769;https://www.arcgis.com/home/item.html?id=597555ce8e4a4892a030784a7c657fdd,operational
,,,United States,us-skybox-houston-one,,,,29.802893,-95.7553386,Skybox Houston One,,,reported_or_source_compiled,26.0,it_load,,,,,,,https://www.skyboxdatacenters.com/locations/skybox-houston;https://www.openstreetmap.org/way/714776107;https://www.grcooling.com/customer-successes/shells-skybox-houston-one-data-center/;https://baxtel.com/data-center/skybox-houston-one,operational
,,,United States,us-soluna-project-dorothy,,,,34.391589,-101.318337,Soluna Project Dorothy,,,reported_or_source_compiled,98.0,it_load,,,,,,,https://www.sec.gov/Archives/edgar/data/64463/000162828026035538/slnh-20260331.htm,operational
,,,United States,us-soluna-project-sophie,,,,36.61,-88.315,Soluna Project Sophie,,,reported_or_source_compiled,25.0,it_load,,,,,,,https://www.sec.gov/Archives/edgar/data/64463/000162828026035538/slnh-20260331.htm;https://www.solunacomputing.com/projects/project-sophie/,operational
,,,United States,us-spectrum-charlotte-national-data-center,,,,35.1440029,-80.918404,Spectrum Charlotte National Data Center,,,reported_or_source_compiled,15.0,it_load,,,,,,,https://baxtel.com/data-center/spectrum-charlotte-national-data-center;https://baxtel.com/data-center/charlotte;https://nominatim.openstreetmap.org/search?format=jsonv2&q=7910%20Crescent%20Executive%20Drive%2C%20Charlotte%2C%20NC,operational
,,,United States,us-st-james-solar,,,,29.9734,-90.7335,St. James Solar,,,reported_or_source_compiled,20.0,it_load,,,,,,,https://www.entergy.com/wp-content/uploads/15/Entergy-renewable-portfolio.pdf;https://services2.arcgis.com/FiaPA4ga0iQKduv3/arcgis/rest/services/Power_Plants_in_the_US/FeatureServer/0/query?where=State%3D%27Louisiana%27+AND+PrimSource%3D%27solar%27&outFields=*&f=json&resultRecordCount=200,operational
,,,United States,us-standard-power-coshocton,,,,40.2771782,-81.8649437,Standard Power Coshocton,,,reported_or_source_compiled,50.0,it_load,,,,,,,https://www.prnewswire.com/news-releases/energy-harbor-partners-with-standard-power-to-provide-carbon-free-nuclear-power-to-new-ohio-bitcoin-blockchain-mining-center-301331473.html;https://frontier-companies.com/coshoctons-standard-power-center-powers-blockchain-mining-for-ohio/,operational
,,,United States,us-standing-bear-lake-station,,,,41.3129,-96.118,Standing Bear Lake Station,,,reported_or_source_compiled,150.0,it_load,,,,,,,https://www.oppdcommunityconnect.com/standing-bear-lake-station,operational
,,,United States,us-stargate-abilene,,,,32.4487,-99.7331,Stargate Abilene,,,reported_or_source_compiled,300.0,it_load,,,,,,,https://openai.com/index/announcing-the-stargate-project/;https://en.wikipedia.org/wiki/Stargate_LLC;https://epoch.ai/publications/openai-stargate-where-the-us-sites-stand;https://measuredai.substack.com/p/stargate-site-by-site-status;https://texasstandard.org/stories/stargate-data-center-abilene-texas-construction-ai-artificial-intelligence/;https://epochai.substack.com/p/openai-stargate-where-the-us-sites;https://ktxs.com/news/local/taylor-county-residents-raise-concerns-on-lancium-tax-breaks-at-commissioners-meeting;https://epoch.ai/data/ai-data-centers/directory/openai-stargate-abilene,operational
,,,United States,us-sterling-forest-business-resiliency-services-center-former-i,,,,41.19592,-74.255576,Sterling Forest Business Resiliency Services Center (former IBM/Kyndryl Sterling Forest data center),,,reported_or_source_compiled,8.75,it_load,,,,,,,https://rcbizjournal.com/2026/07/06/jehovahs-witnesses-buy-data-center-in-warwick-religious-order-continues-to-expand-footprint-in-hudson-valley/;https://dec.ny.gov/news/environmental-notice-bulletin/2023-11-22/completed-application/town-of-warwick-kyndryl-inc-sterling-forest,operational
,,,United States,us-stream-chicago-i-orda,,,,42.0039,-87.9703,Stream Chicago I (ORDA),,,reported_or_source_compiled,31.0,it_load,,,,,,,https://www.streamdatacenters.com/locations/chicago-data-centers/;https://dceo.illinois.gov/content/dam/soi/en/web/dceo/aboutdceo/reportsrequiredbystatute/2025-data-centers-annual-report.pdf,operational
,,,United States,us-stream-data-centers-dfwa-dfw-vii,,,,32.9836243,-96.6542632,Stream Data Centers DFWA (DFW VII),,,reported_or_source_compiled,43.0,it_load,,,,,,,https://www.streamdatacenters.com/locations/dallas-data-centers/;https://www.openstreetmap.org/way/1300765126,operational
,,,United States,us-sumrall-i-solar-farm,,,,31.403531,-89.49764,Sumrall I Solar Farm,,,reported_or_source_compiled,52.0,it_load,,,,,,,https://www.eia.gov/electricity/data/eia860m/xls/july_generator2026.xlsx,operational
,,,United States,us-sumrall-ii-solar-farm,,,,31.397089,-89.48588,Sumrall II Solar Farm,,,reported_or_source_compiled,52.0,it_load,,,,,,,https://www.eia.gov/electricity/data/eia860m/xls/july_generator2026.xlsx,operational
,,,United States,us-sunzia-wind,,,,34.35,-105.6,SunZia Wind,,,reported_or_source_compiled,3650.0,it_load,,,,,,,https://www.eia.gov/todayinenergy/detail.php?id=67766,operational
,,,United States,us-sunflower-county-solar-station,,,,33.757767,-90.53647,Sunflower County Solar Station,,,reported_or_source_compiled,100.0,it_load,,,,,,,https://www.eia.gov/electricity/data/eia860m/xls/july_generator2026.xlsx,operational
,,,United States,us-sunlight-road-solar,,,,30.781803,-90.217355,Sunlight Road Solar,,,reported_or_source_compiled,50.0,it_load,,,,,,,https://www.entergy.com/news/entergy-louisiana-desri-announce-start-commercial-operations-at-sunlight-road-solar;https://www.entergy.com/wp-content/uploads/15/Entergy-renewable-portfolio.pdf;https://services2.arcgis.com/FiaPA4ga0iQKduv3/arcgis/rest/services/Power_Plants_in_the_US/FeatureServer/0/query?where=State%3D%27Louisiana%27+AND+PrimSource%3D%27solar%27&outFields=*&f=json&resultRecordCount=200,operational
,,,United States,us-susquehanna-steam-electric-station,,,,41.08889,-76.14889,Susquehanna Steam Electric Station,,,reported_or_source_compiled,2514.0,it_load,,,,,,,https://ir.talenenergy.com/news-releases/news-release-details/talen-energy-statement-ferc-order-rejecting-susquehanna-isa;https://ir.talenenergy.com/news-releases/news-release-details/talen-energy-statement-ferc-order-deferring-its-request;https://www.sec.gov/Archives/edgar/data/1622536/000162828024044828/a20241103pressreleaseferco.htm;https://www.nrc.gov/info-finder/reactors/susq1;https://www.nrc.gov/info-finder/reactors/susq2;https://www.world-nuclear-news.org/articles/new-supply-agreement-expands-talen-amazon-partnership;https://www.world-nuclear-news.org/Articles/Talen-sells-carbon-free-data-centre-to-Amazon-clou;https://www.utilitydive.com/news/talen-amazon-aws-susquehanna-nuclear-data-centert/750440/;https://www.utilitydive.com/news/ferc-interconnection-isa-talen-amazon-data-center-susquehanna-exelon/731841/;https://www.utilitydive.com/news/aep-exelon-pjm-interconnection-amazon-data-center-talen-ferc-isa/719869/;https://www.power-eng.com/business/policy-and-regulation/ferc-rejects-amended-interconnection-agreement-for-amazon-data-center-at-susquehanna-nuclear-plant/;https://www.power-eng.com/nuclear/aws-acquires-data-center-campus-connected-to-susquehanna-nuclear-station/;https://www.wnep.com/article/news/local/luzerne-county/amazon-spending-650-million-for-data-center-in-luzerne-county-talen-energy-susquehanna-steam-electric-station-nuclear-nuke-power-plant-acquisition-buy/523-73264033-187f-47b0-8769-d57c171c7aa6;https://en.wikipedia.org/wiki/Susquehanna_Steam_Electric_Station,operational
,,,United States,us-switch-citadel-campus,,,,39.6183,-119.3732,Switch CITADEL Campus,,,reported_or_source_compiled,250.0,it_load,,,,,,,https://www.switch.com/citadel/;https://www.datacenterknowledge.com/switch/switch-unveils-650-mw-data-center-campus-in-reno-nevada;https://www.switch.com/switch-tahoe-reno-data-center-now-open/;https://thenevadaindependent.com/article/have-data-center-tax-breaks-helped-nevadas-economy-heres-what-we-found;https://www.datacenterfrontier.com/colocation/article/11427861/switch-will-support-reno-data-center-campus-with-reclaimed-water;https://www.prnewswire.com/news-releases/switch-tahoe-reno-now-open-largest-most-advanced-data-center-campus-in-the-world-300407648.html;https://ndep.nv.gov/uploads/documents/ap7375-3672-class-i-optc-1.pdf;https://www.peeringdb.com/api/fac?state=NV&limit=200,operational
,,,United States,us-switch-pyramid-campus,,,,42.823,-85.64,Switch Pyramid Campus,,,reported_or_source_compiled,225.0,it_load,,,,,,,https://www.datacenterdynamics.com/en/news/switch-plans-second-expansion-of-pyramid-data-center-campus-in-grand-rapids-michigan/;https://www.switch.com/grand-rapids/;https://www.switch.com/switch-grand-rapids-now-open-largest-advanced-data-center-campus-eastern-u-s/;https://bridgemi.com/michigan-environment-watch/data-centers-create-few-jobs-michigan-wants-give-them-big-tax-breaks/;https://www.governing.com/news/headlines/Has-Switch-Broken-Its-Transformational-Promise-from-2015.html;https://baxtel.com/data-center/switch-grand-rapids-the-pyramid-campus;https://siteselection.com/pyramid-power/;https://www.switch.com/switch-leads-consumers-energys-program-bring-100-renewable-energy-michigan-businesses/;https://cloudandcolocation.com/state/michigan/,operational
,,,United States,us-switch-tahoe-reno-1-the-citadel-campus,,,,39.5140681,-119.4755145,Switch Tahoe Reno 1 (The Citadel Campus),,,reported_or_source_compiled,130.0,it_load,,,,,,,https://www.datacentermap.com/usa/nevada/reno/switch-tahoe-reno/;https://www.openstreetmap.org/way/1116775094;https://www.arcgis.com/home/item.html?id=597555ce8e4a4892a030784a7c657fdd;https://www.switch.com/switch-tahoe-reno-data-center-now-open/;https://www.switch.com/switch-and-capital-dynamics-break-ground-on-massive-solar-and-battery-storage-developments-advancing-rob-roys-gigawatt-nevada/,operational
,,,United States,us-t5-minneapolis-1001-third-avenue-south,,,,44.9714683,-93.2702827,T5@Minneapolis (1001 Third Avenue South),,,reported_or_source_compiled,21.0,it_load,,,,,,,https://www.peeringdb.com/api/fac?state=MN&country=US;https://cloudcapital.com/cloud-capital-and-arcapita-acquire-a-21-megawatt-data-center-in-the-us-with-planned-expansion/;https://www.arcapita.com/insights/arcapita-announces-a-partnership-with-cloud-capital-to-acquire-a-21-megawatt-data-center-in-the-us/;https://www.fox9.com/news/data-center-poised-replace-star-tribune-printing-facility-north-loop;https://nominatim.openstreetmap.org/search?q=1001+3rd+Avenue+South%2C+Minneapolis%2C+MN&format=json&limit=2&addressdetails=1,operational
,,,United States,us-t5-silicon-valley,,,,37.5461,-122.0312,T5@Silicon Valley,,,reported_or_source_compiled,17.0,it_load,,,,,,,https://t5datacenters.com/resources/t5-data-centers-announces-new-enterprise-data-center-in-silicon-valley-ca/;https://www.prnewswire.com/news-releases/t5-data-centers-announces-new-enterprise-data-center-in-silicon-valley-ca-301146933.html;https://www.propertyshark.com/mason/Property/38901571/39800-Eureka-Dr-Newark-CA-94560/;https://www.loopnet.com/property/39800-eureka-dr-newark-ca-94560/06001-901%20018503300/;https://baxtel.com/data-center/t5-silicon-valley-newark;https://ocmcdonald.com/apple-newark-data-facility/;https://www.serverfarmllc.com/data-centers/,operational
,,,United States,us-tecfusions-keystone-connect,,,,40.5817,-79.705,TECfusions Keystone Connect,,,reported_or_source_compiled,12.0,it_load,,,,,,,https://www.prnewswire.com/news-releases/tecfusions-unveils-massive-1400-acre-data-center-project-in-pennsylvania-revitalizing-former-industrial-plant-302350041.html;https://www.cleanview.co/data-centers/pennsylvania;https://www.publicsource.org/upper-burrell-data-center-transparency-backlash/,operational
,,,United States,us-terawulf-lake-mariner,,,,43.35055916999524,-78.61459634619537,TeraWulf Lake Mariner,,,reported_or_source_compiled,205.0,it_load,,,,,,,https://investors.terawulf.com/sec-filings/all-sec-filings/content/0001083301-26-000092/wulf-20260331.htm;https://investors.terawulf.com/news-events/press-releases/detail/140/terawulf-reports-first-quarter-2026-results;https://investors.terawulf.com/news-events/press-releases/detail/114/terawulf-announces-fluidstack-expansion-with-160-mw-cb-5;https://www.nysenate.gov/legislation/bills/2025/S10642;https://gis.niagaracounty.com/arcgis/rest/services/NC_GIS/NC_GIS/FeatureServer/4/query?where=SBL%3D%270070000003028000%27&outFields=*&outSR=4326&f=json;https://www.yahoo.com/news/politics/articles/county-investigating-whether-lake-mariner-111600819.html;https://www.buildwcg.com/blog-posts/terawulf-lake-mariner-data-center-expansion;https://investigativepost.org/2026/07/21/hochul-wants-ban-on-tax-breaks-for-data-centers/;https://nystateofpolitics.com/state-of-politics/new-york/environment/2026/07/07/proposed-data-centers-divide-new-yorkers,operational
,,,United States,us-terry-bundy-generating-station,,,,40.909653,-96.61309,Terry Bundy Generating Station,,,reported_or_source_compiled,216.3,it_load,,,,,,,https://www.publicpower.org/periodical/article/lincoln-electric-system-expands-terry-bundy-plant-with-ge-vernova-gas-turbines;https://www.eia.gov/electricity/data/eia860m/xls/july_generator2026.xlsx,operational
,,,United States,us-thunderhead-wind-energy-center,,,,42.1289,-98.0298,Thunderhead Wind Energy Center,,,reported_or_source_compiled,300.0,it_load,,,,,,,https://www.prnewswire.com/news-releases/wec-energy-group-to-acquire-80-ownership-in-thunderhead-wind-energy-center-300909971.html,operational
,,,United States,us-titan-serverfarm-moses-lake,,,,47.1554,-119.25,TiTAN (Serverfarm Moses Lake),,,reported_or_source_compiled,22.0,it_load,,,,,,,https://www.serverfarmllc.com/moses-lake-data-center/,operational
,,,United States,us-tierpoint-omaha-bellevue-data-center,,,,41.153,-95.925,TierPoint Omaha - Bellevue Data Center,,,reported_or_source_compiled,5.5,it_load,,,,,,,https://www.tierpoint.com/data-centers/nebraska/omaha-bellevue/,operational
,,,United States,us-tierpoint-sioux-falls-west,,,,43.6069708,-96.8091949,TierPoint Sioux Falls - West,,,reported_or_source_compiled,1.0,it_load,,,,,,,https://www.tierpoint.com/data-centers/south-dakota/sioux-falls-west/;https://www.openstreetmap.org/way/239032142,operational
,,,United States,us-toyota-alabama-solar-array,,,,34.8299507,-86.638795,Toyota Alabama Solar Array,,,reported_or_source_compiled,30.0,it_load,,,,,,,https://pressroom.toyota.com/renewable-energy-shines-at-toyota-alabama/;https://www.hsvutil.org/news_detail_T15_R150.php,operational
,,,United States,us-turtle-creek-station,,,,41.056,-96.191,Turtle Creek Station,,,reported_or_source_compiled,450.0,it_load,,,,,,,https://www.oppdcommunityconnect.com/turtle-creek-station;https://www.publicpower.org/periodical/article/oppd-continues-efforts-generation-expansion;https://www.oppdcommunityconnect.com/generation,operational
,,,United States,us-twelvemile-solar-1-2,,,,33.9919761,-96.3776762,Twelvemile Solar 1 & 2,,,reported_or_source_compiled,152.5,it_load,,,,,,,https://www.lreus.com/lre-celebrates-major-milestones-across-725-mw-oklahoma-solar-portfolio-supporting-google-operations-and-regional-power-demand/;https://www.lreus.com/over-700mwac-new-solar-projects-in-ok/;https://www.lreus.com/projects/twelvemile-solar/;https://nominatim.openstreetmap.org/search?q=Durant%2C+Bryan+County%2C+Oklahoma&format=json&limit=2,operational
,,,United States,us-us-signal-mi01-grand-rapids-data-center,,,,42.87690347654,-85.563698606365,US Signal MI01 Grand Rapids Data Center,,,reported_or_source_compiled,3.0,it_load,,,,,,,https://ussignal.com/data-centers/mi01-grand-rapids/;https://ussignal.com/data-centers,operational
,,,United States,us-us-signal-mi02-grand-rapids-data-center,,,,42.826202163837,-85.67268596115,US Signal MI02 Grand Rapids Data Center,,,reported_or_source_compiled,0.45,it_load,,,,,,,https://ussignal.com/data-centers/mi02-grand-rapids/,operational
,,,United States,us-us-signal-mi03-detroit-data-center,,,,42.2356076,-83.4450278,US Signal MI03 Detroit Data Center,,,reported_or_source_compiled,2.0,it_load,,,,,,,https://ussignal.com/data-centers/mi03-detroit/,operational
,,,United States,us-us-signal-mi04-detroit-data-center,,,,42.4477475,-83.2562243,US Signal MI04 Detroit Data Center,,,reported_or_source_compiled,0.8,it_load,,,,,,,https://ussignal.com/data-centers/mi04-detroit/,operational
,,,United States,us-us-signal-mn01-minneapolis-eden-prairie,,,,44.877094,-93.407686,US Signal MN01 Minneapolis (Eden Prairie),,,reported_or_source_compiled,8.25,it_load,,,,,,,https://ussignal.com/data-centers/mn01-minneapolis/;https://ussignal.com/data-centers;https://www.peeringdb.com/api/fac?state=MN&country=US;https://nominatim.openstreetmap.org/search?street=10290+West+70th+Street&city=Eden+Prairie&state=MN&country=US&format=json&limit=2,operational
,,,United States,us-us-signal-or01-bend,,,,44.086105,-121.2830411,US Signal OR01 Bend,,,reported_or_source_compiled,2.0,it_load,,,,,,,https://ussignal.com/data-centers/or01-bend/,operational
,,,United States,us-us-signal-wi01-madison,,,,43.0732716,-89.3870807,US Signal WI01 Madison,,,reported_or_source_compiled,0.15,it_load,,,,,,,https://ussignal.com/data-centers/wi01-madison/,operational
,,,United States,us-us-signal-wi02-madison-fitchburg,,,,42.9947535,-89.42339,US Signal WI02 Madison (Fitchburg),,,reported_or_source_compiled,6.0,it_load,,,,,,,https://ussignal.com/data-centers/wi02-madison/;https://ussignal.com/data-centers,operational
,,,United States,us-unisys-salt-lake-city,,,,40.75962,-111.8868,Unisys Salt Lake City,,,reported_or_source_compiled,1.0,it_load,,,,,,,https://d36oiwf74r1rap.cloudfront.net/wp-content/uploads/2026/04/Data-Center-Growth-FS-Apr2026.pdf;https://cra.slc.gov/project-areas/,operational
,,,United States,us-upstream-wind-energy-center,,,,42.1395,-97.9495,Upstream Wind Energy Center,,,reported_or_source_compiled,202.5,it_load,,,,,,,https://www.gem.wiki/Upstream_Wind_Energy;https://dwee.nebraska.gov/state-energy-information/energy-statistics/fuels/wind/wind-energy-generation-nebraska,operational
,,,United States,us-valorc3-oklahoma-city-data-center,,,,35.4676,-97.5164,ValorC3 Oklahoma City Data Center,,,reported_or_source_compiled,1.25,it_load,,,,,,,https://www.news9.com/oklahoma-city-news/where-are-data-centers-are-being-built-oklahoma-list;https://dcmap.us/states/oklahoma/,operational
,,,United States,us-valorc3-saint-george-data-center,,,,37.10988,-113.58321,ValorC3 Saint George Data Center,,,reported_or_source_compiled,4.0,it_load,,,,,,,https://d36oiwf74r1rap.cloudfront.net/wp-content/uploads/2026/04/Data-Center-Growth-FS-Apr2026.pdf;https://www.utah.gov/pmn/files/1286199.pdf;https://www.datacenterknowledge.com/business/new-data-center-project-in-utah,operational
,,,United States,us-vantage-quincy-wa11,,,,47.2501646,-119.8144903,Vantage Quincy WA11,,,reported_or_source_compiled,89.0,it_load,,,,,,,https://vantage-dc.com/data-center-locations/north-america/quincy-washington/;https://www.openstreetmap.org/way/337127817;https://www.arcgis.com/home/item.html?id=597555ce8e4a4892a030784a7c657fdd;https://vantage-dc.com/news/vantage-data-centers-completes-development-of-89mw-1billion-quincy-washington-campus/,operational
,,,United States,us-vantage-santa-clara-i-ca1,,,,37.3725693,-121.9736589,Vantage Santa Clara I (CA1),,,reported_or_source_compiled,77.0,it_load,,,,,,,https://vantage-dc.com/data-center-locations/north-america/santa-clara-i-california/,operational
,,,United States,us-vantage-santa-clara-ii-ca2,,,,37.3640012,-121.94689,Vantage Santa Clara II (CA2),,,reported_or_source_compiled,75.0,it_load,,,,,,,https://vantage-dc.com/data-center-locations/north-america/santa-clara-ii-california/;https://www.openstreetmap.org/way/1314010354;https://www.arcgis.com/home/item.html?id=597555ce8e4a4892a030784a7c657fdd,operational
,,,United States,us-vantage-santa-clara-iii-ca3,,,,37.3712362,-121.9740103,Vantage Santa Clara III (CA3),,,reported_or_source_compiled,64.0,it_load,,,,,,,https://vantage-dc.com/data-center/santa-clara-iii-california/;https://datacenterhawk.com/marketplace/providers/vantage-data-centers/2590-walsh-avenue/ca3;https://www.energy.ca.gov/powerplant/backup-generating-system/ca3-backup-generating-facility;https://nominatim.openstreetmap.org/search?format=jsonv2&q=2590%20Walsh%20Avenue%2C%20Santa%20Clara%2C%20CA,operational
,,,United States,us-vantage-wa13,,,,47.247,-119.83,Vantage WA13,,,reported_or_source_compiled,64.0,it_load,,,,,,,https://vantage-dc.com/news/vantage-data-centers-completes-development-of-89mw-1billion-quincy-washington-campus/;https://vantage-dc.com/data-center-locations/north-america/quincy-washington/;https://baxtel.com/data-center/quincy,operational
,,,United States,us-volo-data-center,,,,42.3486,-88.1382,Volo Data Center,,,reported_or_source_compiled,14.0,it_load,,,,,,,https://www.datacenterfrontier.com/energy/article/55127752/coreweave-chirisa-illinois-data-center-project-taps-bloom-energy-for-fuel-cell-power-leans-into-microgrids;https://www.microgridknowledge.com/data-center-microgrids/article/55126611/bloom-energy-bringing-fuel-cell-power-to-coreweave-data-center-project-in-illinois;https://chirisatechnologyparks.com/bloom-energy-and-coreweave-partner-to-revolutionize-ai-data-center-power-solutions/;https://dceo.illinois.gov/content/dam/soi/en/web/dceo/aboutdceo/reportsrequiredbystatute/2025-data-centers-annual-report.pdf,operational
,,,United States,us-voonami-orem-data-center,,,,40.29816,-111.69443,Voonami Orem Data Center,,,reported_or_source_compiled,2.0,it_load,,,,,,,https://d36oiwf74r1rap.cloudfront.net/wp-content/uploads/2026/04/Data-Center-Growth-FS-Apr2026.pdf;https://www.utah.gov/pmn/files/498543.pdf,operational
,,,United States,us-walker-springs-i-solar,,,,31.540717,-87.791108,Walker Springs I Solar,,,reported_or_source_compiled,80.0,it_load,,,,,,,https://origisenergy.com/project/walker-springs-i-solar/,operational
,,,United States,us-walker-springs-ii-solar,,,,31.540717,-87.791108,Walker Springs II Solar,,,reported_or_source_compiled,80.0,it_load,,,,,,,https://origisenergy.com/project/walker-springs-ii-solar/,operational
,,,United States,us-walmart-bentonville-data-center,,,,36.364241,-94.182712,Walmart Bentonville Data Center,,,reported_or_source_compiled,12.884,it_load,,,,,,,https://adeq.state.ar.us/home/pdssql/p_facil_details.aspx?AFINDash=04-01474&AFIN=0401474;https://www.datacenter.fyi/facility/walmart-ar-ae65a04c,operational
,,,United States,us-walnut-bend-solar-energy-center,,,,34.514,-91.4536,Walnut Bend Solar Energy Center,,,reported_or_source_compiled,100.0,it_load,,,,,,,https://www.entergy.com/wp-content/uploads/15/Entergy-renewable-portfolio.pdf;https://www.gem.wiki/Walnut_Bend_Solar,operational
,,,United States,us-wapello-solar,,,,41.1530814,-91.175855,Wapello Solar,,,reported_or_source_compiled,100.0,it_load,,,,,,,https://www.prweb.com/releases/clenera-s-wapello-solar-project-reaches-commercial-operation-861926437.html;https://api.openstreetmap.org/api/0.6/relation/13705201.json,operational
,,,United States,us-west-memphis-solar,,,,35.1569,-90.3105,West Memphis Solar,,,reported_or_source_compiled,180.0,it_load,,,,,,,https://www.entergy.com/wp-content/uploads/15/Entergy-renewable-portfolio.pdf;https://www.gem.wiki/West_Memphis_Solar;https://cleanview.co/power-projects/operating/solar-farms/arkansas,operational
,,,United States,us-west-riverside-energy-center,,,,42.5800725,-89.0393972,West Riverside Energy Center,,,reported_or_source_compiled,730.0,it_load,,,,,,,https://www.alliantenergy.com/our-energy/natural-gas/west-riverside;https://nominatim.openstreetmap.org/search?q=West+Riverside+Energy+Center%2C+Wisconsin&format=json&limit=2,operational
,,,United States,us-westblock-capital-bitcoin-mine-shiprock,,,,36.7867,-108.6866,WestBlock Capital Bitcoin Mine (Shiprock),,,reported_or_source_compiled,7.0,it_load,,,,,,,https://futurism.com/navajo-bitcoin-mine-startup;https://www.vice.com/en/article/financial-colonialism-a-bitcoin-mine-in-navajo-nation-flares-tensions/;https://www.coindesk.com/policy/2021/11/10/why-shouldnt-the-navajo-mine-bitcoin,operational
,,,United States,us-wever-battery-energy-storage-system,,,,40.7114884,-91.2304308,Wever Battery Energy Storage System,,,reported_or_source_compiled,99.0,it_load,,,,,,,https://www.alliantenergy.com/news/news-center/2026/02/020526-wood_wever_bess;https://www.alliantenergy.com/our-energy/energy-storage/wever,operational
,,,United States,us-wever-solar-project,,,,40.7191277,-91.2530154,Wever Solar Project,,,reported_or_source_compiled,150.0,it_load,,,,,,,https://api.openstreetmap.org/api/0.6/relation/20083513.json;https://www.alliantenergy.com/our-energy/energy-storage/wever,operational
,,,United States,us-whitefiber-nc-1-ai-data-center-campus,,,,36.3801,-79.9692,WhiteFiber NC-1 AI Data Center Campus,,,reported_or_source_compiled,24.0,it_load,,,,,,,https://www.datacenterdynamics.com/en/news/nscale-agrees-865m-deal-for-40mw-of-space-at-whitefiber-data-center-in-north-carolina/;https://www.whitefiber.com/blog/nc-1-data-center;https://bit-digital.com/press-releases/whitefiber-inc-bit-digitals-ai-unit-acquires-1000000-square-foot-north-carolina-industrial-property-to-support-up-to-200-mw-hpc-data-center-campus/;https://www.wfdd.org/2025-06-03/rockingham-county-set-to-welcome-a-1-billion-ai-data-center;https://www.prnewswire.com/news-releases/whitefiber-inc-reports-second-quarter-2026-results-302848971.html,operational
,,,United States,us-wildflower-solar,,,,34.962,-90.184,Wildflower Solar,,,reported_or_source_compiled,100.0,it_load,,,,,,,https://www.eia.gov/electricity/data/eia860m/xls/july_generator2026.xlsx,operational
,,,United States,us-wildwood-solar,,,,33.9348,-90.3386,Wildwood Solar,,,reported_or_source_compiled,100.0,it_load,,,,,,,https://www.tallahatchienews.ms/solar-electric-generating-facility-site-prep-ongoing;https://www.entergy.com/wp-content/uploads/15/Entergy-renewable-portfolio.pdf;https://www.constructionowners.com/news/construction-kicks-off-for-new-solar-farm;https://www.gem.wiki/Wildwood_(MS)_Solar_Plant,operational
,,,United States,us-woodruff-county-solar-bailey-solar,,,,35.2563,-91.3402,Woodruff County Solar (Bailey Solar),,,reported_or_source_compiled,122.0,it_load,,,,,,,https://www.aecc.com/faqs_category/new-generation-projects/;https://www.gem.wiki/Bailey_solar_farm,operational
,,,United States,us-zafra-plattsburgh-crypto-mining-hosting-facility,,,,44.658589,-73.4540824,Zafra Plattsburgh crypto-mining hosting facility,,,reported_or_source_compiled,8.0,it_load,,,,,,,https://www.zafrahosting.com/;https://www.northcountrypublicradio.org/news/story/40483/20200130/plattsburgh-company-tries-to-keep-cryptocurrency-industry-alive-in-the-city,operational
,,,United States,us-ebay-topaz-data-center,,,,40.55849,-111.93671,eBay Topaz Data Center,,,reported_or_source_compiled,7.2,it_load,,,,,,,https://www.datacenterknowledge.com/hyperscalers/ebay-utah-data-center-earns-leed-gold;https://grist.org/business/ai-utah-data-center-boom-fossil-fuels-gas/;https://d36oiwf74r1rap.cloudfront.net/wp-content/uploads/2026/04/Data-Center-Growth-FS-Apr2026.pdf;https://mccmeetingspublic.blob.core.usgovcloudapi.net/sojordanut-meet-5c77a92d3b554728bf67b91e7e009dac/ITEM-Attachment-001-f0e4eafd922043329648698ba0077660.pdf;https://mccmeetingspublic.blob.core.usgovcloudapi.net/sojordanut-meet-974b3762cc76457ba50aa12674d4a602/ITEM-Attachment-001-e60a92d2ce134faabd49b6a5ff53e5cd.pdf,operational
京都府,相楽郡精華町,E3,Japan,,,,,,,Keihanna OSK11 Data Center (NTT DATA Group),,,reported,30.0,it_load,,,2026-04,Japan Data Center Watch,nttdata-keihanna-osk11,https://www.nttdata.com/global/ja/news/topics/2026/040900/,,operational
京都府,相楽郡精華町,E3,Japan,,39000.0,m2,,,,Kansai Electric CyrusOne OSK1 Data Center,,,reported,48.0,it_load,19693.0,m2,2024-09-12,Japan Data Center Watch,kepco-cyrusone-osk1-seika,https://www.kepco.co.jp/corporate/pr/2024/pdf/20240912_1j.pdf,,announced
兵庫県,神戸市,E3,Japan,,,,,,,Digital Edge OSA2 Data Center,,Digital Edge,reported,,unknown,,,2026-07-26 17:02:47,Japan Data Center Watch,digitaledge-osa2,https://www.digitaledgedc.com/products-services/data-centers/japan/,,operational
北海道,石狩市,E3,Japan,,,,,,,Sakura Internet Ishikari Data Center,,さくらインターネット,reported,,unknown,,,2025-06-25,Japan Data Center Watch,sakura-ishikari,https://www.sakura.ad.jp/corporate/information/newsreleases/2025/06/11/1968219778/,,expansion
北海道,石狩市,E1,Japan,,,,,,,KCCS Zero-Emission Data Center Ishikari,,京セラコミュニケーションシステム,reported,,unknown,,,2024-10-01,Japan Data Center Watch,kccs-zeroemission-ishikari,https://www.mirait-one.com/miraiz/newsflash/article113.html,,operational
北海道,美唄市,E3,Japan,,,,,,,"White Data Center (Bibai, snow cooling)",,ホワイトデータセンター,reported,,unknown,,,2026-07-26 17:39:27,Japan Data Center Watch,wdc-bibai,https://www.city.bibai.hokkaido.jp/soshiki/13/417.html,,operational
北海道,苫小牧市,E3,Japan,,,,,,,Hokkaido Tomakomai AI Data Center,,ソフトバンク; IDCフロンティア,reported,300.0,planned_maximum,,,2025-04-15,Japan Data Center Watch,softbank-idcf-tomakomai-ai,https://www.softbank.jp/sbnews/entry/20250421_01,,under_construction
北海道,稚内市,E3,Japan,,,,,,,宗谷グリーンデータセンターⅠ（稚内・風力発電直結）,,豊田通商株式会社; 株式会社ユーラスエナジーホールディングス,reported,,unknown,,,2026-07-21,Japan Data Center Watch,soya-green-dc-1,https://www.city.wakkanai.hokkaido.jp/sangyo/shoko/kigyoyuchi/datacenter.html,,under_construction
北海道,石狩市,E3,Japan,,,,,,,石狩再エネデータセンター第1号,,東急不動産株式会社; 株式会社Flower Communications; 合同会社石狩再エネデータセンター第1号,reported,15.0,utility_supply,,,2026-08-01,Japan Data Center Watch,flowercom-ishikari-renewable-dc1,https://prtimes.jp/main/html/rd/p/000000015.000119810.html,,operational
北海道,苫小牧市,E3,Japan,,,,,,,Tomakomai AI Factory (AI Tech Tomakomai / Kankyo Friendly HD),,AI Tech Tomakomai株式会社（環境フレンドリーホールディングス子会社）,reported,10.0,planned_maximum,,,2026-07-03,Japan Data Center Watch,att-tomakomai-ai-factory,https://prtimes.jp/main/html/rd/p/000000015.000163480.html,,announced
千葉県,印西市,E1,Japan,,,,,,,AirTrunk TOK1 (Inzai),,AirTrunk,reported,40.0,planned_maximum,,,2025-02-10,Japan Data Center Watch,airtrunk-tok1-inzai,https://www.nikkei.com/article/DGXZQOCC09BU10Z01C25A2000000/,,expansion
千葉県,印西市,E3,Japan,,4000.0,m2,,,,Colt Inzai Data Centre 1,,,reported,8.0,it_load,,,2026-07-15 17:44:34,Japan Data Center Watch,colt-inzai-1,https://www.coltdatacentres.net/ja-JP/our-locations/data-centre-locations-asia/inzai,,operational
千葉県,印西市,E3,Japan,,5000.0,m2,,,,Colt Inzai Data Centre 2,,,reported,15.0,it_load,,,2026-07-15 17:44:34,Japan Data Center Watch,colt-inzai-2,https://www.coltdatacentres.net/ja-JP/our-locations/data-centre-locations-asia/inzai-2,,operational
千葉県,印西市,E3,Japan,,8000.0,m2,,,,Colt Inzai Data Centre 3,,,reported,27.0,it_load,,,2026-07-15 17:44:34,Japan Data Center Watch,colt-inzai-3,https://www.coltdatacentres.net/ja-JP/our-locations/data-centre-locations-asia/inzai-3,,operational
千葉県,印西市,E3,Japan,,8747.0,m2,,,,Colt Inzai Data Centre 4,,,reported,20.0,it_load,,,2025-02-26,Japan Data Center Watch,colt-inzai-4,https://cloud.watch.impress.co.jp/docs/news/1666638.html,,operational
千葉県,印西市,E3,Japan,,,,,,,Google Inzai Data Center,,Google,reported,,unknown,,,2023-04,Japan Data Center Watch,google-inzai,https://www.jetro.go.jp/biznews/2023/04/1f20e76dde6c4da3.html,,operational
千葉県,白井市,E3,Japan,,,,,,,IIJ Shiroi Data Center Campus,,,reported,,unknown,,,2019,Japan Data Center Watch,iij-shiroi-dc-campus,https://www.iij.ad.jp/biz/dc/shiroi.html,,operational
千葉県,印西市,E3,Japan,,,,,,,Keppel Tokyo Data Centre 3,,,reported,,unknown,,,2025,Japan Data Center Watch,keppel-tokyo-data-centre-3-inzai,https://www.keppeldatacentres.com/locations/asia-pacific/japan/tokyo-data-centre-3/,,operational
千葉県,印西市,E3,Japan,,37850.0,m2,,,,MC Digital Realty NRT10 Data Center,,,reported,39.0,it_load,,,2021-09,Japan Data Center Watch,mc-digitalrealty-nrt10-inzai,https://www.mc-digitalrealty.com/data-centers/nrt,,operational
千葉県,印西市,E3,Japan,,45000.0,m2,,,,"MFIP Inzai (Mitsui Fudosan, formerly Inzai Technology Building)",,,reported,,unknown,,,2014-02,Japan Data Center Watch,mfip-inzai,https://mflp.mitsuifudosan.co.jp/logistics/mfip-inzai/,,operational
千葉県,白井市,E3,Japan,,,,,,,NTT DATA Tokyo TKY12 (Inzai/Shiroi Campus),,NTTデータグループ,reported,250.0,planned_maximum,,,2026-07-15 17:44:47,Japan Data Center Watch,nttdata-tky12-inzai-shiroi,https://www.nttdata.com/global/ja/news/release/2026/041700/,,announced
千葉県,印西市,E3,Japan,,,,,,,STACK Infrastructure TKY01A Data Center,,,reported,18.0,it_load,23000.0,m2,2024-10,Japan Data Center Watch,stack-infrastructure-tky01a-inzai,https://cloud.watch.impress.co.jp/docs/wdc/1642329.html,,operational
千葉県,印西市,E1,Japan,,,,,,,STT Tokyo 1 (STT GDC Inzai),,STT GDC,reported,,unknown,,,2025-08-06,Japan Data Center Watch,stt-tokyo1-inzai,https://www.nikkei.com/article/DGXZQOCC09BU10Z01C25A2000000/,,operational
千葉県,印西市,E3,Japan,,17300.0,m2,,,,Equinix TY12x Data Center,,,reported,54.0,it_load,,,2021-03,Japan Data Center Watch,equinix-ty12x-inzai,https://www.equinix.com/jp/ja/data-centers/asia-pacific-colocation/japan-colocation/tokyo-data-centers/ty12x,,operational
千葉県,印西市,E3,Japan,,,,,,,Equinix TY13x Data Center,,,reported,36.0,planned_maximum,,,2023-06-29,Japan Data Center Watch,equinix-ty13x-inzai,https://cloud.watch.impress.co.jp/docs/news/1512793.html,,operational
千葉県,印西市,E3,Japan,,,,,,,Data Section Inzai AI Data Center,,データセクション,reported,,unknown,,,2025-11-07,Japan Data Center Watch,datasection-inzai,https://www.datasection.co.jp/news/pressrelease-20251107002,,announced
千葉県,,E3,Japan,,,,,,,Northern Chiba Green Data Center (DASP / detailed location undisclosed),,ミライト・ワン; ダイキアクシス・サステイナブル・パワー; モルゲンロット; ダイキアクシス・サステイナブル・パワー,reported,,unknown,,,2026-03,Japan Data Center Watch,dasp-chiba-north-green-dc,https://prtimes.jp/main/html/rd/p/000000097.000053470.html,,operational
千葉県,印西市,E1,Japan,,,,,,,Daiwa House DPDC Inzai Park,,大和ハウス工業,reported,,unknown,,,2025,Japan Data Center Watch,daiwahouse-dpdc-inzai,https://xtech.nikkei.com/atcl/nxt/column/18/00154/01968/,,announced
千葉県,柏市,E3,Japan,,,,,,,"AIST AI Data Center Building (ABCI, Kashiwa)",,産業技術総合研究所,reported,,unknown,,,2026-07-26 17:02:48,Japan Data Center Watch,aist-kashiwa-ai-dc,https://abci.ai/ja/about_abci/,,operational
大阪府,大阪市,E3,Japan,,,,,,,Digital Edge OSA1 Data Center,,Digital Edge,reported,14.4,unknown,,,2026-07-26 17:02:47,Japan Data Center Watch,digitaledge-osa1,https://www.digitaledgedc.com/products-services/data-centers/japan/,,operational
大阪府,大阪市,E3,Japan,,,,,,,Equinix OS1 Data Center,,エクイニクス・ジャパン,reported,,unknown,,,2026-07-26 17:02:47,Japan Data Center Watch,equinix-os1,https://www.equinix.com/data-centers/asia-pacific-colocation/japan-colocation/osaka-data-centers/os1,,operational
大阪府,大阪市,E3,Japan,,,,,,,Equinix OS3 Data Center,,エクイニクス・ジャパン,reported,,unknown,,,2026-07-26 17:02:47,Japan Data Center Watch,equinix-os3,https://www.equinix.com/data-centers/asia-pacific-colocation/japan-colocation/osaka-data-centers/os3,,operational
大阪府,堺市,E3,Japan,,,,,,,KDDI Osaka Sakai Data Center,,KDDI,reported,,unknown,,,2026-01-22,Japan Data Center Watch,kddi-osaka-sakai,https://newsroom.kddi.com/news/detail/kddi_nr-891_4287.html,,operational
大阪府,茨木市,E3,Japan,,8271.0,m2,,,,MC Digital Realty KIX10 Data Center,,,reported,7.6,it_load,,,2026-07-15 18:03:15,Japan Data Center Watch,mc-digitalrealty-kix10-ibaraki,https://www.mc-digitalrealty.com/data-centers/kix,,operational
大阪府,箕面市,E3,Japan,,23155.0,m2,,,,MC Digital Realty KIX11 Data Center,,,reported,25.0,it_load,,,2019-06,Japan Data Center Watch,mc-digitalrealty-kix11-minoh,https://cloud.watch.impress.co.jp/docs/news/1189669.html,,operational
大阪府,茨木市,E3,Japan,,,,,,,NTT DATA Osaka (Ibaraki) Data Center,,NTTデータグループ,reported,36.0,it_load,,,2026-07-16,Japan Data Center Watch,nttdata-osaka-ibaraki,https://www.nttdata.com/global/ja/news/topics/2025/052700/,,announced
大阪府,大阪市中央区,E3,Japan,,,,,,,NTT西日本 大阪南データセンター,,西日本電信電話株式会社（NTT西日本）,reported,,unknown,,,2026-06-23,Japan Data Center Watch,nttwest-osaka-minami-dc,https://www.ntt-west.co.jp/news/2606/260623b.html,,announced
大阪府,箕面市,E3,Japan,,3200.0,m2,,,,Equinix OS2x Data Center,,,reported,10.0,it_load,,,2021-12-24,Japan Data Center Watch,equinix-os2x-minoh,https://prtimes.jp/main/html/rd/p/000000034.000048280.html,,operational
大阪府,箕面市,E3,Japan,,4926.0,m2,,,,Equinix OS4x Data Center,,,reported,14.4,it_load,,,2024-06-05,Japan Data Center Watch,equinix-os4x-minoh,https://newsroom.equinix.com/2024-06-05-4-OS4x,,operational
大阪府,堺市,E3,Japan,,,,,,,SoftBank Sakai AI Data Center,,ソフトバンク,reported,150.0,utility_supply,,,2026-07-16,Japan Data Center Watch,softbank-sakai-ai,https://www.softbank.jp/corp/news/press/sbkk/2025/20250314_01/,,announced
宮城県,宮城郡七ヶ浜町,E3,Japan,,,,,,,宮城AIデータセンター（東北電力・七ヶ浜）,,株式会社ゲットワークス; 東北電力株式会社,reported,,unknown,,,2026-07-31,Japan Data Center Watch,tohoku-epco-miyagi-ai-dc,https://www.tohoku-epco.co.jp/news/normal/1248900_2558.html,,operational
島根県,松江市,E3,Japan,,,,,,,Matsue Nakao District Industrial Park (Data Center Attraction),,,reported,,unknown,,,2026-02,Japan Data Center Watch,matsue-nakao-industrial-park-dc,https://www.city.matsue.lg.jp/soshikikarasagasu/seisakubu_seisakukikakuka/WEB_shichoshitsu/1/25144.html,,announced
愛媛県,,E3,Japan,,,,,,,Nanyo Green Data Center (DASP / detailed location undisclosed),,ミライト・ワン; ダイキアクシス・サステイナブル・パワー; モルゲンロット; ダイキアクシス・サステイナブル・パワー,reported,,unknown,,,2026-03,Japan Data Center Watch,dasp-nanyo-green-dc,https://prtimes.jp/main/html/rd/p/000000097.000053470.html,,operational
東京都,文京区,E3,Japan,,,,,,,Digital Edge TYO1 Data Center,,Digital Edge,reported,,unknown,,,2026-07-26 17:02:47,Japan Data Center Watch,digitaledge-tyo1,https://www.digitaledgedc.com/products-services/data-centers/japan/,,operational
東京都,中央区,E3,Japan,,,,,,,Digital Edge TYO2 Data Center,,Digital Edge,reported,,unknown,,,2026-07-26 17:02:47,Japan Data Center Watch,digitaledge-tyo2,https://www.digitaledgedc.com/products-services/data-centers/japan/,,operational
東京都,新宿区,E3,Japan,,,,,,,Digital Edge TYO3 Data Center,,Digital Edge,reported,,unknown,,,2026-07-26 17:02:47,Japan Data Center Watch,digitaledge-tyo3,https://www.digitaledgedc.com/products-services/data-centers/japan/,,operational
東京都,中央区,E3,Japan,,,,,,,Digital Edge TYO7 Data Center,,Digital Edge,reported,4.8,unknown,,,2026-07-26 17:02:47,Japan Data Center Watch,digitaledge-tyo7,https://www.digitaledgedc.com/products-services/data-centers/japan/,,operational
東京都,大田区,E3,Japan,,,,,,,Equinix TY1 Data Center,,エクイニクス・ジャパン,reported,,unknown,,,2026-07-26 17:02:46,Japan Data Center Watch,equinix-ty1,https://www.equinix.com/data-centers/asia-pacific-colocation/japan-colocation/tokyo-data-centers/ty1,,operational
東京都,文京区,E3,Japan,,,,,,,Equinix TY10 Data Center,,エクイニクス・ジャパン,reported,,unknown,,,2026-07-26 17:02:47,Japan Data Center Watch,equinix-ty10,https://www.equinix.com/data-centers/asia-pacific-colocation/japan-colocation/tokyo-data-centers/ty10,,operational
東京都,江東区,E3,Japan,,,,,,,Equinix TY11 Data Center,,エクイニクス・ジャパン,reported,,unknown,,,2026-07-26 17:02:47,Japan Data Center Watch,equinix-ty11,https://www.equinix.com/data-centers/asia-pacific-colocation/japan-colocation/tokyo-data-centers/ty11,,operational
東京都,港区,E3,Japan,,,,,,,Equinix TY15 Data Center,,エクイニクス・ジャパン,reported,,unknown,,,2026-07-26 17:02:47,Japan Data Center Watch,equinix-ty15,https://www.equinix.com/data-centers/asia-pacific-colocation/japan-colocation/tokyo-data-centers/ty15,,operational
東京都,品川区,E3,Japan,,,,,,,Equinix TY2 Data Center,,エクイニクス・ジャパン,reported,,unknown,,,2026-07-26 17:02:46,Japan Data Center Watch,equinix-ty2,https://www.equinix.com/data-centers/asia-pacific-colocation/japan-colocation/tokyo-data-centers/ty2,,operational
東京都,江東区,E3,Japan,,,,,,,Equinix TY3 Data Center,,エクイニクス・ジャパン,reported,,unknown,,,2026-07-26 17:02:46,Japan Data Center Watch,equinix-ty3,https://www.equinix.com/data-centers/asia-pacific-colocation/japan-colocation/tokyo-data-centers/ty3,,operational
東京都,千代田区,E3,Japan,,,,,,,Equinix TY4 Data Center,,エクイニクス・ジャパン,reported,,unknown,,,2026-07-26 17:02:46,Japan Data Center Watch,equinix-ty4,https://www.equinix.com/data-centers/asia-pacific-colocation/japan-colocation/tokyo-data-centers/ty4,,operational
東京都,江東区,E3,Japan,,,,,,,Equinix TY5 Data Center,,エクイニクス・ジャパン,reported,,unknown,,,2026-07-26 17:02:46,Japan Data Center Watch,equinix-ty5,https://www.equinix.com/data-centers/asia-pacific-colocation/japan-colocation/tokyo-data-centers/ty5,,operational
東京都,品川区,E3,Japan,,,,,,,Equinix TY6 Data Center,,エクイニクス・ジャパン,reported,,unknown,,,2026-07-26 17:02:46,Japan Data Center Watch,equinix-ty6,https://www.equinix.com/data-centers/asia-pacific-colocation/japan-colocation/tokyo-data-centers/ty6,,operational
東京都,品川区,E3,Japan,,,,,,,Equinix TY7 Data Center,,エクイニクス・ジャパン,reported,,unknown,,,2026-07-26 17:02:47,Japan Data Center Watch,equinix-ty7,https://www.equinix.com/data-centers/asia-pacific-colocation/japan-colocation/tokyo-data-centers/ty7,,operational
東京都,品川区,E3,Japan,,,,,,,Equinix TY8 Data Center,,エクイニクス・ジャパン,reported,,unknown,,,2026-07-26 17:02:47,Japan Data Center Watch,equinix-ty8,https://www.equinix.com/data-centers/asia-pacific-colocation/japan-colocation/tokyo-data-centers/ty8,,operational
東京都,昭島市,E3,Japan,,1210000.0,m2,,,,GLP Akishima Project (8 Data Center Buildings),,,reported,,unknown,588000.0,m2,2025-04,Japan Data Center Watch,glp-akishima-project,https://glp-akishima.net/,,pre_consultation
東京都,府中市,E3,Japan,,,,,,,SoftBank Tokyo Fuchu Data Center,,ソフトバンク,reported,50.0,utility_supply,,,2020-12,Japan Data Center Watch,softbank-fuchu-dc,https://www.softbank.jp/corp/news/press/sbkk/2020/20201201_01/,,operational
東京都,日野市,E3,Japan,,,,,,,Mitsui Fudosan Hino DC Project,,三井不動産,reported,,unknown,,,2026-07-09,Japan Data Center Watch,mitsuifudosan-hino-dc,https://news.yahoo.co.jp/articles/e63981bc8769dd71ffe761ff37b5e5ceaaefd831,,pre_consultation
神奈川県,横浜市,E3,Japan,,,,,,,Digital Edge TYO4/5/6 Yokohama Campus,,Digital Edge,reported,18.5,unknown,,,2026-07-26 17:02:47,Japan Data Center Watch,digitaledge-tyo456-yokohama,https://www.digitaledgedc.com/products-services/data-centers/japan/,,operational
神奈川県,相模原市中央区,E3,Japan,,,,,,,NEC Kanagawa Data Center,,,reported,,unknown,,,2023-10,Japan Data Center Watch,nec-kanagawa-dc-sagamihara,https://jpn.nec.com/outsourcing/dc/kanagawa.html,,operational
神奈川県,相模原市,E3,Japan,,,,,,,相模原データセンターキャンパス計画（グッドマン・麻溝台/新磯野北部地区）,,グッドマンジャパングループ,reported,,unknown,,,2026-05-28,Japan Data Center Watch,goodman-sagamihara-dc-campus,https://www.city.sagamihara.kanagawa.jp/shisei/1026823/machitsukuri/toshikeikaku/1004671/1017814/1017752.html,,announced
福岡県,北九州市,E1,Japan,,,,,,,APL Kitakyushu Data Center,,APLグループ（アジア・パシフィック・ランド）,reported,120.0,planned_maximum,,,2023-08,Japan Data Center Watch,apl-kitakyushu,https://www.nikkei.com/article/DGXZQOJC233YH0T20C23A8000000/,,announced
福岡県,糸島市,E1,Japan,,,,,,,APL Itoshima Data Center,,APLグループ（アジア・パシフィック・ランド）,reported,300.0,utility_supply,,,2024-02-05,Japan Data Center Watch,apl-itoshima,https://www.nikkei.com/article/DGXZQOJC055CX0V01C24A2000000/,,announced
福岡県,久留米市,E1,Japan,,,,,,,JR Kyushu Kurume Data Center,,JR九州（九州旅客鉄道）,reported,,unknown,,,2026-07-16,Japan Data Center Watch,jrkyushu-kurume,https://www.nikkei.com/article/DGXZQOJC294UH0Z21C25A0000000/,,announced
福岡県,北九州市八幡東区,E3,Japan,,,,,,,Fukuoka Kitakyushu Data Center (Asian Frontier),,,reported,,unknown,,,2008,Japan Data Center Watch,idc-frontier-kitakyushu-yahatahigashi,https://www.idcf.jp/datacenter/location/asianfrontier/,,operational
茨城県,つくば市,E3,Japan,,,,,,,グッドマンつくばデータセンターキャンパス,,グッドマンジャパン株式会社; グッドマンジャパンつくば特定目的会社,reported,,unknown,,,2024-01-25,Japan Data Center Watch,goodman-tsukuba-dc-campus,https://kyodonewsprwire.jp/release/202401245692,,announced
香川県,綾歌郡綾川町,E3,Japan,,,,,,,綾川町データセンター（ハイレゾ・旧綾上中学校）,,株式会社ハイレゾ,reported,,unknown,,,2026-03-03,Japan Data Center Watch,highreso-ayagawa-dc,https://highreso.jp/press/40442/,,operational
鹿児島県,薩摩川内市,E3,Japan,,,,,,,Iriki Industrial Park AI Data Center (Digital Dynamic),,,reported,19.0,planned_maximum,37000.0,m2,2025-11-25,Japan Data Center Watch,digitaldynamic-iriki-industrial-park-ai,https://373news.com/news/local/detail/224994,,announced
鹿児島県,薩摩川内市,E3,Japan,,,,,,,Satsumasendai AI Data Center,,凱信数基（カイシンデジタルインフラストラクチャー）株式会社,reported,,unknown,,,2026-07-18,Japan Data Center Watch,kaishin-satsumasendai-ai,https://www.city.satsumasendai.lg.jp/shigoto_sangyo/sangyoricchi/3/20533.html,,announced
鹿児島県,出水市,E3,Japan,,,,,,,鹿児島出水データセンター（ゲットワークス）,,株式会社ゲットワークス,reported,,unknown,,,2026-08-01,Japan Data Center Watch,getworks-kagoshima-izumi-dc,https://www.bbix.net/en/information/press/2026-07-29/,,operational
MI,Southfield,confirmed,United States,,,,,42.4716416,-83.2380417,123NET Southfield DC1,"Carrier-neutral colocation, home of the DET-iX Michigan internet exchange. Operator announcement dated 2025-09-24 (retrieved 2026-09-09) states a 4 MW expansion; that is the increment added, not a facility total, so capacityMw is omitted rather than recorded as 4. The announcement states liquid- and air-cooled capacity aimed at GPU clusters and AI inference, hence aiClassification mixed_use for a general-purpose colo that explicitly sells AI capacity. No investment, jobs, or incentive figures are stated. 123NET's own site lists further Southfield buildings (DC2, DC3); those were not confirmed against a fetched operator page in this run and are therefore not proposed here. Coordinates geocoded from the street address in the announcement; parcel not confirmed.",123NET,reported,4.0,unknown,,,2026-09-21,Compute Atlas,123net-dc1-southfield-mi,https://www.123.net/news/123net-expands-dc1/,,operational
NE,Omaha,confirmed,United States,,,,,41.2578,-95.9375,1623 Farnam,"Omaha's carrier hotel: a nine-story, ~75,000 sq ft facility with around 8 MW of capacity at 1623 Farnam Street downtown, home to the OmahaIX internet exchange and some 60 carriers. News Press & Gazette Co. subsidiary Berks Group acquired Nebraska Data Centers and the 1623 Farnam carrier hotel in 2018 and established 1623 Farnam LLC — so 'Nebraska Data Centers' as an operator name is HISTORICAL, not current. Build-out history: a $10 million expansion in 2019 built out the fifth floor, floors six through nine were added in 2021, and the final two data halls completed in June 2025 added 1.5 MW of IT capacity and space for 280 racks. CEO Bill Severn cites 'significant demand from AI workloads, edge deployments, content platforms, and broadband networks'. The company is separately planning an OMA2 campus expansion explicitly aimed at AI and edge infrastructure growth, with no site, size or date disclosed on its own page — a LEAD to re-check, not yet a proposable facility. DCD also reports the facility serves Trump Media & Technology Group; that is a tenant claim DCD attributes to other reporting and is deliberately NOT recorded as a structured field. capacityMw is the ~8 MW total, not the 1.5 MW increment; investmentUsd records ONLY the sourced $10M 2019 fifth-floor expansion, since no total site capex is published. Coordinates are a street-address approximation.",1623 Farnam,reported,8.0,unknown,,,2026-08-16,Compute Atlas,1623-farnam-omaha-ne,http://web.archive.org/web/20250830145932/https://www.datacenterdynamics.com/en/news/1623-farnam-adds-15mw-to-omaha-data-center-in-nebraska/,,operational
NJ,Newark,confirmed,United States,,,,,40.7369,-74.1739,165 Halsey Street,"Major carrier-neutral carrier hotel and colocation building in downtown Newark: 1.2M sq ft, 14-story former Bamberger's department store (built 1912-1929) converted to telecom use starting 1996 (retrofit initiated by Samuel Jemal). Over 360,000 sq ft of active colocation space plus roughly 110,000 sq ft available; six meet-me rooms totaling 240,000+ sq ft; 60+ networks with no MRC cross-connect fees; a landing point for the Apollo transatlantic submarine cable system. 80 MW power capacity confirmed independently by both Baxtel and the operator's own site.",Tishman Real Estate,reported,80.0,unknown,,,2026-09-21,Compute Atlas,165-halsey-street-newark-nj,https://www.165halsey.com/about-us/,,operational
NJ,Bridgewater,confirmed,United States,,,,,40.5814424,-74.5738875,365 Data Centers Bridgewater,"25,600 sq ft data center with 2.3 MW of power and 20 MW total available for future expansion; N+1 UPS above 2 MW, a 2N generator with a 13,000-gallon fuel tank rated for 72 hours, and nearly 300 cabinets, cages and suites.",365 Data Centers,reported,2.3,unknown,,,2026-09-14,Compute Atlas,365-data-centers-bridgewater-nj,https://365datacenters.com/new-jersey-data-center/,,operational
NJ,Carlstadt,confirmed,United States,,,,,40.827949,-74.049418,365 Data Centers Carlstadt (NJ3),"187,600 sq ft data center plus a 4,000 sq ft admin area, over 120,000 sq ft of raised floor, 18 MW of data center power, four 2 MW and six 2.5 MW generators rated for 40 hours at full load, and a 4,000-ton N+1 cooling plant. Two OSM address points exist for 410 Commerce Boulevard; the registry point is used, hence 'approximate'.",365 Data Centers,reported,18.0,unknown,,,2026-09-14,Compute Atlas,365-data-centers-carlstadt-nj,https://365datacenters.com/carlstadt-data-center/,,operational
NY,Commack,confirmed,United States,,,,,40.8242092,-73.2929267,365 Data Centers Long Island (Commack),"24,000 sq ft across two pods, Tier III, constructed 2016. The acquisition announcement states 3 MW immediately available out of 6 MW total utility power and generator capacity; capacityMw.operational records that 6 MW figure, which is utility-plus-generator capacity rather than a measured IT load. Coordinates are a street-address geocode (two OSM address points exist at this address ~110 m apart), hence precision ""approximate"".",365 Data Centers,reported,6.0,unknown,,,2026-09-14,Compute Atlas,365-data-centers-commack-ny,https://365datacenters.com/commack/,,operational
MA,Marlborough,confirmed,United States,,,,,42.3527,-71.58411,365 Data Centers Marlborough (MA1),"64,000 sq ft facility described by the operator as its ""premiere business continuity center in the northeast quadrant,"" serving Boston, Providence and Springfield enterprise customers. Certified PCI-DSS, HIPAA, SOC 1, SOC 2, SSAE 18, ISAE 3402. No AI/HPC capacity named at this site, so aiClassification is left unset.",365 Data Centers,reported,2.8,unknown,,,2026-09-27,Compute Atlas,365datacenters-marlborough-ma,https://365datacenters.com/marlborough-data-center/,,operational
GA,Statesboro,reported,United States,,,,,32.4049295,-81.7440222,Burkhalter Road Data Center (4AM Development),"Two-story building of roughly 230,000 sq ft plus a 3/4-acre reserved Georgia Power substation site. The concept plan describes 40-90 MW and the developers applied to Georgia Power for a maximum of 99 MW; no single figure is asserted here. Owners named as Bobby Bagwell and Charles C. Way; the site is being zoned speculatively. Coordinates are approximate to Burkhalter Road pending parcel confirmation.","4AM Development, LLC (developer; operator undisclosed)",reported,99.0,planned_maximum,27.0,acre,2026-09-23,Compute Atlas,4am-development-burkhalter-road-statesboro-ga,https://www.statesboroherald.com/local/statesboro-mayor-and-council-approve-rezoning-for-burkhalter-data-center-by-3-2-vote/,,planned
AZ,Phoenix,reported,United States,,,,,33.4703256,-112.1204899,5C Data Centers PHX01,"140,000 sq ft first building, roughly three miles west of downtown Phoenix; described as the first building of a 5C campus.",5C Data Centers,reported,20.0,planned_maximum,,,2026-09-23,Compute Atlas,5c-data-centers-phx01-phoenix-az,https://www.prnewswire.com/news-releases/5c-data-centers-announces-new-data-center-region-in-phoenix-arizona-302252217.html,,planned
OH,Springfield,confirmed,United States,,,,,39.8664,-83.7936,5C Group / Vultr Data Center (Prime Ohio),"5C Group (formed May 2025 when Hypertec Cloud acquired 5C Data Centers) owns/builds the campus in the Prime Ohio corporate park; Vultr (legal entity The Constant Company, LLC) is the AI/cloud tenant. Corrects a discovery-pipeline conflation of this project with a separate, independently tax-credited Crusoe Energy Systems project elsewhere in Springfield -- not the same facility. Capacity: 75 MW disclosed operating load at opening vs. 150 MW max design load (city FAQ) -- both real, tracked field carries the larger design figure. Investment: ~$1.3B total project cost (multi-source) vs. $901.3M JobsOhio incentive-scoped committed investment -- tracked field carries the total-project figure. 120 permanent jobs / >$14M annual payroll disclosed (WYSO); a separate JobsOhio incentive filing cites 20 committed data-infrastructure jobs (narrower, incentive-scoped count). Incentives: ~$95M city enterprise-zone abatement over 15 years; $32M+ state 10-year 50% Ohio Tax Credit Authority credit (Oct 2025) to The Constant Company. Community context: Springfield passed a 6-month moratorium on new data centers and a citizen petition to ban them was launched; Clark County (Jul 2026) restricted data centers to I-2 heavy-industrial zoning, but the county's own zoning administrator noted no I-2 parcels currently exist in county jurisdiction, and Springfield Township (where Prime Ohio sits) zones separately from the county -- this rule change may not directly bind this site.","5C Group (Hypertec Cloud + 5C Data Centers); tenant Vultr (The Constant Company, LLC)",reported,150.0,planned_maximum,,,2026-08-02,Compute Atlas,5c-group-vultr-prime-ohio-springfield-oh,https://www.wyso.org/news/2025-12-09/new-1-3-billion-data-center-in-springfield-expected-to-open-in-early-2026,,planned
TN,Memphis,reported,United States,,,,,35.0301213,-89.936928,5C MEM01 Memphis (former Fred's headquarters),"Conversion of the former Fred's discount-retail headquarters, a multi-storey warehouse and office complex bought by Olymbec in 2019. DCD (2025-05-06), citing WREG, reports plans were submitted to Shelby County in late 2024 to convert 4300 Getwell Road into a data center supporting an initial 15MW IT load in phase one; the 15 MW phase-one figure is what is recorded as planned capacity. 5C's own site separately listed a Memphis facility, MEM01, at 20MW in 2025 and 60MW from 2027 — those larger figures are second-hand in this source and are deliberately NOT recorded as capacity. The 965,000 sq ft / 59-acre complex figures are Olymbec's, for the whole property, not for the data-center footprint. Quebec firms Adag Group and Hypertec are involved; 5C was subsequently acquired by Hypertec. Status is proposed and confidence reported: no source fetched here confirms permit issuance or construction start. Separately, Memphis City Council members led by JB Smiley Jr. introduced a proposed ordinance on 2026-08-16 for a temporary moratorium on new data-center developments citywide, which is context for this site but is not stated to apply to it.",5C Data Centers,reported,15.0,planned_maximum,59.0,acre,2026-09-21,Compute Atlas,5c-mem01-memphis-tn,https://web.archive.org/web/20250720112541/https://www.datacenterdynamics.com/en/news/5c-plots-data-center-at-former-freds-site-in-memphis-tennessee/,,planned
NY,New York,reported,United States,,,,,40.71767,-74.008348,60 Hudson Street,"Landmarked 1930 Art Deco former Western Union building in TriBeCa, Manhattan — the East Coast's most important carrier hotel / interconnection point, hosting 100+ telecom and data-center tenants. Represented as ONE consolidated facility record rather than one per tenant, since the physical building is the meaningful unit. Total building size is 1,149,619 sq ft, 24 stories + basement, per an authoritative SEC EDGAR CMBS filing (2023) — this is whole-building square footage, not data-center-specific space. No whole-building data-center power (MW) figure is disclosed by any verifiable primary source; a 50MW figure appears on aggregator sites but traces to an unverified 2014 reference and is not repeated here as fact. The one solidly-verified tenant figure: Hudson Interxchange (HIX) occupies ~173,000 sq ft with a 15MW Con Edison feed (+2MW expansion announced), confirmed via Data Center Dynamics (2024-08-21). Figures for Digital Realty and DataBank's space in this building could not be independently confirmed from primary sources in this research pass (conflicting numbers across aggregator sites) and are deliberately omitted rather than guessed — capacityMw is left unset for the same reason (no reliable whole-building total exists). Coordinates are a building-level geocode from a map aggregator, not independently verified against a primary GIS source.","Multi-tenant carrier hotel (Hudson Interxchange, Digital Realty, DataBank, Equinix, and 100+ telecom tenants)",reported,15.0,unknown,,,2026-09-08,Compute Atlas,60-hudson-street-ny,https://www.sec.gov/Archives/edgar/data/1994342/000153949723001716/n3791_x3-ts.htm,,operational
NY,New York,reported,United States,,,,,40.7045967,-74.011221,75 Broad Street (Broad Street Connect carrier hotel),"Financial District carrier hotel two blocks from the NYSE. NYI describes ~12.5 MW of potential electrical output across 10 switches with 6,500 A currently available, two generator floors (25,000 gal fuel) and 1,000 tons of cooling; MW is a building electrical figure, not a stated IT load, so capacityMw is left unset.","Multi-tenant carrier hotel — NYI / JEMB Realty 'Broad Street Connect'; tenants include HorizonIQ (Internap NYMEXT1), Evocative, Epsilon and Verizon",reported,12.5,unknown,,,2026-09-21,Compute Atlas,75-broad-street-manhattan-ny,https://www.nyi.net/solutions/colocation-data-centers/new-york/broad-street-connect/,,operational
NJ,Millville,reported,United States,,,,,39.402,-75.043,A1 Data Center Campus,"1300 Wheaton Ave. Advertised as a speculative 'ready for inquiry' project (2.9M sq ft, a 1.4GW power pathway, 15-yr tax abatement); no tenant was ever confirmed. Coordinates are approximate.",A1 Data Center,reported,1400.0,planned_maximum,66.0,acre,2026-08-16,Compute Atlas,a1-data-center-millville-nj,https://www.roi-nj.com/2026/05/20/tech/millville-bans-data-centers-rejecting-largest-proposed-facility-in-n-j/,,planned
SC,Moore,confirmed,United States,,,,,34.8548673,-82.0126849,CLT-01 Campus (One Blockchain Spartanburg),"Operated by One Blockchain LLC, wholly owned by AIB Data Centers Inc. (NYSE American: AIB; renamed from BlockchAIn Digital Infrastructure on 2026-06-25). The 10-Q states an existing 40 MW facility on leased land in Spartanburg County being repurposed into the ~65 MW CLT-01 AI/HPC campus via project entity AIB CLT1 LLC (formed 2026-06-23); revenue today is bitcoin hosting, hence aiClassification mixed_use. Baxtel reports the address as 389 Tyger River Industrial Drive; that address is NOT in the SEC filing, so it is recorded here only as a note and the coordinate is the Tyger River Industrial Drive road centroid (approximate, not parcel-confirmed). Same industrial park as the cancelled TigerDC Project Spero record but a different operator and a different, already-built facility.",AIB Data Centers Inc. (One Blockchain LLC),reported,40.0,unknown,,,2026-09-22,Compute Atlas,aib-clt-01-spartanburg-county-sc,https://www.sec.gov/Archives/edgar/data/2070542/000121390026089151/ea0301093-10q_aibdata.htm,,operational
SC,Moore,confirmed,United States,,,,,34.8548673,-82.0126849,CLT-01 Campus (One Blockchain Spartanburg),"Operated by One Blockchain LLC, wholly owned by AIB Data Centers Inc. (NYSE American: AIB; renamed from BlockchAIn Digital Infrastructure on 2026-06-25). The 10-Q states an existing 40 MW facility on leased land in Spartanburg County being repurposed into the ~65 MW CLT-01 AI/HPC campus via project entity AIB CLT1 LLC (formed 2026-06-23); revenue today is bitcoin hosting, hence aiClassification mixed_use. Baxtel reports the address as 389 Tyger River Industrial Drive; that address is NOT in the SEC filing, so it is recorded here only as a note and the coordinate is the Tyger River Industrial Drive road centroid (approximate, not parcel-confirmed). Same industrial park as the cancelled TigerDC Project Spero record but a different operator and a different, already-built facility.",AIB Data Centers Inc. (One Blockchain LLC),reported,65.0,planned_maximum,,,2026-09-22,Compute Atlas,aib-clt-01-spartanburg-county-sc,https://www.sec.gov/Archives/edgar/data/2070542/000121390026089151/ea0301093-10q_aibdata.htm,,planned
MD,Glen Burnie,reported,United States,,,,,39.169,-76.612,AiNET CyberNAP,"Carrier hotel and colocation campus of roughly 300,000-360,000 sq ft on 15 acres, less than 10 miles from Fort Meade, with three concentric security zones and power density above 25 kW per cabinet. Capacity is operator-stated.",AiNET,reported,80.0,unknown,15.0,acre,2026-08-26,Compute Atlas,ainet-cybernap-glen-burnie-md,https://www.ai.net/cybernap/,,operational
MD,Baltimore,confirmed,United States,,,,,39.291652966378,-76.619738877727,AiNET One Market Center (Baltimore Carrier Hotel),"Coordinates confirmed via US Census geocoder (exact match on 300 W Lexington St, Baltimore, MD 21201). AiNET's own page states the One Market Center property totals '80 Megawatts of power, and over 150,000 rentable square feet of telecom, data center, and technical office space' -- this is a multi-tenant carrier hotel building (also home to DataBank's separately-recorded BWI1 facility), so the 80MW figure describes the building's total stated power capacity, not necessarily AiNET's own exclusive allocation; recorded as-stated per the source rather than apportioned. aiClassification omitted: no source names AI/GPU/HPC use at this specific site.",AiNET,reported,80.0,unknown,,,2026-09-13,Compute Atlas,ainet-one-market-center-baltimore-md,https://www.ai.net/carrierhotel/,,operational
OH,Conesville,reported,United States,,,,,40.27,-81.83,Aligned Data Centers – Conesville Industrial Park,"Brownfield redevelopment of former AEP Conesville coal plant (2 GW, operational 62 years, closed May 2020). Frontier Group of Companies acquired the plant in 2020 and built the Conesville Industrial Park across ~2,500 acres; Aligned purchased a 197-acre parcel. Aligned describes the project as 'AI/HPC' and 'Gigascale' in its press materials, and this is its third Ohio campus (others: Perkins Township/Sandusky, 96 MW total; Pataskala). Multi-building campus — renderings show up to four buildings; second, third, and fourth buildings referenced at groundbreaking. Capacity MW not publicly disclosed. Investment described as 'multi-billion dollar' — no firm figure confirmed; field omitted per policy. Construction jobs described as 'thousands'; permanent roles as 'hundreds of high-quality long-term positions' — projections only, numeric fields omitted. Aligned is exploring on-site nuclear power (SMRs) for this campus and nearby Zanesville/Cambridge sites; no agreement confirmed. Coordinates approximate (village-level). Site infrastructure funding note: the Coshocton Port Authority received a $58.7M grant (Ohio Dept of Development All Ohio Future Fund, announced July 21, 2025) for utility upgrades, water/wastewater extensions, and roadway improvements across the broader industrial park — this benefits Aligned indirectly but is not a direct subsidy to Aligned and is therefore not listed under subsidies.",Aligned Data Centers,reported,340.0,planned_maximum,197.0,acre,2026-09-09,Compute Atlas,aligned-conesville-oh,https://aligneddc.com/press-release/aligned-data-centers-expands-in-ohio-with-new-mega-scale-ai-campus/,,planned
TX,Plano,reported,United States,,,,,33.0093142,-96.6765617,Aligned DFW-01,"Confirmed operational on Aligned's Dallas directory page; address 2800 Summit Ave, Plano, TX 75074. AI/HPC (likely): Dallas DFW-01: Aligned DeltaFlow/Delta3 high-density AI/HPC platform.",Aligned Data Centers,reported,60.0,unknown,,,2026-09-01,Compute Atlas,aligned-dfw-01-tx,https://aligneddc.com/dallas-data-centers/,,operational
VA,Ashburn,reported,United States,,,,,39.0136079,-77.4705563,Aligned IAD-01,"Ashburn campus confirmed operational (IAD-01, 370,000 sq ft, 60MW) via Aligned press/case study pages; generic candidate name mapped to the first/flagship building. AI/HPC (likely): Ashburn IAD-01 supports AI/HPC/GPU via adaptive high-density design.",Aligned Data Centers,reported,60.0,unknown,,,2026-09-01,Compute Atlas,aligned-iad-01-va,https://aligneddc.com/northern-virginia-data-centers/,,operational
MD,Frederick,confirmed,United States,,,,,39.3417,-77.5089,Aligned Data Centers IAD-06 Frederick,"Two-story, 450,000 sq ft, 72 MW building — the second of four planned on Aligned's 75-acre, roughly 264 MW campus inside Quantum Frederick. About 345 skilled workers were on site at topping out with more than 80,000 craft hours logged.",Aligned Data Centers,reported,72.0,planned_maximum,,,2026-08-26,Compute Atlas,aligned-iad-06-frederick-md,https://www.turnerconstruction.com/insights/turner-celebrates-topping-out-of-aligned-iad-06-data-center-in-frederick-maryland,,planned
OH,Sandusky (Perkins Township),reported,United States,,,,,41.4321977,-82.7189574,Aligned NEO-01,"Confirmed via Aligned's Northeast Ohio page and DatacenterDynamics/JobsOhio press coverage; 2509 Hayes Ave, Sandusky, OH; 96MW/200,000 sq ft, under construction, official name NEO-01. AI/HPC (likely): Sandusky NEO-01 on Aligned DeltaFlow/Delta3 AI/HPC design.",Aligned Data Centers,reported,96.0,planned_maximum,,,2026-09-02,Compute Atlas,aligned-neo-01-oh,https://aligneddc.com/northeast-ohio-data-centers/,,planned
IL,Northlake,reported,United States,,,,,41.9140034,-87.9175163,Aligned ORD-01,"Confirmed via Aligned Chicago page and DatacenterDynamics ('Aligned completes first Chicago data center'); 505 Northwest Ave, Northlake, IL; 48MW, operational. AI/HPC (likely): Northlake ORD-01 hyperscale, adaptive AI/HPC cooling platform.",Aligned Data Centers,reported,48.0,unknown,18.5,acre,2026-09-25,Compute Atlas,aligned-ord-01-il,https://aligneddc.com/chicago/,,operational
OH,Pataskala,confirmed,United States,,,,,39.9956,-82.6743,Aligned Data Centers — Pataskala,"Blocked 200 MW campus (89 acres, 3 planned buildings, down from 4) at Broad St & Mink St in the Pataskala industrial park, which would have run on on-site Bloom Energy natural-gas fuel cells. The Planning & Zoning Commission voted 5–2 on 2026-06-03 to recommend rejection (staff had recommended approval), and City Council rejected the site plan 7-0 on 2026-08-25. Recorded as cancelled because the city denied the application; note that Aligned itself has not abandoned the project — its general counsel said the company would “reflect and regroup.” A citizen charter amendment banning data centers over 25 MW goes to Pataskala and Granville voters on Nov. 3, 2026. Coordinates approximate (Pataskala city-center).",Aligned Data Centers,reported,200.0,planned_maximum,,,2026-09-02,Compute Atlas,aligned-pataskala-licking-oh,https://freepress.org/article/pataskala-ohio-zoning-votes-down-data-center-application,,planned
AZ,Glendale,confirmed,United States,,,,,33.5387,-112.186,Aligned PHX-13,"PHX-13, a 72 MW campus in Glendale, Maricopa County. Coordinates are the Glendale area centroid. Land acquired for $86.5M (100 acres at 8785 N Reems Rd, Dec 2024, from LXP Industrial Trust) - land cost, not campus capex -> investmentUsd omitted. No job counts disclosed -> jobs honest-zero. The campus likely uses Arizona's statutory data-center TPT exemption (A.R.S. 41-1519), but no ACA certification or GPLET agreement for this campus is public -> subsidy honest-zero.",Aligned Data Centers,reported,72.0,planned_maximum,100.0,acre,2026-09-14,Compute Atlas,aligned-phx13-glendale-az,https://news.constructconnect.com/aligned-data-centers-breaks-ground-in-glendale-expanding-arizona-infrastructure,,planned
TX,Abernathy,confirmed,United States,,,,,33.84,-101.84,Aligned Data Centers Project Caprock,"Six facilities totaling 1.65 million sq ft across 313 acres. Largest data center groundbreaking in West Texas at time of announcement. TeraWulf separately targeting a data center campus in Abernathy for Fluidstack. Coordinates corrected: Abernathy TX is at approximately 33.84°N, 101.84°W; original record had longitude −101.55 which is ~15 miles east of the city.",Aligned Data Centers,reported,540.0,planned_maximum,313.0,acre,2026-07-06,Compute Atlas,aligned-project-caprock-hale-county-tx,https://aligneddc.com/press-release/aligned-breaks-ground-on-project-caprock/,,planned
MD,Adamstown,confirmed,United States,,,,,39.263,-77.387,Aligned Data Centers IAD-04 Frederick,"Part of TPG Real Estate / Catellus Development's 2,100-acre Quantum Frederick campus on former Alcoa Eastalco aluminum plant (closed 2010, demolished 2017) in Frederick County MD. Coordinates are approximate for campus area near Buckeystown/Adamstown. Location.city set to Adamstown per the more recent, project-specific Frederick News-Post coverage (2025-11-11, via Yahoo Finance); the 2021 Maryland Dept. of Commerce announcement had said ""near Buckeystown"" — recorded here so the choice is auditable rather than looking arbitrary.",Aligned Data Centers,reported,72.0,planned_maximum,75.0,acre,2026-08-26,Compute Atlas,aligned-quantum-frederick-md,https://www.datacenterdynamics.com/en/news/aligned-breaks-ground-on-72mw-maryland-data-center-in-quantum-frederick-park/,,planned
PA,Shippingport,reported,United States,,,,,40.63,-80.44,Shippingport Industrial Park,Two natural-gas-powered buildings in a 660-acre industrial park; construction potentially starting later 2026.,Aligned Data Centers,reported,2000.0,planned_maximum,660.0,acre,2026-09-25,Compute Atlas,aligned-shippingport-pa,https://www.datacenterdynamics.com/en/news/shippingport-industrial-park/,,planned
UT,West Jordan,confirmed,United States,,,,,40.5861,-111.96973,Aligned Salt Lake City Campus (SLC-01/02/03),"West Jordan Redevelopment Agency participation agreements identified for the Pepper River site (former Fairchild Semiconductor plant, 3333 W 9000 South): a ~2018 agreement rebating Aligned Energy's municipal energy tax, capped at $5,000,000 over 10 years, and a 2018/2019 agreement rebating PayPal (the building's anchor tenant) 60% of the personal-property tax increment on its data-center servers, capped at $6,820,303 over 10 years, with no increment requested on real property. The primary RDA participation-agreement text and the FY2024 RDA budget PDF could not be extracted in this pass (pdftotext/WebFetch failures on both government PDFs); these terms are as reported by three contemporaneous news outlets (Deseret News, KUTV, KSL), not read directly from the agreement itself.",Aligned Data Centers,reported,48.0,unknown,55.0,acre,2026-09-02,Compute Atlas,aligned-west-jordan-ut,https://aligneddc.com/salt-lake-city-data-centers/,,operational
UT,West Jordan,confirmed,United States,,,,,40.5861,-111.96973,Aligned Salt Lake City Campus (SLC-01/02/03),"West Jordan Redevelopment Agency participation agreements identified for the Pepper River site (former Fairchild Semiconductor plant, 3333 W 9000 South): a ~2018 agreement rebating Aligned Energy's municipal energy tax, capped at $5,000,000 over 10 years, and a 2018/2019 agreement rebating PayPal (the building's anchor tenant) 60% of the personal-property tax increment on its data-center servers, capped at $6,820,303 over 10 years, with no increment requested on real property. The primary RDA participation-agreement text and the FY2024 RDA budget PDF could not be extracted in this pass (pdftotext/WebFetch failures on both government PDFs); these terms are as reported by three contemporaneous news outlets (Deseret News, KUTV, KSL), not read directly from the agreement itself.",Aligned Data Centers,reported,60.0,planned_maximum,55.0,acre,2026-09-02,Compute Atlas,aligned-west-jordan-ut,https://aligneddc.com/salt-lake-city-data-centers/,,planned
PA,Aliquippa,rumored,United States,,,,,40.6023,-80.2456,Aliquippa Data Center (former J&L Steel site),"Operator attribution is unsettled and deliberately conservative: Five 9s Digital advertises the site, CB Tech Partners LLC is described as the purported purchaser with ties to Fezzik Energy, and Data Center Knowledge separately describes a Blackstone-backed redevelopment of an abandoned Aliquippa steel mill. Confidence is 'rumored' for that reason. No investment figure is recorded — the reported $25 billion is an entity/regional figure that has not been tied to this site by any source read here. Parcel is not geocoded in the records consulted; coordinates are city-level. Public-reception check (2026-09-10): Checked a project-tracking dossier (2026-09-10) which explicitly states no public records have been linked to this specific project yet ('We haven't linked public records to this project yet') and lists community-organizing groups for several OTHER Pennsylvania data-center fights (Archbald, East Vincent, Limerick, Hanover, Penn Forest) but none for Aliquippa. Only Gov. Josh Shapiro's general 2025 statement that 'developers must generate their own power or pay for the additional draw on the grid' and that 'Pennsylvanians have real concerns about these data centers' is state-level, not specific to this site.",Five 9s Digital,reported,496.0,planned_maximum,,,2026-09-10,Compute Atlas,aliquippa-data-center-beaver-county-pa,https://poweredbywho.com/projects/aliquippa-5f9f2231,,planned
PA,Springdale,confirmed,United States,,,,,40.5425,-79.7844,Springdale Data Center (former Cheswick Generating Station),"A 565,000 sq ft data center building plus a 200,000 sq ft cooling and facility-management building on the 47-acre former Cheswick Generating Station site in Springdale Borough. Allegheny DC Property Co., LLC is owned by investment firm Davidson Kempner. The proposal states the facility would be used largely for AI development.","Allegheny DC Property Co., LLC",reported,180.0,planned_maximum,47.0,acre,2026-09-12,Compute Atlas,allegheny-dc-springdale-cheswick-pa,https://www.wesanews.org/environment-energy/2025-09-29/allegheny-county-springdale-cheswick-data-center-concern,,planned
MI,Marshall,confirmed,United States,,,,,42.276,-84.955,Alterra Marshall Technology & Energy Center,"Proposed data center (Marshall Technology & Energy Center, MTEC) plus a co-located natural-gas electric generation facility within Brooks Industrial Park, Marshall. WWMT (2026-04) resolves the load split that earlier reporting left open: up to 1,400 MW required at full buildout, around 1,000 MW of that from on-site gas turbines and up to 400 MW imported from the grid at peak — so capacityMw.planned is the campus power requirement and the 1 GW plant is carried both in energy.onSiteGenerationMw and as its own power_generation record. ~270 acres (112 buildable), roughly half wetlands. Alterra (Toronto-based) estimates 300-500 direct high-skill jobs. Mayor Wolfersberger (2026-01) called it ""just a concept"" with ""no site plans or utility agreements yet""; due diligence runs into Q3 2026, then construction is ""probably 18 months to two years away"" if approved. Land is already zoned heavy industrial, so no public referendum is required (unlike Augusta Township). Planned closed-loop liquid cooling. Coordinates are an approximate Marshall-area estimate, not parcel-geocoded; the LDFA purchase price ($1.12M) is for land only, not a project investment figure. capacityMw and jobs deliberately left unfilled rather than normalized: the source gives a ceiling ('up to 1,400 megawatts') and a range ('300 to 500 skilled jobs') that does not distinguish construction from permanent. The $1.12M is the land purchase price, not project investment. Figures recorded here for a maintainer to promote if the hedged forms are acceptable.",Alterra Development,reported,1400.0,planned_maximum,270.0,acre,2026-09-09,Compute Atlas,alterra-development-marshall-mi,https://wwmt.com/news/local/data-center-gas-generation-plant-proposed-in-marshall-alterra-development-calhoun-county-energy-electricity-water,,planned
VA,Warrenton,confirmed,United States,,,,,38.72948224074257,-77.78753470617198,Blackwell Road Data Center (Warrenton),"Town of Warrenton SUP-22-3; 220,000 sq ft on 42 acres; site plan approved with 27 conditions (Apr 2024).",Amazon Data Services,reported,40.0,planned_maximum,42.0,acre,2026-09-03,Compute Atlas,amazon-blackwell-road-warrenton-va,https://www.fauquiernow.com/news/warrenton-town-staff-approves-site-plan-for-220-000-square-foot-amazon-data-center-project/article_13b53e3e-fe67-11ee-81ce-b361084ba5ae.html,,planned
CA,Gilroy,confirmed,United States,,,,,36.997,-121.541,Amazon AWS Gilroy Data Center,"Status updated to under_construction: grading permit issued December 11, 2025; building permit issued March 19, 2026; City of Gilroy lists project as Under Construction as of July 2026. Site at 8050 Camino Arroyo in east Gilroy along Hwy 101. Full build-out: 438,000 sq ft across 56 acres. Amazon cites a ~$2 billion investment for the Gilroy project (recorded as investmentUsd); its broader Northern California investment of ~$5.1B and ~1,890 jobs since 2009 is regional and not attributable to this site. The 2020 land purchase was $31.3M. Operational job figures conflict and are unconfirmed: the FEIR says employment 'may grow to 50 full-time employees' (a ceiling), the permit application lists 25, and Amazon's promotional materials cite ~90 on-site; the construction workforce is not disclosed.",Amazon Web Services,reported,98.0,planned_maximum,56.0,acre,2026-09-14,Compute Atlas,amazon-gilroy-ca,https://www.datacenterdynamics.com/en/news/amazon-data-services-gains-approval-for-data-center-on-56-acres-in-gilroy-california/,,planned
OH,Canton,confirmed,United States,,,,,40.7517,-81.4,Amazon Perry Township Data Center,"240 MW hyperscale campus on ~105 acres at Faircrest St SW & Kropf Ave SW, Perry Township (Canton). Panattoni bought the land Feb 2025 (Clayco GC); excavation underway; two 220,000 sq ft + two 154,000 sq ft buildings targeted for ~April 2028. Amazon was confirmed as the end-user by the Stark County commission president and Canton's mayor to the Canton Repository after Panattoni initially withheld the tenant. Perry Township approved a 30-year, 75% property-tax abatement in March 2026. Coordinates approximate (township-level). Developer: Panattoni Development Co.",Amazon Web Services,reported,240.0,planned_maximum,,,2026-08-05,Compute Atlas,amazon-perry-township-stark-oh,https://www.ideastream.org/environment-energy/2026-04-15/some-stark-county-residents-skeptical-of-developers-answers-on-data-center-project,,planned
IN,New Carlisle,confirmed,United States,,,,,41.6978,-86.5117,Amazon Project Rainier,,Amazon Web Services,reported,590.0,unknown,1200.0,acre,2026-08-16,Compute Atlas,amazon-project-rainier-new-carlisle-in,https://www.cnbc.com/2025/10/29/amazon-opens-11-billion-ai-data-center-project-rainier-in-indiana.html,,operational
IN,New Carlisle,confirmed,United States,,,,,41.6978,-86.5117,Amazon Project Rainier,,Amazon Web Services,reported,2200.0,planned_maximum,1200.0,acre,2026-08-16,Compute Atlas,amazon-project-rainier-new-carlisle-in,https://www.cnbc.com/2025/10/29/amazon-opens-11-billion-ai-data-center-project-rainier-in-indiana.html,,planned
CA,Hayward,confirmed,United States,,,,,37.626012,-122.1133978,Amazon Data Center SF011 (26415 Corporate Avenue),"Capacity of 35 MW is the City of Hayward's estimate. 150,000 sq ft building on 4.21 acres across Corporate Avenue from Amazon SF09.",Amazon Web Services,reported,35.0,unknown,4.21,acre,2026-09-21,Compute Atlas,amazon-sf011-corporate-avenue-hayward-ca,https://www.hayward-ca.gov/business/for-developers/data-center-development-applications,,operational
CA,Hayward,confirmed,United States,,,,,37.6263578,-122.1128762,Amazon Data Center SF09 (26464 Corporate Avenue),Hayward's city list names this 'Amazon Data Center SF09'; the 2012 PG&E interconnection notice names the customer as A-100 LLC at 26464 Corporate Avenue.,Amazon Web Services (A-100 LLC),reported,24.0,unknown,,,2026-09-21,Compute Atlas,amazon-sf09-corporate-avenue-hayward-ca,https://www.hayward-ca.gov/business/for-developers/data-center-development-applications,,operational
NC,Whitsett,reported,United States,,,,,36.0712466,-79.5644686,American Express Whitsett Data Center (IPC2),"Corporate (enterprise-owned) data center on a 194-acre site in the Rock Creek Center business park, about seven miles east of Greensboro; operational since 2010. COORDINATE CAVEAT: the street address 5301 McConnell Road, Whitsett did not resolve in OpenStreetMap, so the pin is the Whitsett municipal centroid and precision is 'approximate' — it needs parcel confirmation before it should be treated as a footprint.",American Express,reported,30.0,unknown,194.0,acre,2026-09-24,Compute Atlas,american-express-whitsett-guilford-county-nc,https://baxtel.com/data-center/american-express-ipc2-whitsett-nc,,operational
OK,Oklahoma City,reported,United States,,,,,35.5896,-97.4934,American Tower EDC Oklahoma (Oklahoma City),"Edge data center on an 83.5-acre site at 1309 NE 122nd Street, Oklahoma City. Coordinates are an approximate geocode of the street address.",American Tower,reported,4.0,planned_maximum,83.5,acre,2026-09-02,Compute Atlas,american-tower-edc-oklahoma-city-ok,https://www.news9.com/oklahoma-city-news/where-are-data-centers-are-being-built-oklahoma-list,,planned
IA,Adair,reported,United States,,,,,41.5005601,-94.6434954,Applied Digital Adair County Data Center,"Proposed southeast of Adair adjacent to a NextEra Energy substation. Local reporting put projected employment at 40-70 full-time positions with 50-200 construction workers; those are ranges and are not recorded as a jobs figure. The most recent primary reporting located this session dates to April 2024, and Adair County put its large-scale building ordinance on hold the following month, so the project's current standing is uncertain — confidence is 'reported' and the 200 MW figure comes from a third-party project tracker, not from the developer.",Applied Digital,reported,200.0,planned_maximum,,,2026-09-04,Compute Atlas,applied-digital-adair-ia,https://westerniowatoday.com/2024/04/10/adair-county-supervisors-discuss-proposed-data-center-and-set-public-hearing-on-an-ordinance-creating-setbacks/,,planned
LA,Boyce,confirmed,United States,,,,,31.4,-92.65,Applied Digital Delta Forge 1 AI Factory Campus,"Anchor tenant is an undisclosed investment-grade U.S. hyperscaler under a $7.5B, 15-year lease. Two initial facilities totaling 300 MW across 300 acres (of 672-acre secured site). Initial operations targeted mid-2027. Applied Digital HQ in Dallas, TX.",Applied Digital Corporation,reported,300.0,planned_maximum,300.0,acre,2026-09-15,Compute Atlas,applied-digital-delta-forge-1-la,https://www.opportunitylouisiana.gov/news/central-louisiana-secures-3-6-billion-applied-digital-ai-factory-campus,,planned
AL,Brookwood,confirmed,United States,,,,,33.2556719,-87.3208336,Applied Digital Delta Forge 2 (Brookwood AI Factory Campus),"The site is about 160 acres within a 1,300-acre tract north of the 17,000 block of Brookwood Parkway. The tenant is an unnamed U.S. hyperscaler. This is separate from the tracked Youngwoo & Associates 'Project Brookwood', which lies west of the Applied Digital tract. Lat/lon is the Brookwood town centroid (OSM Nominatim), not the parcel.",Applied Digital,reported,210.0,planned_maximum,1300.0,acre,2026-09-28,Compute Atlas,applied-digital-delta-forge-2-brookwood-al,https://ir.applieddigital.com/news-events/press-releases/detail/154/applied-digital-signs-210-mw-lease-at-delta-forge-2,,planned
SD,Toronto,confirmed,United States,,,,,44.567,-96.62,Applied Digital Deuel County AI Campus,"Status is 'cancelled' per Applied Digital's own March 2026 statement (land option to lapse). The 'up to $16 billion' investment and up to 200 jobs were announced figures for the proposal and are recorded in statusHistory rather than as structured investmentUsd/jobs, since the project will not proceed. aiClassification is 'confirmed' — Data Center Dynamics reported it as an AI data center. The Otter Tail Power association reflects the proposed (now abandoned) siting.",Applied Digital Corporation,reported,430.0,planned_maximum,200.0,acre,2026-07-25,Compute Atlas,applied-digital-deuel-county-sd,https://www.datacenterdynamics.com/en/news/applied-digital-proposes-multi-billion-dollar-data-center-in-south-dakota/,,planned
ND,Ellendale,confirmed,United States,,,,,46.003,-98.509,Applied Digital Polaris Forge 1,"Campus is 400 MW fully contracted to CoreWeave under ~15-year lease agreements valued at ~$11B total revenue. Three buildings: Building 1 (100 MW) complete Dec 2025; Building 2 (150 MW) expected mid-2026; Building 3 (150 MW) expected 2027. Coordinates are Ellendale city centroid; exact site is northeast of the city. Local jobs are reported only as projections — 'as many as 85 new jobs' (Dec 2024) and up to ~110 total local workforce at full expansion — not confirmed headcounts. No confirmed total campus capital-expenditure figure is public (the ~$11B CoreWeave figure is 15-year lease revenue, not capex); North Dakota's data-center sales-tax exemption applies but individual award amounts are statutorily confidential. investmentUsd reflects Applied Digital's own infrastructure spend (~$1.3B committed + ~$4B anticipated); the company's '$20B total campus' figure additionally counts ~$15B of customer/tenant capital.",Applied Digital Corporation,reported,100.0,unknown,320.0,acre,2026-07-26,Compute Atlas,applied-digital-polaris-forge-1-ellendale-nd,https://ir.applieddigital.com/news-events/press-releases/detail/123/applied-digital-announces-250mw-ai-data-center-lease-with,,under_construction
ND,Ellendale,confirmed,United States,,,,,46.003,-98.509,Applied Digital Polaris Forge 1,"Campus is 400 MW fully contracted to CoreWeave under ~15-year lease agreements valued at ~$11B total revenue. Three buildings: Building 1 (100 MW) complete Dec 2025; Building 2 (150 MW) expected mid-2026; Building 3 (150 MW) expected 2027. Coordinates are Ellendale city centroid; exact site is northeast of the city. Local jobs are reported only as projections — 'as many as 85 new jobs' (Dec 2024) and up to ~110 total local workforce at full expansion — not confirmed headcounts. No confirmed total campus capital-expenditure figure is public (the ~$11B CoreWeave figure is 15-year lease revenue, not capex); North Dakota's data-center sales-tax exemption applies but individual award amounts are statutorily confidential. investmentUsd reflects Applied Digital's own infrastructure spend (~$1.3B committed + ~$4B anticipated); the company's '$20B total campus' figure additionally counts ~$15B of customer/tenant capital.",Applied Digital Corporation,reported,400.0,planned_maximum,320.0,acre,2026-07-26,Compute Atlas,applied-digital-polaris-forge-1-ellendale-nd,https://ir.applieddigital.com/news-events/press-releases/detail/123/applied-digital-announces-250mw-ai-data-center-lease-with,,planned
ND,Harwood,confirmed,United States,,,,,47.02,-97.025,Applied Digital Polaris Forge 2,"Two purpose-built facilities totaling more than 1.8 million sq ft. As of the August 2025 announcement, Applied Digital was in advanced negotiations with a U.S.-based investment-grade hyperscaler; no customer or lease value publicly confirmed. Partial operations expected end of 2026; full capacity early 2027. Coordinates are Harwood city centroid; site is approximately 900 acres near this community north of Fargo.",Applied Digital Corporation,reported,280.0,planned_maximum,900.0,acre,2026-09-21,Compute Atlas,applied-digital-polaris-forge-2-harwood-nd,https://ir.applieddigital.com/news-events/press-releases/detail/127/applied-digital-to-break-ground-on-3-billion-polaris-forge,,planned
ND,Hanover,confirmed,United States,,,,,47.111,-101.426,Applied Digital Polaris Forge 3,"Distinct 3rd North Dakota site (not the Ellendale or Harwood campuses), south of Hanover near the Hwy 25/31 junction. MDU Resources power deal finalized June 23, 2026. Approximately 200 FTE jobs planned; groundbreaking targeted summer 2026.",Applied Digital Corporation,reported,430.0,planned_maximum,,,2026-09-10,Compute Atlas,applied-digital-polaris-forge-3-oliver-nd,https://www.valleynewslive.com/2026/07/13/applied-digital-expands-north-dakota-eyes-oliver-county-third-data-center/,,planned
WA,West Plains,rumored,United States,,,,,47.621,-117.73,Rock Point Data Center Project,"Conceptual-stage dual hydrogen-production-plus-data-center project; Avista's own engineering study projects only ~50MW available by 2030 (vs. the company's aspirational 1,000MW target), rising to ~650MW by 2033; no formal county application filed as of Aug 2026.",Apricus Energy Partners,reported,1000.0,planned_maximum,514.0,acre,2026-08-22,Compute Atlas,apricus-rock-point-data-center-west-plains-wa,https://www.spokesman.com/stories/2026/aug/02/company-proposing-massive-west-plains-data-center-/,,planned
FL,Doral,reported,United States,,,,,25.795634,-80.342656,Aptum Miami Data Center — Doral,"50,176 sq ft facility with 15,000 sq ft of raised floor and 2.0 MW per Inflect; former Peer 1 Hosting site. Aptum's own Miami page returned 429 and is not cited.",Aptum Technologies,reported,2.0,unknown,,,2026-09-21,Compute Atlas,aptum-miami-doral-fl,https://inflect.com/building/2300-northwest-89th-place-doral/peer-1-hosting/datacenter/2300-northwest-89th-place,,operational
MN,Faribault,reported,United States,,,,,44.3654972,-93.2871543,Archer Datacenter Faribault,"Up to 500,000 sq ft across six one-story buildings, south of 150th Street West and east of Acorn Trail, north of the Daikin plant. Land acquired 2024; no formal application yet submitted to the city as of the source date. Project on hold pending redo of the city's environmental review after a June 2026 Minnesota Court of Appeals ruling found it non-compliant.",Archer Datacenter,reported,120.0,planned_maximum,87.6,acre,2026-09-18,Compute Atlas,archer-datacenter-faribault-mn,https://www.southernminn.com/faribault_daily_news/news/developer-city-officials-outline-plans-for-proposed-faribault-data-center/article_2884e9a7-4b43-4622-b449-fcc37dd56a5e.html,,planned
PA,McKees Rocks,reported,United States,,,,,40.4646,-80.081,Ardent Data Centers Pittsburgh (McKees Rocks),"41,000 sq ft building on 7.5 acres in McKees Rocks, Allegheny County, acquired by Ardent (Northern Data Group) in January 2024 with 5 MW in place and a phased path to 20 MW. Purpose-built for GPU/HPC workloads at 135 kW+ rack densities. Street address is reported by third-party directories as 615 McMichael Road but was not confirmed in the sources cited here, so it is omitted.",Ardent Data Centers (Northern Data Group),reported,5.0,unknown,7.5,acre,2026-09-21,Compute Atlas,ardent-pittsburgh-mckees-rocks-pa,https://www.prnewswire.co.uk/news-releases/ardent-data-centers-a-northern-data-group-company-completes-acquisition-of-pennsylvania-data-center-302040653.html,,operational
PA,McKees Rocks,reported,United States,,,,,40.4646,-80.081,Ardent Data Centers Pittsburgh (McKees Rocks),"41,000 sq ft building on 7.5 acres in McKees Rocks, Allegheny County, acquired by Ardent (Northern Data Group) in January 2024 with 5 MW in place and a phased path to 20 MW. Purpose-built for GPU/HPC workloads at 135 kW+ rack densities. Street address is reported by third-party directories as 615 McMichael Road but was not confirmed in the sources cited here, so it is omitted.",Ardent Data Centers (Northern Data Group),reported,20.0,planned_maximum,7.5,acre,2026-09-21,Compute Atlas,ardent-pittsburgh-mckees-rocks-pa,https://www.prnewswire.co.uk/news-releases/ardent-data-centers-a-northern-data-group-company-completes-acquisition-of-pennsylvania-data-center-302040653.html,,planned
AZ,Tonopah,reported,United States,,,,,33.511576,-112.769387,Hassayampa Ranch Data Center,"~$25B proposed data center campus led by Arizona Land Consulting (Anita Verma-Lallian) with investor Chamath Palihapitiya, on ~2,000 acres of far-western Maricopa County near Tonopah (acquired in a ~$51M deal). Maricopa County approved industrial rezoning Dec 10, 2025; zoning applications pending. Coordinates are an approximate town-level geocode near Tonopah, not a parcel-confirmed point.",Arizona Land Consulting,reported,1500.0,planned_maximum,2000.0,acre,2026-09-10,Compute Atlas,arizona-land-consulting-hassayampa-ranch-tonopah-az,https://www.connectcre.com/stories/25b-data-center-greenlit-near-buckeye/,,planned
OH,Akron,confirmed,United States,,,,,41.057162,-81.521388,Ark Data Centers Akron I (fka Involta),"191 E. Miller Ave, Akron, Summit County. First (""3rd-generation"" per operator terminology) of two Ark Data Centers buildings at this address — see also Ark Data Centers Akron II, a separate, Tier III-certified building at the same street address. 10,000 sq ft / 300 racks, 1MW utility power with a 1MW N+1 diesel generator, 2N battery UPS. No formal Tier certification found for this building (unlike Akron II). Fiber-ring-connected to the company's Independence, OH facility. The operator's own Ohio rollup page lists a conflicting ""Akron: 20,000 sqft / 5MW"" combined figure that does not reconcile with the per-building detail page used here — flagged as an inconsistency on the operator's own materials, detail-page figures preferred. No AI/HPC-specific marketing found.",Ark Data Centers (formerly Involta),reported,1.0,unknown,,,2026-07-25,Compute Atlas,ark-data-centers-akron-i-summit-county-oh,https://www.involta.com/data-centers/data-center-locations/ohio/akron/,,operational
OH,Akron,confirmed,United States,,,,,41.057297,-81.521336,Ark Data Centers Akron II (fka Involta),"191 E. Miller Ave, Akron, Summit County — same street address as Ark Data Centers Akron I but a physically separate (""4th-generation"") building, per the operator's own materials describing ""two purpose-built, concurrently maintainable facilities"" totaling 52,000+ sq ft. 10,000 sq ft / 300 racks, 1MW utility power with a 1MW N+1 diesel generator, 2N battery UPS. Uptime Institute-certified Tier III — the only Tier certification found across any of the Ark/Involta Ohio sites researched. ENERGY STAR certified 2023. Fiber-ring-connected to the company's Independence, OH facility. No AI/HPC-specific marketing found (one customer testimonial referencing AI describes a tenant's healthcare application, not the operator's own infrastructure marketing).",Ark Data Centers (formerly Involta),reported,1.0,unknown,,,2026-09-21,Compute Atlas,ark-data-centers-akron-ii-summit-county-oh,https://www.involta.com/data-centers/data-center-locations/ohio/akron/,,operational
WI,Harrison,reported,United States,,,,,44.2044349,-88.3449304,Ark Data Centers Green Bay (Harrison Campus),"Former Kimberly-Clark data center on a 24.5-acre campus at W6149 Old Highway Road, Village of Harrison (straddles Calumet/Outagamie counties); acquired by Involta and expandable up to 20MW. Company rebranded from Involta to Ark Data Centers in May 2024 — same operator, new name. Corroborated by DataCenterDynamics and Area Development coverage of the Involta acquisition/opening.","Involta (rebranded Ark Data Centers, May 2024)",reported,20.0,planned_maximum,24.5,acre,2026-07-26,Compute Atlas,ark-data-centers-green-bay-harrison-campus-wi,https://www.arkdna.com/data-centers/wisconsin/,,planned
IA,Marion,confirmed,United States,,,,,42.0341,-91.5871,Ark Data Centers Marion (Cedar Rapids),"Enterprise colocation facility at 5055 Rec Drive, Marion (Cedar Rapids metro); rebranded from Involta to Ark Data Centers in May 2024 (Involta acquired by Carlyle Group funds Feb 2022). Owns/operates the building — not a tenancy. IMPORTANT DISCREPANCY: the operator's own site (fetched directly) states 810kW total facility capacity ('750 kW Diesel Generator (N+1)'), which is what I used for capacityMw. Third-party aggregator listings (datacenters.com, baxtel, dchub — not independently fetched with numeric confirmation) variously describe this same site as a '12 MW' or '20 MW enterprise center' — a >10x discrepancy from the primary source. Flagging for human review rather than picking a number I can't verify; recommend treating 0.81MW as current/critical load and the larger figures as unconfirmed campus/enterprise-park branding.",Ark Data Centers (formerly Involta),reported,0.81,unknown,,,2026-08-08,Compute Atlas,ark-data-centers-marion-ia,https://www.arkdna.com/data-centers/iowa/,,operational
MO,St. Louis,reported,United States,,,,,38.636,-90.237,Armory Innovation District Data Center,St. Louis Board of Public Service approved the conditional use permit 5-0 on 2026-04-22; the Board of Adjustment upheld/amended it on 2026-07-30. No tenant has been named as of this session; targeted for full operation by end of 2028. Officially branded the 'Armory Innovation District.',"Contour / TerraWatt (with Steadfast City, THO Investments, ARCO, Lewis Rice)",reported,120.0,planned_maximum,,,2026-09-21,Compute Atlas,armory-innovation-district-st-louis-mo,https://www.stlmag.com/news/midtown-data-center-armory-board-of-public-service/,,planned
WA,Richland,reported,United States,,,,,46.36,-119.325,Atlas Agro Richland Data Center Campus,"Swiss fertilizer developer Atlas Agro offered the City of Richland just under $24 million for 275 acres in the Northwest Advanced Clean Energy Park, adjacent to its planned zero-carbon nitrate fertilizer plant. The campus would comprise five data center buildings of roughly 500,000 sq ft each, with construction targeted to begin in 2027. Columbia Riverkeeper's February 2026 report puts the campus's power requirement at at least 320 MW. Power would come via a Bonneville Power Administration line serving both the data center and the fertilizer plant. Atlas Agro's North American president describes the data center as 'a partner that helps us build the necessary power and utility infrastructure.' Coordinates are an approximate geocode of the stated address.",Atlas Agro North America,reported,320.0,planned_maximum,275.0,acre,2026-09-10,Compute Atlas,atlas-agro-richland-data-center-campus-wa,https://www.tricitiesbusinessnews.com/articles/richland-oks-option-agreement-for-atlas-agro-data-center,,planned
FL,Fort Pierce,confirmed,United States,,,,,27.44,-80.33,Atlas Compute AI Data Center Campus,Land and utilities secured. Targeting operational Q4 2026-Q1 2027. Up to 1 GW expansion capacity. Distinct from the withdrawn Sentinel Grove/Project Jarvis project in the same county.,Atlas Compute (infrastructure by Penguin Solutions),reported,240.0,planned_maximum,,,2026-09-14,Compute Atlas,atlas-compute-ai-data-center-campus-fort-pierce-fl,https://www.globenewswire.com/news-release/2025/11/06/3182873/0/en/Atlas-Compute-Secures-Land-and-Utilities-for-240-MW-AI-Data-Center-Campus-in-Central-Florida-with-1-GW-Expansion-Capacity.html,,planned
GA,Adairsville,confirmed,United States,,,,,34.30926,-84.96325,Project Springbank (Atlas Development Bartow County Campus),"Six buildings totaling 2,274,000 sq ft (about 379,000 sq ft each), per DRI #4403, which states the project ""will utilize closed loop technology to reduce water and sewer demand."" The DRI states a build-out value of $4,500,000,000 and completion in December 2031, and leaves the electrical-load and energy-provider fields blank. The 432 MW figure (six buildings of up to 78 MW each) is from press reporting on the site plan, not the DRI. Property owners per the DRI: The Darryl William Edwards Living Revocable Trust, King Curtis LLC and Riverside NVR LLC. Acreage: the county's minutes and the Daily Tribune give 630 acres for the rezoning request (to Business Park District); earlier press gave 588. Coordinates are the point stated in the DRI filing, not a surveyed site centroid. No named end-user operator was attached to the project. Distinct from Atlas Development's later Stiles Road application off Euharlee Road (withdrawn December 2025).",Atlas Development LLC,reported,432.0,planned_maximum,630.0,acre,2026-09-30,Compute Atlas,atlas-project-springbank-adairsville-ga,https://www.northwestgeorgianews.com/rome/news/local/new-data-center-proposal-in-bartow-would-require-as-much-power-as-324k-homes/article_05152f0c-ee11-11ef-9470-5b8da755f367.html,,planned
MD,Dickerson,reported,United States,,,,,39.2117,-77.4736,Dickerson Data Center,"Five-building campus proposed by California-based Atmosphere Data Centers on the site of the decommissioned Dickerson coal power plant on the Potomac River. Single-source record: the developer's own filings were not independently retrieved. Re-checked 2026-09-10: status confirmed PROPOSED, no change -- existing record already fully captures the June 2026 six-month permit pause and July 28, 2026 18-month Council moratorium. New detail found this run: Atmosphere withdrew its legal appeal of Elrich's now-moot six-month executive-order moratorium after the Council's 18-month moratorium superseded it, and a separate county ordinance indefinitely prohibiting data centers was set to take effect 2026-08-17. This is regulatory-posture detail, not a status-enum change.",Atmosphere Data Centers,reported,360.0,planned_maximum,,,2026-09-21,Compute Atlas,atmosphere-dickerson-montgomery-md,https://natureforward.org/dickerson-data-center-montgomery-county-md-data-center-series-pt-5/,,planned
CA,Redwood City,confirmed,United States,,,,,37.4806769,-122.2007195,AT&T Redwood City Data Center,"62,516 sq ft facility with 33,152 sq ft of raised-floor colocation space and access to 4.0 MW of power, per a colocation broker's facility page. Carrier-neutral, SSAE16 Type II / ISO 27001 / PCI DSS / HIPAA-aligned infrastructure with N+1 power and HVAC redundancy.",AT&T,reported,4.0,unknown,,,2026-09-12,Compute Atlas,att-redwood-city-ca,https://cloudandcolocation.com/datacenters/att-redwood-city-data-center/,,operational
NM,Raton,reported,United States,,,,,36.9033,-104.4392,Atterix Raton Advanced Digital Hub,"Three-phase proposal: Phase 1 would convert a former Kmart on the south side of Raton into a data center drawing up to 5 MW, with later phases at a nearby power station and the city airport over roughly five years, totalling up to 50 MW. Nothing is approved — the feasibility study period ran to early August 2026 and the City Commission must still authorize any development. Atterix was incorporated in Colorado in December 2025.",Atterix LLC,reported,50.0,planned_maximum,,,2026-09-03,Compute Atlas,atterix-raton-digital-hub-nm,https://www.santafenewmexican.com/news/business/ai-data-center-proposal-in-raton-draws-opposition/article_605c80c8-0a7f-4726-b790-3e2d96f882ed.html,,planned
VA,Appomattox,reported,United States,,,,,37.43,-78.8,AVAIO Appomattox Data Center Campus,"AVAIO Digital Partners (Stamford, CT) signed a purchase agreement with the Appomattox County EDA for a 452-acre site (also cited as 442 acres) north of the town of Appomattox, accessible via US 460 and VA 26. The site is zoned for data-center use; construction is planned in phases through 2027-2028. Power via Central Virginia Electric Cooperative and Dominion Energy. Not previously tracked under any name.",AVAIO Digital Partners,reported,300.0,planned_maximum,452.0,acre,2026-08-27,Compute Atlas,avaio-appomattox-va,https://virginiabusiness.com/developer-plans-3b-data-center-in-appomattox-county/,,planned
AR,,confirmed,United States,,,,,34.68,-92.296,AVAIO Digital Leo Campus,"Location: off Interstate 530 near 145th Street, Pulaski County; coordinates are approximate for the I-530 corridor south of Little Rock. Named after the Leo constellation. Initial $6B investment may grow to $21B through full build-out. First phase completion targeted June 2027. Campus sits near long-haul fiber routes connecting Dallas, Atlanta, and Memphis. Q1 2026 construction start was planned as of announcement; current construction status unconfirmed as of research date. Fix: energy.source corrected from 'on_site_gas' to 'mixed'; onSiteGenerationMw removed — the 150 MW figure is the Entergy Arkansas grid supply contract, not on-site generation; on-site gas capacity is unquantified in sources. Arkansas's data-center sales-and-use tax exemption (Act 819 of 2023, expanded by Act 548 of 2025) likely applies given the investment scale, but no AVAIO-specific incentive award has been published.",AVAIO Digital Partners,reported,1000.0,planned_maximum,760.0,acre,2026-09-29,Compute Atlas,avaio-digital-leo-little-rock-ar,https://www.arkansasedc.com/news-events/newsroom/detail/2026/01/12/avaio-digital-announces-new-large-scale-ai-ready-data-center-and-power-campus-in-little-rock--arkansas,,planned
CA,Pittsburg,confirmed,United States,,,,,38.011358,-121.91098,AVAIO Digital Perseus,"Redevelopment of the former Delta View Golf Course (76 acres) into a 3-phase Pittsburg Technology Park; Phase 1 is the ~300,000 sq ft Perseus Data Center, targeting first occupancy in 2027. Status corrected to 'permitted' (not 'proposed'): the project holds a CEC opt-in certification (99 MW, Dec 8 2025) and a City of Pittsburg Commercial Design Review approval (Dec 11 2025, modified Feb 12 2026); no source confirms groundbreaking/construction has started. capacityMw.planned=99 reflects the CEC-certified figure, superseding an earlier ~92MW target; the Specific Plan's long-term ceiling of up to 500MW across the full technology park is undated/speculative and not recorded here. Investment ($800M+) is AVAIO's own Dec 2024 disclosure, widely syndicated but not independently audited. Jobs figures are not disclosed anywhere found and are omitted. aiClassification set to 'likely': AVAIO's own materials use explicit 'AI and cloud-driven deployments' language but do not publish GPU/HPC-specific technical specs. The Center for Biological Diversity's CEQA lawsuit (Case No. N24-2162, filed Dec 2024) was SETTLED in Dec 2025 (CBD agreed not to oppose Phase 1 in exchange for 100% renewable/carbon-free electricity, rooftop solar, 100% recycled water for cooling, wildlife monitoring, and a $750,000 community climate-resiliency payment) - it is not an active legal threat, though broader public opposition continues (see community).",AVAIO Digital Partners,reported,99.0,planned_maximum,76.0,acre,2026-09-21,Compute Atlas,avaio-perseus-pittsburg-ca,https://www.avaiodigital.com/developments/pittsburg-california,,planned
MS,Brandon,confirmed,United States,,,,,32.27,-89.99,AVAIO Digital Taurus,"Distinct from AVAIO's 'Leo' campus in Little Rock/Pulaski County AR — do not conflate. Site: East Metropolitan Center Business and Industrial Park, Brandon. Land acreage: AVAIO's own project page and groundbreaking materials cite 329 acres; the August 19 press release cited 175 acres — 329 used as more authoritative per operator's site. Capacity: 116 MW initial via executed ESA with Entergy Mississippi (energized June 2027 per operator site); Entergy guiding an additional 420 MW of grid power available by end of 2030; access to Gulf South Pipeline for up to 500 MW of on-site behind-the-meter thermal generation starting Q2 2027 — total baseload path to over 1 GW. The 116 MW planned figure reflects the executed first-phase ESA only; full buildout remains a projection. Investment: $6B stated without 'up to' qualifier across operator, MDA, and Governor's office sources; Governor's office describes it as the third-largest economic development project in Mississippi history. Jobs: 'at least 60 direct, high-tech jobs' and 'hundreds of indirect jobs ranging from construction to other related industries' — projections, not firm figures; no construction vs permanent breakdown confirmed. Rooftop solar of 20+ MW planned (behind-the-meter). Recycled water and new sewer line extension cited by operator as water infrastructure options. Estimated $23M in ad valorem tax revenue annually per Rankin First (county economic development group). Coordinates approximate (Brandon city center, Rankin County).",AVAIO Digital Partners,reported,116.0,planned_maximum,329.0,acre,2026-09-22,Compute Atlas,avaio-taurus-brandon-ms,https://www.prnewswire.com/news-releases/avaio-digital-to-build-new-ai-ready-6-billion-data-center-hub-in-brandon-mississippi-302533141.html,,planned
OR,Boardman,reported,United States,,,,,45.84,-119.702,Amazon Boardman Exascale Data Center Campus,"Amazon confirmed the land purchase ($37M per Morrow County property records, confirmed by multiple news sources) but stated development plans are not final. Planning documents submitted to Morrow County describe a 1 GW exascale campus with 20 buildings across 4 million sq ft; Johnson Economics estimated $8B-$12B total investment. Land previously owned by Threemile Canyon Farms dairy. Distinct from Amazon's existing ~800 acres of operating/under-construction OR facilities. Lincoln Chronicle source URL returned 403 on fetch — primary claim supported by DCD source. energy.utility corrected from 'Bonneville Power Administration' (wholesale) to 'PacifiCorp (Pacific Power)' (retail utility). Coordinates are Boardman city centroid; exact site not publicly confirmed. Johnson Economics' economic-impact analysis (Morrow County Planning Commission, Jan 2025) models the full 1 GW campus at roughly $8 billion investment (potential range $7-12 billion), about 6,400 construction FTE over an eight-year build (~800/year) and about 560 operations FTE, assuming an Oregon Strategic Investment Program (SIP) property-tax abatement — modeled projections for a still-proposed campus, not firm commitments.",Amazon Web Services,reported,1000.0,planned_maximum,1300.0,acre,2026-07-26,Compute Atlas,aws-boardman-morrow-county-or,https://www.datacenterdynamics.com/en/news/amazon-purchases-1300-acres-in-morrow-county-oregon/,,planned
PA,Salem Township,confirmed,United States,,,,,41.0949,-76.1452,"AWS Cumulus Data Center Campus, Salem Township","Adjacent to the 2.5GW Susquehanna Steam Electric Station. FERC blocked a proposed colocation agreement in April 2025, leading to the PPA structure instead. TeraWulf operates a separate Nautilus cryptomining facility (Nautilus) on the same property not included in this record.",Amazon Web Services,reported,48.0,unknown,1200.0,acre,2026-09-12,Compute Atlas,aws-cumulus-salem-township-pa,https://www.datacenterdynamics.com/en/news/aws-acquires-talens-nuclear-data-center-campus-in-pennsylvania/,,under_construction
PA,Salem Township,confirmed,United States,,,,,41.0949,-76.1452,"AWS Cumulus Data Center Campus, Salem Township","Adjacent to the 2.5GW Susquehanna Steam Electric Station. FERC blocked a proposed colocation agreement in April 2025, leading to the PPA structure instead. TeraWulf operates a separate Nautilus cryptomining facility (Nautilus) on the same property not included in this record.",Amazon Web Services,reported,960.0,planned_maximum,1200.0,acre,2026-09-12,Compute Atlas,aws-cumulus-salem-township-pa,https://www.datacenterdynamics.com/en/news/aws-acquires-talens-nuclear-data-center-campus-in-pennsylvania/,,planned
OH,Sidney,reported,United States,,,,,40.29,-84.16,"AWS Project Galaxy — Sidney, OH","Codename 'Project Galaxy.' Coordinates approximate (parcel: north of Millcreek Road, west of Vandemark Road, Sidney OH). AES Ohio FERC filing shows phased power ramp: 65 MW at initial operations (Sept 15, 2026 target), 480 MW within one year, 1,500 MW by January 2031 — 1,500 MW taken as planned total capacity. $3B investment described as a firm commitment in the approved development agreement (not 'up to'). AWS has committed an estimated $23B in Ohio data centers through 2029–2030. Baxtel lists a 'West Hub' expansion site associated with this campus. FERC filing lists location as 'Jefferson Township, Ohio'; confirmed as Sidney/Shelby County campus from all other sources.",Amazon Web Services,reported,1500.0,planned_maximum,,,2026-07-07,Compute Atlas,aws-galaxy-sidney-oh,https://www.datacenterdynamics.com/en/news/amazon-secures-tax-break-for-3bn-data-center-campus-in-sidney-ohio/,,planned
IN,Hobart,confirmed,United States,,,,,41.517,-87.263,AWS Hobart Campus,"One of AWS's Northwest Indiana campuses (part of a $15B NW Indiana / 2.4 GW umbrella; distinct from aws-project-rainier-new-carlisle-in and the separate Wheatfield IN campus). CAPACITY OMITTED: the 2.4 GW figure is the NW Indiana total, not Hobart-specific. INVESTMENT OMITTED: $15B is the NW Indiana total, no Hobart-specific figure. Up to 25 buildings on 725+ acres ('Hobart Tech Park'); shell entities include Hobart Devco, Hobart Owner LLC, TUHAUS LLC/Wylie Capital. ~400 permanent jobs ($37-44/hr) are projections (in notes, not jobs). $47M upfront community payment is city revenue, not facility capex. Coordinates estimated from 61st Ave/Colorado St; verify via Lake County GIS. Active litigation: 'No Data Centers Hobart Indiana' sought a TRO on the fill permit (unresolved).",Amazon Web Services,reported,2400.0,planned_maximum,725.0,acre,2026-08-16,Compute Atlas,aws-hobart-in,https://www.datacenterdynamics.com/en/news/aws-data-center-coming-to-hobart-indiana/,,planned
VA,Louisa,confirmed,United States,,,,,38.04763641638,-77.81682351474,Lake Anna Technology Campus (LATC),"One of two AWS campuses in Louisa's Technology Overlay District (approved by BOS April 2023, ~$11B combined investment across both). Up to seven data center buildings (~1.7M sq ft), two 300MW substations. First DC targeted online late 2025/early 2026. A third AWS Louisa campus proposal (1,370 acres near Northeast Creek Reservoir) was withdrawn/cancelled by AWS in July 2025 — not included per do-not-fabricate rule (cancelled, not net-new). Capacity corrected to 600 MW (two 300 MW substations per Louisa County reporting; a prior 420 MW figure was unsourced). Land-disturbance + VA DEQ stormwater permits issued; grading underway. Landowner: REB Investment Company, LLC.",Amazon Web Services,reported,600.0,planned_maximum,153.0,acre,2026-09-21,Compute Atlas,aws-lake-anna-technology-campus-louisa-va,https://tammypurcell.substack.com/p/aws-preparing-to-start-work-at-lake,,planned
VA,Bowling Green,confirmed,United States,,,,,38.044,-77.3527,AWS Mattermeade Tech Campus,"1,143 acres across Caroline & Spotsylvania counties, SE of the I-95 / Mudd Tavern Rd interchange; 11 two-story data center buildings plus an office. Amazon is 'seeking to develop a minimum of 770 MW by 2027'. Recorded as proposed (federal permit application filed / public-comment stage as of early 2025). Coordinates are the Bowling Green / Woodford area centroid.",Amazon Web Services,reported,770.0,planned_maximum,1143.0,acre,2026-07-25,Compute Atlas,aws-mattermeade-caroline-va,https://www.datacenterdynamics.com/en/news/amazon-requests-permit-for-11-building-data-center-campus-in-caroline-county-virginia/,,planned
VA,Louisa,reported,United States,,,,,37.999666431819,-77.967415971191,North Creek Technology Campus (NCTC),"Preliminary estimate of at least 17 total DC buildings across both Louisa campuses combined; ~628 of the 1,444-acre assemblage held as open space, ~380 acres to be donated to the county for a public park. No formal local rezoning/SUP filing yet as of the cited meeting — status set to 'permitted' cautiously based on land-disturbance-adjacent county process; confirm before elevating capacity figures (3GW is a stated potential ceiling from 10 substations, not a committed buildout). Status corrected to proposed: no formal permit or site plan filed as of the Nov 2024 Planning Commission buffer/landscaping discussion (still exploratory). 'Up to 3 GW' = ten 300 MW substations (a ceiling, not permitted capacity). Public-reception check (2026-09-10): North Creek Technology Campus (NCTC) is confirmed distinct from a THIRD AWS Louisa County proposal (near Northeast Creek Reservoir/Mineral) that Amazon withdrew 2025-07-25/28 after strong resident opposition (""Please don't Loudoun Louisa... Please say no to this additional data center,"" per a July 2025 board-of-supervisors public-comment session). NCTC itself was one of two AWS campuses approved by-right under the county's Technology Overlay District and moved to construction without the surge of documented opposition seen on the third project. No hearing/vote record specific to NCTC was found. Checked: Virginia Business, a Louisa data-center timeline site, and a local Substack covering county supervisors' meetings.",Amazon Web Services,reported,3000.0,planned_maximum,816.0,acre,2026-09-10,Compute Atlas,aws-north-creek-technology-campus-louisa-va,https://tammypurcell.substack.com/p/aws-preparing-to-start-work-at-lake,,planned
MS,Canton,confirmed,United States,,,,,32.6121,-90.039,AWS Project Atlas – Madison County Mega Site (Canton),"Two distinct complexes: Madison County Mega Site (outside Canton) and Costas Property (west of Tougaloo College near County Line Rd, Ridgeland). Amazon's total Mississippi statewide commitment expanded to $25B including subsequent Warren County ($3B) and Hinds County ($1B) announcements. Coordinates are approximate Canton-area centroid. Veolia water partnership claim removed: About Amazon source names Arable (not Veolia) as water replenishment partner; recycled wastewater target of 83M gallons/year by 2027 is confirmed. NARROWED TO CANTON 2026-09-10 (maintainer adjudication): this record previously combined two campuses. Madison County's own tax administration treats them as separate — it 'has entered into two fee-in-lieu-of-taxes agreements with the tech giant for its data center campuses in Canton and Ridgeland' (Mississippi Free Press, 2026-08-19) — and Magnolia Tribune (2024-07-24) gives the physical split: the Madison County Mega Site is '927 acres ... located off Highway 22 and Nissan Parkway in Canton', while the Costas Property is 'an additional 786 acres in Ridgeland'. The Ridgeland campus is therefore now tracked separately as aws-costas-ridgeland-ms, and landAcres here was reduced from the combined 1,700 to Canton's 927 so the two records do not double-count acreage. ⚠️ capacityMw, investmentUsd and jobs on this record remain PROGRAM-LEVEL figures from the original Project Atlas announcement covering BOTH Madison County campuses; they are deliberately left in place here rather than split, because no source apportions them per campus. Do NOT sum them with aws-costas-ridgeland-ms, which carries no capacity, investment or jobs figures for exactly this reason. location.precision was also corrected from 'exact' to 'approximate': this record's own notes already stated the coordinate is a Canton-area centroid, so the 'exact' claim was wrong. CORRECTION: this record aggregates two campuses that Madison County's own tax/incentive administration treats as legally and financially separate -- the Madison County Mega Site (927 acres, off Highway 22 and Nissan Parkway, Canton) and the Costas Property (786 acres, Highland Colony Parkway / West County Line Road, Ridgeland) -- confirmed by a 2026-08-19 Mississippi Free Press report on Madison County's denial of AWS's Canton tax-valuation appeal: the county 'has entered into two fee-in-lieu-of-taxes agreements with the tech giant for its data center campuses in Canton and Ridgeland.' Recommend re-scoping this record to the Canton (Madison County Mega Site) campus alone -- its location.lat/lon (32.6121, -90.039) and 'exact' precision already read as Canton-specific, closer to Canton than to Ridgeland -- and using the companion new-facility record aws-costas-ridgeland-ms (786 acres, Highland Colony Pkwy/West County Line Rd intersection) for Ridgeland. Do NOT attempt to apportion this record's combined capacityMw (1000 MW planned), investmentUsd ($10B), or jobs (7,000/1,000) by site -- no source fetched in this run or last wave's states a per-site breakdown of those figures; apportioning by acreage share (54%/46%) would be a fabricated estimate. Note also that Ridgeland is itself within Madison County, so the aggregate's 'Madison County' framing is not geographically wrong, only combined.",Amazon Web Services,reported,1000.0,planned_maximum,927.0,acre,2026-09-10,Compute Atlas,aws-project-atlas-madison-county-ms,https://www.datacenterdynamics.com/en/news/aws-confirmed-as-company-behind-10bn-mississippi-data-center-development/,,planned
OH,Manchester,confirmed,United States,,,,,38.63778,-83.69306,AWS Sprigg Township Data Center Campus (Buck Canyon),"No formal development proposal has been filed with Adams County per county officials as of Aug 2026, but a U.S. Army Corps of Engineers Nationwide Permit 39 was issued 2026-02-18 covering site work, and the county's own AWS project page states initial earthwork is expected in 2026 (general contractor not yet determined).",Amazon Web Services (land held via Buck Canyon Properties),reported,1300.0,planned_maximum,1000.0,acre,2026-09-09,Compute Atlas,aws-sprigg-township-adams-county-oh,https://amazon.adamscountyoh.gov/,,planned
WA,Wallula,confirmed,United States,,,,,46.0726,-118.9135,AWS Wallula Gap Campus,"~$4.8B, ~300 MW campus near Wallula, Walla Walla County; operator reported (not officially confirmed) to be AWS → confidence reported. Coordinates are the Wallula area centroid. Operator confirmed as Amazon Data Services when the Port of Walla Walla amended the buyer from Advance Phase LLC to Amazon Data Services (Feb 12, 2026 commission vote; >550 acres for >$36M land) — confidence upgraded to confirmed. The reported ~$4.8B (DCD) / ~$5B (local) campus figure is an estimate across ~4 phases, not a firm pledge -> investmentUsd omitted. Port projects ~720 direct+indirect jobs at full build-out (projection) -> jobs honest-zero. Eligible for Washington's rural-county server-equipment sales/use-tax exemption (RCW 82.08.986) but no DOR certificate is confirmed -> subsidy honest-zero. Water source and cooling type are undisclosed pending SEPA (no water rights were conveyed in the land deal).",Amazon Web Services,reported,300.0,planned_maximum,500.0,acre,2026-09-14,Compute Atlas,aws-wallula-gap-walla-walla-wa,https://www.datacenterdynamics.com/en/news/aws-likely-behind-48bn-data-center-in-walla-walla-washington/,,planned
CA,Elk Hills,reported,United States,,,,,35.36,-119.55,Golden Valley Technology Hub,"400,000 sq ft on 100 acres, dedicated 275MW from CRC's own Elk Hills natural gas power plant, closed-loop cooling. Standalone campus on former oilfield, not a colo tenancy.",Beacon Data Centers (w/ California Resources Corp),reported,275.0,planned_maximum,100.0,acre,2026-09-29,Compute Atlas,beacon-golden-valley-ca,https://www.datacenterdynamics.com/en/news/canadas-beacon-dc-targets-275mw-data-center-campus-on-california-oil-field/,,planned
AZ,,confirmed,United States,,,,,32.1,-110.75,Project Blue,"Unincorporated Pima County, west of Houghton Rd, near Tucson. 500-700MW planned across 13M sq ft (a range, so omitted from capacityMw). AWS confirmed as end-customer via an NDA obtained by AZ Luminaria. Distinct site from Beale Infrastructure's Fremont Peak Properties/Luckett Road project in the Town of Marana (also AZ, also tracked this session) - same developer family, different parcel. Coordinates are approximate. The 180 permanent jobs figure is a projection for the third year of operations in 2029, published by Pima County and by the developer. Beale's own letter of 2025-09-17 adds a qualifier the county FAQ omits: the figure ""include[s] full-time contractors and support personnel"", and at least 75 of the roles will be directly employed by the end user. Beale has also stated it ""is not asking for property tax incentives, often a necessary component of a data center project's cost competitiveness"", and the utility agreement with Tucson Electric Power carries no financial incentives or discounts — unusual for a project of this size, and the reason subsidies are recorded as absent rather than merely unsearched.",Beale Infrastructure,reported,600.0,planned_maximum,290.0,acre,2026-09-23,Compute Atlas,beale-project-blue-pima-county-az,https://azluminaria.org/2025/10/01/pima-county-nda-confirms-amazon-is-behind-project-blue-data-center/,,planned
CA,Oakland,confirmed,United States,,,,,37.8086782,-122.267477,Behring 415 20th Street Data Center (former LBNL supercomputing building),Developer says the building previously housed an LBNL supercomputer and may not need new entitlements if the use conforms to prior operations; part of a larger Behring plan including a 39-story residential tower above the 19th Street BART station.,Behring Companies,reported,20.0,planned_maximum,,,2026-09-21,Compute Atlas,behring-415-20th-street-oakland-ca,https://www.kqed.org/news/12095308/developer-councilmember-say-proposed-oakland-data-center-isnt-what-you-might-think,,planned
NJ,Holmdel,confirmed,United States,,,,,40.3650934,-74.1674935,Bell Works Data Center (101 Crawfords Corner Road),"108,000 sq ft, 40 MW data center proposed in an existing two-story building off the ring road behind the main Bell Works building, under a 2012 redevelopment agreement that explicitly lists data centers as a permitted use. Coordinates are the mapped Bell Works main building; the proposed data center building sits elsewhere on the same campus, hence 'approximate'.",Somerset Development,reported,40.0,planned_maximum,,,2026-09-14,Compute Atlas,bell-works-holmdel-data-center-nj,https://patch.com/new-jersey/holmdel-hazlet/data-center-proposed-bell-works-see-details,,planned
OK,Oklahoma City,reported,United States,,,,,35.49,-97.795,Beltline Energy Oklahoma City Campus,"Two adjoining parcels rezoned via PUD cases likely numbered PUD-2105 (111.5 acres at 3025 N. Frisco Road, near I-40/Frisco Rd) and PUD-2124 (184 acres at 13921 NW 23rd Street, near NW 23rd/Frisco Rd, ~0.5 mi west of Yukon) — the case-number-to-address pairing is probable (inferred by matching geographic descriptors across sources) but not confirmed by a single primary document naming both together. OKC Planning Commission voted 7-0 to recommend approval Jan 21 2026; City Council final vote status is unconfirmed as of this writing (okc.gov council agendas were inaccessible during research) — treat as still-pending, not approved. Explicitly carved out of OKC's citywide data-center moratorium (~April 2026) as an already-pending application, confirming it remains active. Press coverage separately cites a larger '350-acre' and '480-acre' project total that doesn't reconcile with the confirmed 295.5-acre rezoned total (111.5+184) — the gap is plausibly an adjacent ~184.5-acre parcel Yukon Municipal Authority sold to BLE Landholdings LLC for $15.8M in Aug 2025 (near Hwy 66/Frisco Rd), which may be the same tract as the NW 23rd St parcel, but this is not confirmed. A $1B investment / 0.5GW capacity figure is associated with the broader Yukon-area BLE deal in local reporting but was not found tied specifically to this OKC rezoning by a primary source — omitted from capacityMw/investmentUsd pending confirmation rather than asserted.",Beltline Energy,reported,1000.0,planned_maximum,295.5,acre,2026-09-14,Compute Atlas,beltline-oklahoma-city-frisco-road-ok,https://www.okenergytoday.com/2026/01/data-center-wins-rezoning-approval-from-okc-planning-board/,,planned
OK,Piedmont,reported,United States,,,,,35.74394,-97.81183,Beltline Energy Piedmont Site,"321-acre rezoning filed via BLE Holdings LLC / BLE Landholdings LLC, SW/4 of Section 26, Township 15N, Range 6W, Kingfisher County — legal descriptions and Kingfisher County parcel numbers 0000-26-15N-06W-3-000-00, -3-001-00, -3-002-00, -3-003-00 (plus an adjacent 5th parcel, -4-000-00) per the city's own PUD filing. Bounded by E 870 Rd (N), N 2920 Rd (E), Azalea St NW (S), N 2910 Rd (W). City vote delayed for further review as of source date. This is a distinct, separate, competing site from Cloverleaf's 630-acre 'Project Open Sky' proposal also in Piedmont (different parcels, different developer, different acreage) — despite sharing a host city, do not conflate the two (both independently confirmed as separate projects via direct source verification). No primary-sourced capacity or investment figure was found for this specific site — omitted rather than guessed.",Beltline Energy,reported,1200.0,planned_maximum,321.0,acre,2026-09-14,Compute Atlas,beltline-piedmont-kingfisher-county-ok,http://www.piedmont-ok.gov/323/Data-Center-Transparency-Portal,,planned
AR,,reported,United States,,,,,33.4817907,-93.9640754,Bentaus Texarkana AI Data Center (Chadbourne Ranch site),"Coordinates are the OpenStreetMap point for Mandeville, the nearest named community inside the block of parcels described by the Texarkana Gazette - 'bordered on the west by U.S. 71, on the north by Arkansas 108 and on the south roughly by Interstate 49.' This is a nearest-community approximation only; no source gives coordinates or a street address, and the pin has NOT been confirmed to fall inside the assembled tract. Landowner and co-developer: Fort Chadbourne Farm LLC and Chadbourn Infrastructure Partners LLC, both with Michael 'Jacques' Davison of Bradley, Arkansas as sole corporate officer; a third entity, Chadbourn Energy Park LLC, was formed in February 2026. About 2,300 acres were marketed as Chadbourne Ranch and sold in October 2025 for $5.165 million. Confidence is 'reported' rather than 'confirmed' because the two newspaper accounts are from the same ownership group and the developer has not confirmed status; the 200 MW figure is the developer's own announcement, not a utility or permit record.",Bentaus,reported,200.0,planned_maximum,2700.0,acre,2026-09-15,Compute Atlas,bentaus-chadbourn-miller-county-ar,https://www.texarkanagazette.com/news/2026/aug/15/public-records-reveal-site-of-planned-ai-data/,,planned
TX,,confirmed,United States,,,,,32.44194,-97.76472,Big Digital Energy–10NetZero Hood County AI Data Center Campus,"Repurposing a power-ready ~50-acre industrial site (30,000+ sq ft of existing structures, 17 MW operational grid power, on-site gas pipelines) into an AI/HPC datacenter campus; acquisition completed 2026-07-20. AI datacenter build-out itself has not yet begun.","Big Digital Energy, Inc. / 10NetZero, Inc. (50/50 joint venture)",reported,17.0,unknown,50.0,acre,2026-09-08,Compute Atlas,big-digital-energy-10netzero-hood-county-tx,https://www.globenewswire.com/news-release/2026/07/20/3329715/0/en/Big-Digital-Energy-and-10NetZero-Complete-Acquisition-of-Hood-County-Texas-Site.html,,proposed
TX,,confirmed,United States,,,,,32.44194,-97.76472,Big Digital Energy–10NetZero Hood County AI Data Center Campus,"Repurposing a power-ready ~50-acre industrial site (30,000+ sq ft of existing structures, 17 MW operational grid power, on-site gas pipelines) into an AI/HPC datacenter campus; acquisition completed 2026-07-20. AI datacenter build-out itself has not yet begun.","Big Digital Energy, Inc. / 10NetZero, Inc. (50/50 joint venture)",reported,311.0,planned_maximum,50.0,acre,2026-09-08,Compute Atlas,big-digital-energy-10netzero-hood-county-tx,https://www.globenewswire.com/news-release/2026/07/20/3329715/0/en/Big-Digital-Energy-and-10NetZero-Complete-Acquisition-of-Hood-County-Texas-Site.html,,planned
OH,Clarington,confirmed,United States,,,,,39.7748,-80.8731,Bitdeer Clarington HPC/AI Campus,"Clarington, Monroe County; 570 MW via an AEP Ohio LOA, targeted available by end of Q3 2026. Bitdeer transitioning from bitcoin mining toward HPC/AI. Coordinates are the Clarington area centroid. No Clarington-specific capex, water, or jobs figures are disclosed; Bitdeer's 2026 mining capex guidance is company-wide and excludes AI/HPC. Some cooling/jobs figures in secondary coverage describe Bitdeer's separate Shalersville (Portage County) site, not Clarington.",Bitdeer,reported,570.0,planned_maximum,,,2026-09-09,Compute Atlas,bitdeer-clarington-oh,https://ir.bitdeer.com/news-releases/news-release-details/bitdeer-announces-november-2025-production-and-operations-update,,planned
TN,Knoxville,reported,United States,,,,,35.941272,-83.836066,Bitdeer Knoxville AI Datacenter (5101 S. National Drive),"Existing Bitmain/Bitdeer Bitcoin mining site operational since May 2020 (property acquired 2018 via Commercial Purchase and Sale Agreement with Kemet Foil Manufacturing LLC, 9.88 acres / 77,678 sq ft industrial building). The 20-F discloses an active conversion to AI cloud use: Phase 1 (37MW) targeted Q4 2026, Phase 2 (49MW) targeted Q1 2027, against 86MW total electrical capacity in use as of 2026-03-31. Coordinates are an approximate parcel-area estimate for the South National Drive industrial corridor in Knox County (near APN 110-02627 per public tax-assessment/LoopNet listing) since no geocoder was available in-session to pin the exact parcel centroid — flagging for a follow-up precision pass if the site is approved. Crypto-mining site converting to AI (Bitdeer 20-F): Phase 1 37 MW targeted Q4 2026, Phase 2 49 MW Q1 2027; zero AI capacity live today (the existing 86 MW is legacy mining load being phased out). Status re-checked 2026-09-09: no change. Bitdeer's own filing still describes the Knoxville AI conversion as in design/build with a Q4 2026 target, so the record stays under_construction.",Bitdeer,reported,86.0,planned_maximum,9.88,acre,2026-09-09,Compute Atlas,bitdeer-knoxville-tn,https://www.sec.gov/Archives/edgar/data/1899123/000121390026049770/ea0282628-20f_bitdeer.htm,,planned
OH,Shalersville Township,reported,United States,,,,,41.199,-81.245,Bitdeer Shalersville Data Center Campus,"Turnpike Commerce Center, Shalersville Township, Portage County. Not yet approved — blocked by the township's active data-center moratorium (see community field). Distinct from Bitdeer's other tracked Ohio sites (Clarington, Whitetail Creek/Niles, and Massillon). Tax revenue projections ($2.17M annual increase at phase-1 completion) are Bitdeer's own company projections, not independently confirmed. Coordinates are an approximate geocode of Shalersville Township, not a confirmed parcel pin — no source gave exact site coordinates. Development partner: Geis Development.",Bitdeer,reported,750.0,planned_maximum,257.0,acre,2026-09-21,Compute Atlas,bitdeer-shalersville-portage-county-oh,https://www.news5cleveland.com/news/local-news/local-developer-global-tech-firm-plan-major-data-center-project-in-portage-county,,planned
WA,East Wenatchee,confirmed,United States,,,,,47.413902,-120.209264,Bitdeer Wenatchee (Pangborn) Data Center,"Bitdeer's Washington datacenter, referred to as ""Pangborn, Washington"" in its SEC filings (Pangborn Memorial Airport is in Douglas County, East Wenatchee) and as ""Wenatchee, Washington"" by aggregators. Originally deployed for Bitcoin mining in May 2018; 13 MW electrical capacity in use as of March 31, 2026. Bitdeer is converting the site to AI cloud use: AI datacenter design documents and building-permit applications submitted, core equipment being delivered, planned to begin with an NVIDIA GB300 cluster; dismantling of the crypto mining datacenter began March 2026 with conversion completion targeted for Q4 2026. Classified data_center (mid-conversion to AI), consistent with the tracked Bitdeer Knoxville TN conversion. Coordinates approximate (Pangborn area, Douglas County). Distinct from Bitdeer's tracked Ohio (Massillon/Clarington/Niles/Shalersville), Texas (Rockdale) and Tennessee (Knoxville) sites. Public-reception check (2026-09-10): Checked Bitdeer's own SEC 20-F annual report (2026-09-10); it mentions Wenatchee, WA only twice (as a mining-to-AI-datacenter conversion site, and as a single-supplier electricity contract location), with no discussion of community reception, hearings, or local reaction.",Bitdeer,reported,13.0,planned_maximum,,,2026-09-10,Compute Atlas,bitdeer-wenatchee-pangborn-wa,https://www.sec.gov/Archives/edgar/data/1899123/000121390026049770/ea0282628-20f_bitdeer.htm,,planned
NY,Orangeburg,confirmed,United States,,,,,41.036652,-73.986828,Bloomberg LP Data Center,"155 Corporate Drive, Orangeburg, NY (Town of Orangetown, Rockland County). 131,805 sq ft total, two data halls totaling 39,058 sq ft with 42"" raised floor and 26' clear height, 4.0 MW power system, 1,200-ton cooling capacity — all per an authoritative SEC EDGAR CMBS filing (2014). Construction cost was $123.2M ($935/sq ft) per that same filing, with Bloomberg contributing $39.0M toward construction; recorded here as investmentUsd rather than the frequently-cited $710M figure, which represents total lease payments over a 15-year term (expiring March 2029), not construction capital — those are not comparable numbers and conflating them would overstate the capital investment. Dedicated single-tenant enterprise facility built to Bloomberg's spec for its financial data/analytics terminals (not shared colocation), built/topped-off 2013-2014. No expansions since 2014 were found in this research pass, but absence of news is not proof of none. Coordinates are a town-level geocode, not a confirmed parcel pin.",Bloomberg LP,reported,4.0,unknown,,,2026-08-16,Compute Atlas,bloomberg-orangeburg-ny,https://www.sec.gov/Archives/edgar/data/0001603578/000153949714000486/n306_premktx1.htm,,operational
NY,Orangeburg,confirmed,United States,,,,,41.036652,-73.986828,Bloomberg LP Data Center,"155 Corporate Drive, Orangeburg, NY (Town of Orangetown, Rockland County). 131,805 sq ft total, two data halls totaling 39,058 sq ft with 42"" raised floor and 26' clear height, 4.0 MW power system, 1,200-ton cooling capacity — all per an authoritative SEC EDGAR CMBS filing (2014). Construction cost was $123.2M ($935/sq ft) per that same filing, with Bloomberg contributing $39.0M toward construction; recorded here as investmentUsd rather than the frequently-cited $710M figure, which represents total lease payments over a 15-year term (expiring March 2029), not construction capital — those are not comparable numbers and conflating them would overstate the capital investment. Dedicated single-tenant enterprise facility built to Bloomberg's spec for its financial data/analytics terminals (not shared colocation), built/topped-off 2013-2014. No expansions since 2014 were found in this research pass, but absence of news is not proof of none. Coordinates are a town-level geocode, not a confirmed parcel pin.",Bloomberg LP,reported,50.0,planned_maximum,,,2026-08-16,Compute Atlas,bloomberg-orangeburg-ny,https://www.sec.gov/Archives/edgar/data/0001603578/000153949714000486/n306_premktx1.htm,,planned
WA,Cle Elum,reported,United States,,,,,47.18,-120.97,Blue Fern Cle Elum Data Center,"Roughly 100,000 sq ft near Interstate 90, inside a residential and commercial development already under construction in Cle Elum. Developer projects 20 to 40 full-time positions. Because the site is covered by a pre-existing development agreement with the city, it may proceed despite the moratorium. Single-source; coordinates are an approximate geocode of the described location.",Blue Fern Development,reported,20.0,planned_maximum,,,2026-09-05,Compute Atlas,blue-fern-cle-elum-data-center-wa,https://www.spokesman.com/stories/2026/aug/05/cle-elum-passed-a-data-center-ban-one-might-be-bui/,,planned
UT,Delta,reported,United States,,,,,39.3502,-112.5766,BluSky AI Delta Data Center,"A specific 25-acre BluSky AI parcel and building within Creekstone Energy's already-tracked Delta Gigasite campus (creekstone-delta-ut) — tracked separately because it is a distinct operator/tenant with its own land agreement, consistent with how this tracker distinguishes co-located operators elsewhere. Subsidies checked at the municipal tier (2026-09-05): no site-level subsidy found. Millard County Commissioner Bill Wright is on the record (Utah Business, Nov 2025) extending the county's standing ""no special treatment"" statement to name Creekstone Energy's Delta Gigasite — where BluSky AI holds a 50 MW agreement — specifically: ""the county did not give either development any special treatment or incentives to bring the historic data centers to the area."" Delta City's own Boards and Commissions page lists no Community Reinvestment Agency or Redevelopment Agency among its active public bodies. Utah's EDTIF programme excludes data centres and the UCA 59-12-104 exemption is self-executing.",BluSky AI Inc.,reported,50.0,planned_maximum,25.0,acre,2026-08-25,Compute Atlas,blusky-ai-delta-millard-county-ut,https://www.manilatimes.net/2025/07/29/tmt-newswire/globenewswire/blusky-ai-inc-signs-letter-of-intent-to-acquire-25-acres-with-up-to-50-mw-of-capacity-in-strategic-expansion/2158223,,planned
UT,Milford,reported,United States,,,,,38.3936,-113.0111,BluSky AI Milford Campus,"BluSky AI's first secured modular 'SkyMod' site, distinct from its Nephi (Juab County) and Delta (Millard County) sites already/also tracked; 51.6 acres leased from Wild Mustang Ventures LLC. Subsidies checked at the municipal tier (2026-09-05): no site-level subsidy found. BluSky AI's own SEC-filed Form 8-K and the underlying Ground Lease with Option to Purchase (Wild Mustang Ventures, LLC, June 30, 2025) were read directly and contain no property-tax, abatement, tax-increment-financing, or PILOT provisions. Neither Milford City (four active public bodies, none a CRA/RDA) nor Beaver County has a Community Reinvestment Agency or Redevelopment Agency; Milford City's own ""Economic Development"" link points off-site to a county tourism page, not an incentive program. Utah's EDTIF programme excludes data centres and the UCA 59-12-104 exemption is self-executing.",BluSky AI Inc.,reported,9.3,planned_maximum,51.6,acre,2026-08-25,Compute Atlas,blusky-ai-milford-ut,https://www.manilatimes.net/2025/07/08/tmt-newswire/globenewswire/blusky-ai-inc-secures-first-site-with-93mw-to-launch-flagship-data-center-in-central-utah/2145520,,planned
UT,Nephi,confirmed,United States,,,,,39.71023,-111.83632,BluSky AI Nephi SkyMod Site,"Subsidies checked at the municipal tier (2026-09-04): no site-level subsidy found. Nephi City's Community Reinvestment Agency fund is tied to a hotel project area rather than this site, and no CRA participation agreement naming this project was located. Utah's EDTIF programme excludes data centres and the UCA 59-12-104 exemption is self-executing. Recorded as no-evidence-found rather than a fully closed absence: the Nephi project-area budget PDF did not return readable text on retrieval.",BluSky AI Inc.,reported,4.0,planned_maximum,0.375,acre,2026-09-08,Compute Atlas,blusky-ai-nephi-ut,https://natlawreview.com/press-releases/blusky-ai-inc-signs-letter-intent-lease-strategic-site-nephi-utah-modular-ai,,planned
CO,Walsenburg,reported,United States,,,,,37.6235234,-104.780995,BluSky AI Walsenburg (Indian Pool Ranch) Modular Data Center,"BluSky AI Inc. (OTCID: BSAI), Salt Lake City, announced a purchase and sale agreement dated 2025-08-26 for LOT 1 INDIAN POOL RANCH, 36.06 acres north of Walsenburg, for up to 15 MW of modular 'SkyMod' compute. As of the Gazette's reporting in early 2026 the sale had not closed and the site remained under agreement with owner Snowy River Ranches. Coordinates are the Walsenburg town centroid (approximate); the parcel is north of town.",BluSky AI Inc.,reported,15.0,planned_maximum,36.0,acre,2026-08-26,Compute Atlas,blusky-ai-walsenburg-co,https://finance.yahoo.com/news/blusky-ai-inc-executes-purchase-141700082.html,,planned
PA,Jessup,reported,United States,,,,,41.4712,-75.5588,Breaker Street Data Center Campus,"Six structures totalling nearly 1.1 million sq ft, each up to 130 feet tall, on 131 acres on the south side of Breaker Street between Hill Street and the Casey Highway. The developer, a West Conshohocken firm, has separately proposed a 487,000 sq ft data center near Sunnyside Road and Alberigi Drive in Jessup — a different parcel, not recorded here. Distinct from the tracked Triboro Industrial Park record (different developer and parcel in the same borough).",Breaker Street Associates LLC (Catalyst Commercial Development),reported,600.0,planned_maximum,131.0,acre,2026-08-31,Compute Atlas,breaker-street-data-center-jessup-lackawanna-pa,https://www.yahoo.com/news/articles/jessup-denies-breaker-street-data-010400301.html,,planned
UT,Newcastle,reported,United States,,,,,37.6949,-113.943,Red Butte Energy and Data Center Campus,"Approximately 8 miles north of Newcastle, roughly 20 miles from Cedar City; application on hold pending the county's data-center moratorium. Subsidies checked (2026-09-08): structural zero — the project is proposed and on hold under Iron County's moratorium, and no Iron County or Newcastle CRA/RDA was found to execute a pre-approval participation agreement; Utah's EDTIF programme excludes data centres and the UCA 59-12-104 exemption is self-executing.",BrightNight,reported,1500.0,planned_maximum,2600.0,acre,2026-09-01,Compute Atlas,brightnight-red-butte-newcastle-ut,https://brightnightpower.com/red-butte/,,planned
KY,Kevil,confirmed,United States,,,,,37.11389,-88.81028,Paducah Site AI Data Center Campus,"Announced 2026-07-29 on part of DOE's former Paducah Gaseous Diffusion Plant (a Superfund site). Brookfield develops/operates the AI/HPC campus; NextEra builds dedicated adjacent generation (see linked power_generation record nextera-paducah-generation-mccracken-ky). First components could come online as soon as 2028; construction expected complete 2031. Investment reported as 'more than $100 billion' — recorded as $100,000,000,000.",Brookfield,reported,1800.0,planned_maximum,,,2026-09-22,Compute Atlas,brookfield-nextera-paducah-site-mccracken-ky,https://www.energy.gov/articles/energy-department-announces-partnership-expand-reliable-affordable-energy-access-and-power,,planned
OK,Pawhuska,reported,United States,,,,,36.6698,-96.3364,Pawhuska AI Data Center,"Reported at 8-10 MW; the planned figure recorded here is the upper end of that reported range. Coordinates are a Pawhuska town-centroid approximation, not a parcel-confirmed point.",Buckley Bros Holdings LLC,reported,10.0,planned_maximum,,,2026-08-19,Compute Atlas,buckley-bros-pawhuska-ok,https://www.newson6.com/tulsa-oklahoma-news/where-are-data-centers-are-being-built-oklahoma-list,,planned
WA,Puyallup,reported,United States,,,,,47.136,-122.272,Centeris South Hill Campus (SH1/SH2),"Two data center buildings — SH1 at 1023 39th Avenue SE and SH2 at 1015 39th Avenue SE, Puyallup — on an 86-acre campus with a dedicated on-site substation rated to 50 MW, expandable in 25 MW increments. SH1 is a 56,000 sq ft LEED Gold facility; a 176,000 sq ft powered shell adjoins it. Colocation Northwest (IsoFusion) leases up to 7 MW. Owned by The Benaroya Company, which entered the data center business in 2010; the site previously housed semiconductor operations. MRSC's August 2026 summary reports 21 full-time employees plus 50-100 third-party vendor employees. Coordinates are an approximate geocode of the SH1 address.",Centeris (The Benaroya Company),reported,50.0,planned_maximum,86.0,acre,2026-09-05,Compute Atlas,centeris-south-hill-puyallup-wa,https://datacenterfrontier.com/centeris-signs-7-megawatt-lease-in-seattle-data-center/,,planned
NJ,Weehawken,reported,United States,,,,,40.7615218,-74.0260271,Centersquare EWR2 (Weehawken),"199,110 sq ft raised floor; Hudson River waterfront campus less than 10 miles from the NYC Financial District; 28 service providers on site. Formerly the Cyxtera EWR2 campus. Shares the 300 Boulevard East building with other operators' facilities already tracked (Digital Realty EWR10, Lumen Weehawken 1); this record is the Centersquare-operated space. Coordinates are an OSM geocode of the street address.",Centersquare,reported,45.7,unknown,,,2026-09-21,Compute Atlas,centersquare-ewr2-weehawken-nj,https://www.csquare.com/data-centers/new-york-new-jersey,,operational
NJ,Piscataway,reported,United States,,,,,40.554537,-74.4569,Centersquare EWR3 (Piscataway),"47,490 sq ft raised floor; ~40 miles from the NYC Financial District; 8 service providers on site. Formerly the Cyxtera EWR3 campus. Coordinates from the PeeringDB facility record for 3 Corporate Place.",Centersquare,reported,54.8,unknown,,,2026-09-21,Compute Atlas,centersquare-ewr3-piscataway-nj,https://www.csquare.com/data-centers/new-york-new-jersey,,operational
NJ,Secaucus,confirmed,United States,,,,,40.78617,-74.0692821,Centersquare EWR5 (Secaucus),"Centersquare lists Secaucus EWR5 with 59,572 sq ft of raised floor and 45.7/26.3 MW-class utility service (26.3 MW for this site). The published figure is incoming utility capacity, not a stated IT load, so it is deliberately not recorded in capacityMw. Centersquare is Brookfield Infrastructure's 2024 combination of Evoque and the acquired Cyxtera assets.",Centersquare,reported,26.3,unknown,,,2026-09-21,Compute Atlas,centersquare-ewr5-secaucus-nj,https://www.csquare.com/data-centers/new-york-new-jersey,,operational
TN,Gallatin,confirmed,United States,,,,,36.40406,-86.39812,Centersquare Gallatin (NAS) Campus,,Centersquare,reported,100.0,planned_maximum,28.5,acre,2026-08-15,Compute Atlas,centersquare-gallatin-tn,https://www.datacenterfrontier.com/cloud/article/11427377/evoque-to-partner-with-archer-datacenters-on-200m-nashville-campus,,planned
CA,Irvine,reported,United States,,,,,33.6870931,-117.8479769,Centersquare LAX3,"'OC2' is a legacy Cyxtera/Savvis codename for this same building, now branded 'LAX3' on Centersquare's current site (independently confirmed by OSM, which tags this building 'Cyxtera LAX3 Data Center'). Capacity corrected to 24.9MW - Centersquare's own disclosed Utility figure (matching the convention already used for the tracked centersquare-phx3-az record) - from a stale/inconsistent aggregator figure of 12MW that does not reconcile with that same aggregator's own suite-level sub-splits. No AI/HPC-specific marketing found for this building specifically. Distinct building from Centersquare's other Irvine facility, LAX5 (2681 Kelvin Avenue, formerly aggregator-labeled 'LAX2'), approximately 0.7 miles away - same operator, not the same campus.",Centersquare (Cyxtera/Evoque),reported,24.9,unknown,,,2026-08-02,Compute Atlas,centersquare-lax3-irvine-ca,https://www.csquare.com/data-centers/los-angeles,,operational
CA,Irvine,reported,United States,,,,,33.6847703,-117.8366956,Centersquare LAX5,"Officially named 'LAX5' on Centersquare's own current site; 'LAX2' is a deprecated Evoque-era code for this same building that persists on some aggregator pages. Capacity corrected to 17.3MW (Centersquare's current disclosed figure) from a stale/legacy 15MW aggregator figure. Centersquare = Brookfield's April 2024 combination of Evoque Data Center Solutions + acquired Cyxtera Technologies assets. No AI/HPC-specific marketing found for this building specifically (only portfolio-wide language). Distinct building from Centersquare's other Irvine facility, LAX3 (17836 Gillette Avenue), approximately 0.7 miles away - same operator, not the same campus. First Orange County, CA facility tracked in this dataset.",Centersquare (Cyxtera/Evoque),reported,17.3,unknown,,,2026-08-02,Compute Atlas,centersquare-lax5-irvine-ca,https://www.csquare.com/data-centers/los-angeles,,operational
IL,Elk Grove Village,confirmed,United States,,,,,41.9923175,-87.9582323,Centersquare ORD2 (Elk Grove Village),"Operator lists ORD2 at 111,906 sq ft of raised floor and 25.9MW. The operating entity has changed hands and names repeatedly (Cyxtera/Evoque → Centersquare → Csquare); the DCEO MOU is held by 2425 Busse Road LLC and was amended in 2025 to add Centersquare MSA Holdings LLC. County omitted: the geocoder returns DuPage for this address while Elk Grove Village spans two counties. Coordinates geocoded from the published street address.",Centersquare (Csquare),reported,25.9,unknown,,,2026-09-25,Compute Atlas,centersquare-ord2-elk-grove-village-il,https://www.csquare.com/data-centers/chicago,,operational
IL,Lisle,confirmed,United States,,,,,41.8023406,-88.0948856,Centersquare ORD4 (Lisle),"Operator lists ORD4 at 66,875 sq ft of raised floor. No capacityMw recorded: the operator's page gives 88.9MW against ORD4 while other trade listings give figures an order of magnitude lower for the same building, so the number is not asserted here. Coordinates geocoded from the published street address.",Centersquare (Csquare),reported,88.9,unknown,,,2026-09-25,Compute Atlas,centersquare-ord4-lisle-il,https://www.csquare.com/data-centers/chicago,,operational
AZ,Mesa,reported,United States,,,,,33.4212542,-111.8590191,Centersquare PHX3,"Operator's own directory (csquare.com/data-centers/phoenix) lists two distinct Phoenix-market facilities: PHX1 (Phoenix proper, ~40,456 sqft, 13.3MW) and PHX3 (Mesa, 1301 W University Dr, ~154,000 sqft total / 50,256 sqft raised floor, 17.3MW). The OSM candidate's name 'PHX1 - Mesa' conflates the two -- the Mesa facility is officially PHX3, not PHX1. Corrected the official name accordingly. Confirmed via csquare.com directory + corroborated by datacenters.com and PeeringDB listings for Centersquare PHX3 at the same address.",Centersquare (Cyxtera/Evoque),reported,17.3,unknown,,,2026-07-23,Compute Atlas,centersquare-phx3-az,https://www.csquare.com/data-centers/phoenix,,operational
MN,Shakopee,confirmed,United States,,,,,44.7965,-93.482,Centersquare Shakopee (MSP1 Campus),"4450 Dean Lakes Boulevard, Shakopee, MN 55379. Built by Compass Datacenters (Phase 1, 1.2MW, opened 2014, originally for Savvis/CenturyLink, ~$26M). Passed to Cyxtera (2017, via $2.8B CenturyLink data-center-portfolio deal), then to Evoque, then rebranded Centersquare in April 2024 after Evoque closed its acquisition of Cyxtera's portfolio. Own site (csquare.com) states 'Utility power: 19.1MW' with separate, smaller UPS (2.4MW) and generator (3.6MW) figures listed — those smaller numbers likely describe currently-installed backup for built-out suites, not total site capacity; used the 19.1MW utility-power figure as capacityMw.operational but flagging the discrepancy for a human sanity-check. 29,800 sq ft raised floor (~28,900–30,000 sq ft consistently reported). Compass's original master plan included 3 more 25,000 sq ft buildings (~$90M) — unclear if built out; not counted here.",Centersquare (fka Cyxtera / Evoque; site originally built by Compass Datacenters),reported,19.1,unknown,,,2026-09-18,Compute Atlas,centersquare-shakopee-mn,https://www.csquare.com/data-centers/minneapolis,,operational
FL,Tampa,confirmed,United States,,,,,27.9455353,-82.351102,Centersquare Tampa TPA1,"19,245 sq ft of raised floor; 9MW of utility and generator capacity against 2.5MW of UPS, so no single IT-load figure is asserted. Roughly 8 miles east of downtown Tampa, outside mandatory evacuation zones, with a 130-mph wind-rated TPO roof. Formerly branded Cyxtera TPA1 / TP1 — OSM still carries the Cyxtera name; Centersquare is the current operator.",Centersquare,reported,9.0,unknown,,,2026-09-21,Compute Atlas,centersquare-tpa1-tampa-fl,https://www.csquare.com/data-centers/tampa,,operational
MN,Eagan,confirmed,United States,,,,,44.8288628,-93.1184514,CENTRA MSP1,"Adaptive reuse of a former enterprise-owned facility — CENTRA's own release calls it ""Eagan's First Carrier-Neutral Interconnection Data Center""; Tier III+, 4/3 redundant power, N+1 cooling, four diverse fiber entry points. CENTRA (rebranded from Deep Edge Realty in 2024) acquired the roughly 10-acre property for a reported $17M per Baxtel; expected online summer 2026. Address note: secondary listings disagree — this record uses 610 Opperman Dr, confirmed by the directly-fetched Baxtel listing; a datacentermap.com search-result title (never successfully fetched, repeated 429s) instead reads ""3640 Nasseff Way"" and was not used.",CENTRA Digital Interconnect,reported,12.0,planned_maximum,10.0,acre,2026-09-10,Compute Atlas,centra-msp1-eagan-mn,https://www.centradigital.com/post/centra-breaks-ground-on-msp1,,planned
ME,Portland,confirmed,United States,,,,,43.6578388,-70.2613785,CENTRA Digital Interconnect -- 340 Cumberland (PMW01),"Described by the operator's aggregator listing as ""the most interconnected building in the State of Maine,"" a neutral, purpose-built interconnection facility in downtown Portland; rebranded from 'Deep Edge Realty' in 2024. Baxtel's Maine directory page states 52,272 sq ft. GWI (Great Works Internet, headquartered in Biddeford, ME) independently lists a facility at this SAME address (340 Cumberland Ave) -- treated here as a tenant/point-of-presence inside this same interconnection building rather than a separate facility, per this wave's one-pin-per-parcel rule, since a second record would otherwise carry an identical pin. No MW capacity figure was available from either source fetched. OSM confirms the address as a mapped point at 340 Cumberland Avenue, Parkside/West End, Portland (node/7171975407); no distinctly-named building polygon was available so precision is approximate.",CENTRA Digital Interconnect,reported,1.0,unknown,,,2026-09-21,Compute Atlas,centra-portland-me,https://baxtel.com/data-center/maine,,operational
OK,Oklahoma City,confirmed,United States,,,,,35.4676,-97.5164,Cerebras Oklahoma City Data Center,"Colocation tenancy: Cerebras Systems is the AI infrastructure operator; Scale Datacenters is the facility host/colo provider (acquired the 82,000 sq ft building from Expand Energy, formerly Chesapeake Energy, originally built ~2013). Facility address: 512 NW 62nd St (corner of NW 61st/62nd St and N Lee Ave), Oklahoma City. Ribbon cutting September 22, 2025. Houses 300+ CS-3 Wafer Scale Engine systems delivering 44+ exaflops of AI compute. Facility features Tier III-quality infrastructure, tornado and seismic shielding, triple-redundant power stations. Cerebras matches all kWh consumption with renewable energy (REC-based, not on-site generation). OG&E reported as grid utility — consistent with OKC service territory but not explicitly named in Cerebras primary sources. Investment amount not disclosed. Jobs: Cerebras blog references 'hundreds of good-paying jobs' in engineering, IT, and operations plus local college workforce partnerships — no firm headcount confirmed. Coordinates are approximate (dispatch seed); actual facility is at 512 NW 62nd St.",Cerebras Systems,reported,10.0,unknown,,,2026-07-07,Compute Atlas,cerebras-oklahoma-city-ok,https://www.datacenterfrontier.com/hyperscale/article/55273769/cerebras-unveils-six-data-centers-to-meet-accelerating-demand-for-ai-inference-at-scale,,operational
NC,Charlotte,reported,United States,,,,,35.1440029,-80.918404,Spectrum Charlotte National Data Center,"Originally built by Time Warner Cable; now operated by Charter Communications (Spectrum) following the TWC acquisition — the source is authoritative about who BUILT it, and current operation is attributed to Charter on that basis. 178,000 sq ft data center plus a 103,500 sq ft administrative building.",Charter Communications,reported,15.0,unknown,,,2026-09-24,Compute Atlas,charter-spectrum-charlotte-national-data-center-nc,https://baxtel.com/data-center/spectrum-charlotte-national-data-center,,operational
MA,Holyoke,reported,United States,,,,,42.1975752,-72.600908,Chestnut River Holyoke Data Center (former Hampden Papers complex),"Status is ""proposed"", not ""cancelled"": Holyoke's City Council voted 9-4 on 2026-06-17 to ban AI data centers above 12 MW, which would bar this 20 MW project as designed, but the developer stated ""We're not closing the door - and we hope Holyoke won't either"" and had neither filed permits nor bought the property. The coordinate is the OSM-mapped former Hampden Paper Co building at the cited address, marked approximate because the proposal covers the wider complex. The 20 MW is the developer's stated figure; $200M is the reported project cost for this site only. Holyoke's ban explicitly exempts the tracked MGHPCC.",Chestnut River Power and Infrastructure,reported,20.0,planned_maximum,,,2026-09-21,Compute Atlas,chestnut-river-holyoke-ma,https://www.wamc.org/news/2026-06-16/holyoke-councilors-mull-data-center-ban-as-developer-seeks-former-complex,,planned
IL,Volo,reported,United States,,,,,42.3486,-88.1382,Volo Data Center,"160,000 sq ft leased facility; tenant is CoreWeave, Inc. (public GPU/AI-cloud compute provider) -- every source frames this explicitly as an AI data center supporting AI computing operations. 14 MW is the existing/disclosed grid power supply; a planned on-site Bloom Energy fuel-cell/microgrid buildout was targeted for Q3 2025 commissioning but its MW capacity is not disclosed in any source found and is omitted (a distinct figure from the 14 MW grid supply, not additive to it here). Acreage (~50 acres) and the exact street address/postal code are corroborated only via a single aggregator/cached-search path (a direct Data Center Dynamics fetch on the site's HSBC/Capital One former-tenant history returned 403 both attempts) -- flagged as single-path, not independently cross-verified; treat address/acreage as approximate. Former site occupant: HSBC (built ~2007), later Capital One (acquired HSBC's US card operations, 2012), vacant and auctioned ~2023 before Chirisa's redevelopment. No SEC filing or Bloom Energy investor press release could be located this session to corroborate; neither is cited as a source. Investment and jobs figures are not disclosed anywhere and are omitted.",Chirisa Technology Parks,reported,14.0,unknown,50.0,acre,2026-09-25,Compute Atlas,chirisa-volo-data-center-il,https://www.datacenterfrontier.com/energy/article/55127752/coreweave-chirisa-illinois-data-center-project-taps-bloom-energy-for-fuel-cell-power-leans-into-microgrids,,operational
TN,Clarksville,reported,United States,,,,,36.53,-87.36,Cielo Montgomery County AI Campus,"~107-acre proposed site, ~350 MW. Distinct operator/parcel from Google's operational Clarksville (Montgomery County) campus. Sourcing is thin (tracker + developer site) → confidence reported. Cielo specializes in power/fiber-ready campus development. Coordinates are the Clarksville area centroid.",Cielo Digital Infrastructure,reported,350.0,planned_maximum,107.0,acre,2026-07-26,Compute Atlas,cielo-clarksville-tn,https://cleanview.co/data-centers/tennessee/2037/cielo-clarksville-data-center,,planned
SC,Gaffney,reported,United States,,,,,35.0666365,-81.5576062,Cielo Digital Infrastructure Gaffney Campus,"Announcement describes four buildings of roughly 400,000 sq ft each plus an associated electrical substation, at '000 Ford Road, Gaffney'. Initial operations expected online by year-end 2028. Coordinates are an approximate geocode of Ford Road — no parcel-level location was published. A 300 MW full-build-out figure appears in trade coverage but is not stated in the state announcement, so capacity is omitted here.","Cielo Digital Infrastructure, LLC",reported,300.0,planned_maximum,,,2026-09-22,Compute Atlas,cielo-gaffney-cherokee-county-sc,https://governor.sc.gov/news/2025-06/cielo-digital-infrastructure-selects-cherokee-county-first-south-carolina-development,,planned
FL,Haines City,reported,United States,,,,,28.1114,-81.6198,Cielo Haines City Data Center,"300 MW planned, ~74-acre site along Marion Road and State Road 544 East, Haines City, Polk County -- pre-application stage (no site plan, zoning request, or development agreement filed as of Aug 2026), distinct from the already-tracked Lakeland (Ryan Companies/Project Swan) and Fort Meade (Stonebridge/Florida Ecopark) Polk County sites. No precise parcel address, investment figure, or jobs figure disclosed in any source found; coordinates are the Haines City area centroid, not the actual site. The Data Center Dynamics original report (sources[2]) returned a 403 on direct re-fetch this session -- corroborated via Yahoo Finance syndication and independent Citrus Tea investigative reporting citing city commission records; multiple other independent local outlets (WFLA, Fox 13 Tampa Bay, Bay News 9) covered the same story at headline level.",Cielo Digital Infrastructure,reported,300.0,planned_maximum,74.0,acre,2026-09-21,Compute Atlas,cielo-haines-city-fl,https://finance.yahoo.com/technology/ai/articles/florida-data-center-project-stalls-180033586.html,,planned
TX,Colorado City,confirmed,United States,,,,,32.3954,-100.8687,Cipher Barber Lake Campus,"587-acre Barber Lake site near Colorado City, Mitchell County; ~300 MW HPC/AI under a Fluidstack/Google lease; Phase I targeted Sept 2026. Coordinates are the Colorado City area centroid. Cipher Mining was renamed Cipher Digital.",Cipher Digital,reported,300.0,planned_maximum,587.0,acre,2026-07-26,Compute Atlas,cipher-barber-lake-colorado-city-tx,https://www.datacenterdynamics.com/en/news/cipher-mining-acquires-more-than-500-acres-across-two-sites-in-texas-for-crypto-and-hpc-use/,,planned
TX,Wink,confirmed,United States,,,,,31.751,-103.1607,Cipher Black Pearl Campus,"~300 gross MW HPC/AI campus near Wink, Winkler County, under a 15-year AWS lease; Phase I targeted Q4 2026. Cipher transitioning crypto → HPC/AI. Coordinates are the Wink area centroid. Cipher Mining (Nasdaq: CIFR) financed Black Pearl via ~$2.0B senior secured notes (Black Pearl Compute LLC, Feb 2026) plus a ~$232.5M equity reimbursement (~$2.23B implied total, inferred across two instruments) -> investmentUsd omitted; the ~$9.3-9.8B AWS figure is 15-year lease revenue, not capex. No jobs figures disclosed -> jobs honest-zero. Mining-era cooling was ~250 MW air-cooled + ~50 MW liquid-cooled; the HPC/AI cooling architecture is undisclosed -> water honest-zero. No confirmed public subsidy surfaced. Cipher Mining was renamed Cipher Digital.",Cipher Digital,reported,300.0,planned_maximum,,,2026-07-25,Compute Atlas,cipher-black-pearl-wink-tx,https://baxtel.com/data-center/cipher-digital-black-pearl,,planned
TX,San Angelo,confirmed,United States,,,,,31.5290977,-100.3212098,Cipher Colchis Campus,"1-GW HPC/AI development site in Tom Green County, northeast of San Angelo near AEP's Red Creek 345-kV substation (~2,500 ft east of the Skybox San Angelo campus). In November 2025 Cipher purchased a majority interest in a JV (Colchis LLC) to develop the site, with options to buy ~620 acres of land adjacent to the existing substation; Cipher expects ~95% equity subject to final lease/development terms. Coordinates are the NE-San-Angelo / Red Creek substation area centroid (approximate) pending a parcel-level GIS lookup. Investment and jobs figures undisclosed -> omitted. County pinned via local press (San Angelo LIVE); the SEC 10-K discloses only ""West Texas."". Cipher Mining was renamed Cipher Digital.",Cipher Digital,reported,1000.0,planned_maximum,620.0,acre,2026-09-21,Compute Atlas,cipher-colchis-tom-green-tx,https://www.sec.gov/Archives/edgar/data/1819989/000181998926000009/cifr-20251231.htm,,planned
OH,,rumored,United States,,,,,39.55139,-81.64944,HashWorks Powered Land — Waterford Site,"HashWorks Powered Land Waterford LLC has assembled just over 500 acres in Waterford Township and filed for a 25 MGD Muskingum River surface-water withdrawal; local reporting ties the leasing LLCs to Sabre 56 and Cipher Digital for a potential 200MW crypto-mining/HPC/AI facility, but Washington County commissioners stated no deal has been finalized and Cipher's ownership stake is undocumented -- confidence kept at rumored. Distinct site from the Center Township/Morgan County 'Ulysses' project.",HashWorks Powered Land Waterford LLC (land entity tied to Cipher Digital / Sabre 56),reported,200.0,planned_maximum,500.0,acre,2026-09-21,Compute Atlas,cipher-digital-hashworks-waterford-washington-oh,https://woub.org/2026/05/22/waterford-resident-calls-trustee-step-down-data-center-development/,,planned
OH,,reported,United States,,,,,39.63028,-81.64694,Cipher Digital Ulysses,"Site publicly confirmed by Cipher (200MW, 195 acres, AEP Ohio, PJM, Q4 2027 energization) without a stated county; local reporting on a June 2026 public meeting in Center Township, Morgan County ties Cipher Digital to a proposed data center there, matching the same MW/timeline facts. Distinct from a separate Cipher-linked land assembly in Waterford Township, Washington County (see cipher-digital-hashworks-waterford-washington-oh).",Cipher Digital (formerly Cipher Mining),reported,200.0,planned_maximum,195.0,acre,2026-08-26,Compute Atlas,cipher-digital-ulysses-center-township-morgan-oh,https://theenergymag.com/news/2025-12-23/cipher-ohio-hpc-pjm,,planned
TX,Waco,reported,United States,,,,,31.474088,-96.96261,Cipher McLennan HPC Data Center,"Cipher's McLennan HPC/AI data center site in central Texas (McLennan County, the Waco area). Targeted capacity up to 500 MW; estimated energization 2028. Cipher entered an option agreement in October 2024 and exercised the option to acquire the special-purpose entity in February 2026. Part of Cipher's ~3.4 GW / 8-site HPC pipeline (Cipher Digital, formerly Cipher Mining). Coordinates approximate (McLennan County / Waco geocode; specific parcel not disclosed). Cipher Mining was renamed Cipher Digital.",Cipher Digital,reported,500.0,planned_maximum,300.0,acre,2026-08-16,Compute Atlas,cipher-mclennan-county-tx,https://www.sec.gov/Archives/edgar/data/1819989/000181998926000009/cifr-20251231.htm,,planned
TX,Cotulla,reported,United States,,,,,28.4359,-99.2351,Cipher Reveille HPC Data Center,"Cipher's Reveille HPC/AI data center site in Cotulla, Texas (La Salle County). ERCOT interconnection approval up to 70 MW with room for expansion; targeted energization 2027. Part of Cipher's ~3.4 GW / 8-site HPC pipeline (Cipher Digital, formerly Cipher Mining). Coordinates approximate (Cotulla, TX geocode). Cipher Mining was renamed Cipher Digital.",Cipher Digital,reported,70.0,planned_maximum,,,2026-07-17,Compute Atlas,cipher-reveille-cotulla-la-salle-tx,https://www.sec.gov/Archives/edgar/data/1819989/000181998926000009/cifr-20251231.htm,,planned
TX,Andrews,reported,United States,,,,,32.3187,-102.5457,Cipher Stingray HPC Data Center,"Cipher's Stingray HPC/AI data center site, ~250 acres in Andrews County, Texas (west of the city of Andrews). Conditional ERCOT interconnection approval up to 100 MW; targeted energization H1/Q2 2026. Part of Cipher's ~3.4 GW / 8-site HPC pipeline. Cipher rebranded from Cipher Mining to Cipher Digital during its pivot to hyperscale HPC/AI hosting. Coordinates approximate (Andrews, TX geocode; exact parcel not confirmed). Cipher Mining was renamed Cipher Digital.",Cipher Digital,reported,100.0,planned_maximum,250.0,acre,2026-07-25,Compute Atlas,cipher-stingray-andrews-county-tx,https://www.sec.gov/Archives/edgar/data/1819989/000181998926000009/cifr-20251231.htm,,planned
UT,Midvale,reported,United States,,,,,40.6111,-111.8994,CirrusDS View 78 Data Center,"Phase 1 (32MW, four 8MW modules) is operational and being marketed for lease; two additional phases (~80MW more) are planned. Some third-party trackers report a larger total (up to 160MW) than the operator's own site; treated as unconfirmed beyond the operator's stated 112MW total. Subsidies checked at the municipal tier (2026-09-05): no site-level subsidy found. Midvale's RDA runs three project areas (Bingham Junction, Jordan Bluffs, Main Street); 983 W Center St falls outside Main Street's boundary, but which of the two overlapping former-Superfund redevelopment areas, Bingham Junction or Jordan Bluffs, actually contains the parcel was not resolved — the ""View 78"" campus name loosely ties to Jordan Bluffs via a nearby apartment development, but this is not confirmed. Midvale's own resolutions index lists no agreement naming Cirrus, a data center, or 983 W Center St. Utah's EDTIF programme excludes data centres and the UCA 59-12-104 exemption is self-executing.",Cirrus Data Services,reported,32.0,unknown,,,2026-08-25,Compute Atlas,cirrus-data-services-midvale-ut,http://cirrusds.com/midvale-ut-campus,,operational
UT,Midvale,reported,United States,,,,,40.6111,-111.8994,CirrusDS View 78 Data Center,"Phase 1 (32MW, four 8MW modules) is operational and being marketed for lease; two additional phases (~80MW more) are planned. Some third-party trackers report a larger total (up to 160MW) than the operator's own site; treated as unconfirmed beyond the operator's stated 112MW total. Subsidies checked at the municipal tier (2026-09-05): no site-level subsidy found. Midvale's RDA runs three project areas (Bingham Junction, Jordan Bluffs, Main Street); 983 W Center St falls outside Main Street's boundary, but which of the two overlapping former-Superfund redevelopment areas, Bingham Junction or Jordan Bluffs, actually contains the parcel was not resolved — the ""View 78"" campus name loosely ties to Jordan Bluffs via a nearby apartment development, but this is not confirmed. Midvale's own resolutions index lists no agreement naming Cirrus, a data center, or 983 W Center St. Utah's EDTIF programme excludes data centres and the UCA 59-12-104 exemption is self-executing.",Cirrus Data Services,reported,112.0,planned_maximum,,,2026-08-25,Compute Atlas,cirrus-data-services-midvale-ut,http://cirrusds.com/midvale-ut-campus,,planned
VA,Ruther Glen,confirmed,United States,,,,,37.9374,-77.4837,CleanArc VA1,"900 MW flagship campus in Ruther Glen, Caroline County, phased into the mid-2030s (200 MW online targeted Q3 2026). Distinct operator/parcel from the AWS Mattermeade campus (also Caroline County). Coordinates are the Ruther Glen area centroid. investmentUsd records the confirmed $3B first-phase pledge (VEDP); the ~$8.8B full-buildout figure is a projection and is excluded.",CleanArc Data Centers,reported,900.0,planned_maximum,,,2026-07-08,Compute Atlas,cleanarc-ruther-glen-va,https://www.datacenterdynamics.com/en/news/cleanarc-gets-green-light-for-600mw-data-center-campus-in-caroline-county-virginia/,,planned
TX,,confirmed,United States,,,,,29.9508,-96.2661,CleanSpark Austin County AI Data Center Campus,"First of CleanSpark's two announced Greater Houston-area sites (see also the separate Brazoria County campus). No city/address disclosed anywhere in the filing — company language is only 'positioned between Houston and Austin'; Austin County (seat Bellville) fits that framing, so coordinates are an approximate county reference point, not a parcel. Targeting energization of >200 MW in H1 2027. Explicitly framed by named CleanSpark executives (CBO, SVP of AI Data Centers) as an AI/HPC campus, not continued bitcoin mining or generic cloud — clears the schema's evidence bar for aiClassification. Combined with the separate Brazoria County campus, CleanSpark cites 'more than 890 MW of aggregate potential utility capacity' in the greater Houston area.","CleanSpark, Inc.",reported,285.0,planned_maximum,271.0,acre,2026-08-25,Compute Atlas,cleanspark-austin-county-tx,https://www.sec.gov/Archives/edgar/data/827876/000119312525254934/clsk-20251029.htm,,planned
TX,,reported,United States,,,,,29.1694,-95.431,CleanSpark Brazoria County (Second Texas) Campus,"CleanSpark's second announced Houston-area AI/HPC campus (see also the separate Austin County campus, ~890 MW aggregate potential combined). No city or street address disclosed in any source found — coordinates are an approximate reference point at the Brazoria County seat (Angleton, TX), not a parcel location. 447 acres is disclosed as an 'up to' ceiling. An additional 300 MW (to a 600 MW total) is described as a potential future expansion, not yet ERCOT-approved or contracted. No named AI/HPC tenant or GPU lease disclosed for this specific site (unlike CleanSpark's Sandersville, GA site), so aiClassification is 'likely' rather than 'confirmed.' No raw SEC 8-K located this session for this transaction; sourced to CleanSpark's own press release and investor-relations pages, independently corroborated by trade press (DataCenterDynamics, The Energy Mag).","CleanSpark, Inc.",reported,300.0,planned_maximum,447.0,acre,2026-08-02,Compute Atlas,cleanspark-brazoria-county-tx,https://www.prnewswire.com/news-releases/cleanspark-expands-texas-footprint-with-major-power-acquisition-near-houston-to-support-scaled-ai-and-hpc-development-302660752.html,,planned
OK,Oklahoma City,reported,United States,,,,,35.4676,-97.5164,CloudBurst Oklahoma City Campus,200 MW IT load across a planned multi-building campus reported near 2000 S Council Rd. Coordinates are an Oklahoma City centroid approximation. Oklahoma City's 2026 data-center moratorium is reported to have affected the timeline.,CloudBurst Data Centers,reported,200.0,planned_maximum,,,2026-09-14,Compute Atlas,cloudburst-oklahoma-city-campus-ok,https://cloudburstdc.com/oklahoma-city/,,planned
TX,San Marcos,reported,United States,,,,,29.88,-97.94,CloudBurst San Marcos GigaCenter,"706-acre campus spanning Hays and Guadalupe counties; coordinates use San Marcos city area as centroid. Developed with Evolve Holdings as construction manager. 10-12 hyperscale buildings totaling ~3 million sq ft planned. Tenant not publicly confirmed. Investment total not confirmed in available sources; $14.5B figure removed as unsupported. Guadalupe County commissioners rejected a $500M abatement 3-2 on Feb 24, 2026, then approved a revised abatement on April 21, 2026; county records peg total campus investment at $14.5B (Hays County, home to 77.5 of the 220 abated acres, took no abatement action).",CloudBurst Data Centers,reported,1200.0,planned_maximum,706.0,acre,2026-08-26,Compute Atlas,cloudburst-san-marcos-tx,https://www.datacenterdynamics.com/en/news/cloudburst-breaks-ground-on-gigawatt-scale-data-center-campus-in-texas/,,planned
VA,Ashburn,reported,United States,,,,,39.0102471,-77.4626713,CloudHQ LC1,"Two-phase facility (LC1A entered service 2018, LC1B 2022) at 21955 Loudoun County Pkwy, part of CloudHQ's LC Campus. Corroborated by CloudHQ's own campus page and datacentermap.com/datacenterhawk listings.",CloudHQ,reported,144.0,unknown,,,2026-09-21,Compute Atlas,cloudhq-lc1-va,https://www.datacentermap.com/usa/virginia/ashburn/cloudhq-lc1/,,operational
VA,Manassas,confirmed,United States,,,,,38.7196,-77.4982,CloudHQ Manassas MCC Campus,"Seven-building campus; 382 MW total planned critical IT load; 96 MW currently available. Coordinates sourced directly from CloudHQ website (38.71955, -77.49819). Connects via Manassas Fiber Highway to CloudHQ's MDC campus.",CloudHQ,reported,382.0,planned_maximum,100.0,acre,2026-08-16,Compute Atlas,cloudhq-manassas-mcc-va,https://cloudhq.com/campus/mcc-campus/,,planned
MN,Chaska,confirmed,United States,,,,,44.81068,-93.63557,CloudHQ MSP Campus (Chaska),"CloudHQ markets the campus as ""200 MWs Total Critical IT Load"" across ""one or two data centers"" totalling ""1,100,000 SF""; the City of Chaska describes a ""Data center totaling approximately 1.5 million square feet in the West Creek Corporate Center"" at 2007 Schoolmaster Dr. Chaska states ""Cloud HQ has not applied for, and the City of Chaska has not offered, any form of tax relief or other subsidies."" Coordinates are CloudHQ's own published campus point (44.81068, -93.63557), which sits ~200 m from the OSM point for the city-stated street address. Distinct from the two Chaska sites already tracked (Flexential MSP01 at 3500 Lyman Blvd and LightEdge at 1708 W Creek Ln).",CloudHQ,reported,200.0,planned_maximum,,,2026-09-18,Compute Atlas,cloudhq-msp-campus-chaska-mn,https://cloudhq.com/campus/msp-campus/,,planned
KS,Tonganoxie,reported,United States,,,,,39.1097,-95.0877,Project Bluestem,"Proposed hyperscale data center campus on the former Tailgate Ranch in unincorporated Leavenworth County, south of Tonganoxie and south of the Tonganoxie Business Park, near the Tonganoxie/Eudora interchange on I-70. Reported as roughly 1,000 acres (KSHB; the Lawrence Journal-World writes ""more than 1,000 acres"" and the community lead that surfaced this record claimed 1,100 acres — no source seen states 1,100, so 1,000 is recorded and the discrepancy is noted here). KSHB reports 330 acres set aside for permanent land conservation. The planned capacity recorded here is the reported ceiling: a revised proposal submitted after Leavenworth County's data center moratorium expired in August 2026 roughly doubled the project's electricity demand to ""up to 1.2 gigawatts"" and added an on-site gas power plant; a lower figure appears in one Journal-World reference (""600-watt data center"", evidently a units error in the source) and is not used. Location precision is approximate: no source seen states coordinates, a street address or a parcel, so the pin is the Tonganoxie town centroid (OpenStreetMap/Nominatim) and the actual footprint lies some distance south of it. Cloverleaf Infrastructure, a Houston-based developer founded by former Microsoft energy executives, describes itself as a site-preparation developer that will introduce an end user later; no hyperscale tenant has been named. Cloverleaf's own site describes a ""multi-billion-dollar taxable investment"" but states no dollar figure, so investmentUsd is omitted. As of 2026-09-23 the project is conceptual: Cloverleaf's FAQ states no formal applications have been submitted to local jurisdictions, and the county's data center planning and zoning regulations are not finalized.",Cloverleaf Infrastructure,reported,1200.0,planned_maximum,1000.0,acre,2026-09-23,Compute Atlas,cloverleaf-bluestem-tonganoxie-ks,https://bluestemdatacenter.com/,,planned
OK,Piedmont,reported,United States,,,,,35.7,-97.8,Cloverleaf Project Open Sky,"630-acre proposed data campus near the Mathewson Substation, NW 248th Street, Piedmont (Canadian/Kingfisher county line) — part of a transmission corridor drawing multiple competing proposals; see beltline-piedmont-kingfisher-county-ok (this same batch), a separate, distinct 321-acre Beltline Energy site nearby — do not conflate despite both being in Piedmont. Closed-loop cooling planned. Cloverleaf recently withdrew from two Wisconsin data center projects after local opposition (context, not this project). Reported as 'over $1 billion taxable investment' (DCD) — read as a tax-abatement eligibility threshold rather than a confirmed capex figure, so not populated as investmentUsd.",Cloverleaf Infrastructure,reported,1500.0,planned_maximum,630.0,acre,2026-09-14,Compute Atlas,cloverleaf-project-open-sky-piedmont-ok,https://www.datacenterdynamics.com/en/news/powered-land-company-cloverleaf-proposing-633-acre-data-center-in-canadian-county-oklahoma/,,planned
AL,,confirmed,United States,,,,,32.2700221,-86.5128035,Project Red Clay,"SUBSIDY — CONFIRMED ABSENCE AS OF 24 JULY 2026: Yellowhammer News reports that no formal abatement request had been filed as of that date, and that the granting body would be the Lowndes County Commission. Under legislation signed by Gov. Kay Ivey in April 2026, an abatement approved before 1 January 2027 could run up to 30 years; after that date the maximum is 20 years. No dollar amount has been stated by any source, so no subsidies entry is recorded. NO NAMED TENANT: Cloverleaf is described by Yellowhammer as a Houston- and Seattle-based speculative developer assembling land for an unnamed future operator; aiClassification is therefore ""likely"", not confirmed. CONFLICTING FIGURES, recorded rather than reconciled: investment is ""$1.5 billion"" per WSFA and Route Fifty (""at least $1.5 billion in the development stage"") but the developer's own site says ""Over a $1 billion taxable investment in Lowndes County"". Jobs: the developer's site says ""Over 1,000 high-paying construction jobs"" and ""at least 50 full-time jobs"" once operational; other coverage this run could not fetch cites 1,000-1,500 construction and over 200 permanent — the developer's own lower figures are recorded here. Footprint: ""more than 800 acres in northeast Lowndes County"" and ""2.88 million square feet"" (Yellowhammer). ZONING: reporting notes Cloverleaf could buy and develop here because Lowndes County has no planning or zoning authority. Coordinates are the OSM-confirmed U.S. 80 / AL 21 junction that WSFA names as the site vicinity — NOT a parcel boundary; the actual footprint is somewhere in northeast Lowndes County near that junction. Inside Climate News and WBHM coverage of this project returned HTTP 403 to both WebFetch and curl in this run and is therefore not cited.",Cloverleaf Infrastructure,reported,1500.0,planned_maximum,800.0,acre,2026-09-28,Compute Atlas,cloverleaf-red-clay-lowndes-al,https://redclaydatacenter.com/,,planned
IL,Troy,reported,United States,,,,,38.719,-89.913,Cloverleaf Troy Data Center Campus,"Four data center buildings plus substation, office and warehouse proposed on farmland off Formosa Road near Collinsville Road. Cloverleaf is a powered-land developer; no end tenant has been named. A permanent-jobs estimate of 100-200 was given as a range and is not recorded as a single value. Coordinates are derived from the mapped road intersection and are approximate.",Cloverleaf Infrastructure,reported,500.0,planned_maximum,,,2026-09-12,Compute Atlas,cloverleaf-troy-il,https://www.troyil.us/DocumentCenter/View/2026/20260107-Troy-Informative-Slides---No-Site,,planned
MO,Troy,reported,United States,,,,,38.9784,-90.9832,Cloverleaf Troy Campus,"500 MW full-buildout campus near Troy, Lincoln County (near St. Louis); construction from early 2027. Single-tracker source → confidence reported. Coordinates are the Troy area centroid.",Cloverleaf Infrastructure,reported,500.0,planned_maximum,,,2026-07-07,Compute Atlas,cloverleaf-troy-mo,https://www.blackridgeresearch.com/blog/latest-list-new-ai-proposed-upcoming-data-center-projects-missouri-usa,,planned
CA,Coachella,reported,United States,,,,,33.671181,-116.169492,Coachella Valley Technology Campus,"450-acre, two-phase project (Phase 1: 240 acres, reportedly 270-300 MW across three to six buildings - sources disagree on the building count; Phase 2: 210 acres, up to roughly 600 MW combined) near the Fillmore Street and Avenue 52 intersection in eastern Coachella. Status recorded as cancelled as the closest schema fit: the city's only concrete agreement with the developer was terminated by City Council on 2026-06-04 and the city is one to two votes (2026-08-12, 2026-08-26) from a permanent data-center ban, though the developer has not formally withdrawn. Re-check after the August 2026 council votes. No AI/HPC-specific marketing found anywhere - both the developer and press use generic 'data center'/'technology campus' language; the NBC headline's 'AI data center' phrasing is journalistic shorthand, not developer marketing. Planned around three microgrids and an energy center under a self-supplied municipal-utility model (Coachella Valley Power Services LLC, a Stronghold subsidiary; DMK Project Solutions Services is the named project-management partner); the Imperial Irrigation District separately projected approximately $42M in municipal-utility infrastructure financing - not project capex, so investmentUsd is left unset. Capacity is disclosed only as a range and jobs only as vague estimates ('hundreds of local jobs'), so both are omitted from structured fields per this dataset's range-omit convention. Only cross-streets are known (Fillmore Street and Avenue 52) - no parcel address confirmed. Coordinates are an approximate road-segment geocode (Avenue 52), not a parcel-confirmed point.",Stronghold Power Systems,reported,270.0,planned_maximum,450.0,acre,2026-09-21,Compute Atlas,coachella-valley-technology-campus-ca,https://www.nbcpalmsprings.com/2026/05/12/coachella-residents-pack-town-hall-over-proposed-ai-data-center-raising-alarms-about-water-power-costs-and-transparency,,planned
NV,Las Vegas,reported,United States,,,,,36.2183822,-115.26296,Cobalt Cheyenne Data Center,"34,000 sq ft, Tier III-compliant, capacity for more than 450 cabinets, 9.0 MVA of generation and 4.5 MVA of UPS. Operator is recorded as Cobalt Data Centers - the entity that built and opened the site per the cited 2013 press report. dcmap.us currently attributes the facility to T5 Data Centers; that change of ownership could not be confirmed from a primary source this session, so it is flagged here rather than asserted.",Cobalt Data Centers,reported,5.5,unknown,,,2026-09-11,Compute Atlas,cobalt-cheyenne-las-vegas-nv,https://www.datacenterknowledge.com/business/cobalt-opens-cheyenne-data-center-in-las-vegas,,operational
LA,New Orleans,confirmed,United States,,,,,29.9496125,-90.0699355,Cogent Communications New Orleans (650 Poydras),"Small telecom colocation/carrier-hotel site in the New Orleans CBD. Existence, operator and street address independently CONFIRMED 2026-09-10 against PeeringDB, the operator-maintained interconnection registry, which lists facility 12396 ""Cogent New Orleans"" at 650 Poydras St under Cogent Communications, Inc. — the record no longer rests on an aggregator listing alone. The 0.75 MW figure remains aggregator-sourced (Baxtel) and is not corroborated by PeeringDB. Not identified as AI/hyperscale use in any source found.",Cogent Communications,reported,0.75,unknown,,,2026-09-15,Compute Atlas,cogent-650-poydras-new-orleans-la,https://baxtel.com/data-center/new-orleans,,operational
OH,Akron,confirmed,United States,,,,,41.0876,-81.5183,Cogent Data Center Akron,"Located in the Cascade Valley neighborhood. Capacity (5.0 MW total / 4.41 MW usable) is press-sourced (Avison Young sale/lease listing via Data Center Dynamics/SDxCentral, Feb 2025), not disclosed on Cogent's own operator page. The facility was marketed for sale/lease as of Feb 2025 (asking $44.1M -- a real-estate listing price, not a capex investment figure) but was confirmed NOT part of Cogent's June 2026 10-facility sale to I Squared Capital; Cogent's own site continues to advertise active colocation service here.",Cogent Communications,reported,5.0,unknown,2.6,acre,2026-08-02,Compute Atlas,cogent-akron-summit-county-oh,https://www.cogentco.com/en/cogent-cleveland/471-akron-dc,,operational
WY,Cheyenne,confirmed,United States,,,,,41.1278101,-104.8110116,Cogent Cheyenne Data Center,"Carrier-neutral colocation facility near downtown Cheyenne: 32,860 total square feet, 16,200 square feet available for wholesale, 2.50 MW of power with an additional 2.5 MW available on request and 2.08 MW of protected power. Sits on 1.6 acres zoned for City use. Available carriers include Cogent, Zayo, EchoStar, Charter and CenturyLink/Lumen. Coordinates are an address-level geocode. Figures come from Cogent's own datasheet, which states the information is for informational purposes and may change.",Cogent Communications,reported,2.5,unknown,1.6,acre,2026-09-02,Compute Atlas,cogent-cheyenne-114-w-10th-wy,https://www.cogentco.com/files/docs/wholesale_colocation/Cheyenne_Wholesale_2025.pdf,,operational
CT,Trumbull,confirmed,United States,,,,,41.2407281,-73.1474121,CogNovum Data Center (80 Merritt Boulevard),"Existing 228,000 sq ft building at 80 Merritt Blvd, Trumbull, CT, built in 1960 (originally for Nasdaq per the operator's account); currently operated by CogNovum. Aphorio Carter acquired the property in 2024. On 2026-05-06, 365 Data Centers and Aphorio Carter announced a ~200MW AI-ready data-center pipeline across six US markets; Trumbull is named as a site 'under evaluation' for AI-focused upgrades to this existing building, with letters of intent not yet signed for it (only Aurora, CO and Simpsonville, KY had signed LOIs as of the release). The operator's CEO described the plan as upgrading an existing facility on existing power infrastructure, not new construction: ""We are simply updating an existing, historic facility to ensure we can continue serving our customers effectively, while supporting the town with local jobs and substantial tax revenue."" No MW, investment, or job-count figures were published for the current facility. Coordinates cross-checked: US Census geocoder (41.240871, -73.146313) and the OSM building footprint (41.2407281, -73.1474121) agree within ~100m; the OSM point is used per the mapped-building preference. Flagging for awareness, not asserted as fact: OSM's building tag for this address (as retrieved 2026-09-12) reads ""Digital Realty New York HVN10,"" which is not corroborated by any 2026 source found in this search and may reflect a prior/stale ownership label rather than current fact.",CogNovum,reported,6.75,unknown,,,2026-09-30,Compute Atlas,cognovum-trumbull-ct,https://finance.yahoo.com/sectors/technology/articles/trumbull-data-center-eyed-ai-100000924.html,,operational
NY,Buffalo,confirmed,United States,,,,,42.8930043,-78.8752659,"ColoCrossing BUF1, Buffalo","13,000 sq ft carrier-neutral colocation facility; operator states 1.44 MW of utility power capacity, 1.4 MW of generator capacity and 130 tons of cooling, and markets the site as leveraging hydroelectric power from Niagara Falls (a regional-grid claim, not a documented allocation, so energy.source is left unset). Coordinates are a street-address geocode.",ColoCrossing,reported,1.44,unknown,,,2026-09-14,Compute Atlas,colocrossing-buf1-buffalo-ny,https://www.colocrossing.com/datacenter/buffalo-ny,,operational
FL,Jacksonville,reported,United States,,,,,30.1988,-81.5812,ColoCSX (CSX Data Center),"Decades-old multi-tenant enterprise colocation facility (built 1990, 15,872 sq ft) owned by CSX Transportation Inc. per Duval County property tax records. 6 MW / Tier 3 / ISO 27001 / SOC 1 Type II / SAS 70 Type II / LEED Silver figures are corroborated across four independent data-center marketplace aggregators, but several listings read as syndicated/mirrored copy from one origin; the operator's own sites (colocsx.com, csx.com) returned HTTP 403 to direct fetch this session, so confidence is recorded as reported rather than confirmed pending primary-source re-verification.",ColoCSX (CSX Transportation),reported,6.0,unknown,,,2026-08-02,Compute Atlas,colocsx-jacksonville-fl,https://www.csx.com/index.cfm/about-us/company-overview/colocation-services/,,operational
IA,Cedar Falls,confirmed,United States,,,,,42.5347,-92.4453,Cologix DSM2 (Cedar Falls),"Edge colocation facility at 1205 Technology Parkway, Cedar Falls; acquired from Connect Des Moines June 2024 alongside DSM1. Owned/operated by Cologix (not a tenancy). Confirmed via Cologix's own DSM2 facility page: 24,000 sq ft facility with 6,000 sq ft colocation currently built out, 1MW site capacity via (3) 750kW generator+UPS, with room to add another 10,000 sq ft / 1MW later (not counted here — reporting live capacity only).",Cologix,reported,1.0,unknown,,,2026-09-21,Compute Atlas,cologix-cedar-falls-ia,https://cologix.com/data-centers/des-moines/dsm2/,,operational
OH,Columbus,confirmed,United States,,,,,40.1164586,-83.0017691,Cologix COL3 (Columbus),"Operator lists 160,000 sq ft and ""18+ MW""; recorded as 18 MW operational, a floor. Coordinates are a street-address geocode.",Cologix,reported,18.0,unknown,,,2026-08-27,Compute Atlas,cologix-col3-columbus-oh,https://cologix.com/data-centers/columbus/,,operational
OH,Lewis Center,confirmed,United States,,,,,40.190863,-83.011113,Cologix COL5,"Address 6787 Green Meadows Drive, Lewis Center OH 43035, southeast corner of Green Meadows Drive and Home Road, Orange Township. Power to be supplied by AEP. Phase 1 (135,000 sq ft, 25MW) construction began June 2025, targeted completion fall 2026; may expand to 75MW. Received 50%/10-year Ohio sales tax exemption (~$42.3M combined with the Licking County site) plus a 10-year 50% Delaware County property tax abatement, approved at the June 1, 2026 Ohio Tax Credit Authority meeting — the last such approval before Gov. DeWine's announced pause on new data center tax breaks. Coordinates are the Lewis Center/Orange Township town centroid, not parcel-verified in this session — recommend a follow-up parcel-level geocode of 6787 Green Meadows Drive before publishing at high precision.",Cologix,reported,75.0,planned_maximum,25.0,acre,2026-09-21,Compute Atlas,cologix-col5-orange-township-delaware-county-oh,https://signalcleveland.org/ohio-approves-last-data-center-exemption-before-moratorium/,,planned
IA,Des Moines,confirmed,United States,,,,,41.5868,-93.625,Cologix DSM1 (Financial Center),"Carrier-hotel / interconnection facility inside the downtown Financial Center building at 666 Walnut Street; Cologix acquired it (and DSM2, see separate record) from Connect Des Moines in June 2024 — Cologix owns/operates the space, this is not a colo tenancy. Small (4,000 sq ft) and telecom/peering-focused (25+ networks, DesMoinesIX exchange) rather than AI-compute-oriented — flagging for the human moderator to judge fit against the dataset's AI/crypto/power focus. Has a confirmed additional 10,000 sq ft / 1.0 MW expansion shell not yet built out, so I left capacityMw.operational at the currently-live 0.6MW rather than guess a combined 'planned' total.",Cologix,reported,0.6,unknown,,,2026-08-08,Compute Atlas,cologix-des-moines-ia,https://cologix.com/news/cologix-expands-footprint-acquisition-two-data-centers-iowa-including-des-moines-carrier-hotel/,,operational
OH,Johnstown,confirmed,United States,,,,,40.15,-82.68,Cologix Johnstown AI-Ready Campus,"154 acres; up to 800 MW scalable across eight data centers / 2.0M sq ft (800 MW is a full-buildout potential — in notes). The '>$7 billion' figure is a company-wide expansion plan, not a Johnstown-specific committed amount (in notes). Coordinates are the Johnstown, Licking County area centroid. The '>$7B' figure is Cologix's company-wide expansion plan; the $1.17B commitment is combined across Johnstown + Orange Township (not split) -> investmentUsd omitted. Land: ~$45M for 154 acres (Sept 2024).",Cologix,reported,800.0,planned_maximum,154.0,acre,2026-07-26,Compute Atlas,cologix-johnstown-oh,https://cologix.com/news/cologix-expands-central-ohio-footprint-with-land-acquisition-for-new-ai-ready-800mw-data-center-campus/,,planned
CA,Santa Clara,reported,United States,,,,,37.3654018,-121.9616726,Cologix SV1,"84,000 sqft, 9MW, Tier III, at 2050 Martin Ave, Santa Clara CA. Cologix's first major West Coast presence, acquired from vXchnge in 2021. Confirmed via WebSearch (facility page not directly fetched this session) and corroborated by PRNewswire acquisition release and datacenterhawk/datacenters.com listings.",Cologix,reported,9.0,unknown,,,2026-07-23,Compute Atlas,cologix-sv1-ca,https://cologix.com/data-centers/silicon-valley/sv1/,,operational
TX,Tolar,reported,United States,,,,,32.35,-97.83,Comanche Circle,"Near Vistra's Comanche Peak Nuclear Plant. Developer states a 5GW total pipeline across 9 campuses; a later, scaled-back figure puts Comanche Circle plus two smaller Sailfish projects combined at 'up to 3 gigawatts' - given conflicting figures, no single capacityMw is recorded here. Conditional county approval Jan 2026; construction targeted late 2026. No hyperscaler tenant confirmed - speculative developer-led land assembly. Coordinates are approximate.",Sailfish Digital Ventures (SDV),reported,2000.0,planned_maximum,2600.0,acre,2026-08-16,Compute Atlas,comanche-circle-sailfish-hood-county-tx,https://www.datacenterdynamics.com/en/news/sailfish-plans-multi-gigawatt-data-center-park-outside-dfw-texas/,,planned
AZ,Goodyear,confirmed,United States,,,,,33.4354446,-112.3756856,Compass Datacenters Goodyear Campus,"225-acre campus at the northwest corner of Bullard Avenue and Yuma Road in Goodyear; eight data centers and over 1.8 million sq ft at full build-out, capable of 350 MW, with a 144 MW first master-plan series and a 72 MW opening phase. Distinct from the tracked Vantage Phoenix (Goodyear), Stream PHXA (Goodyear) and Microsoft Goodyear campuses — different operator and different parcel. Coordinates are the cited Bullard Avenue / Yuma Road intersection from OpenStreetMap; the campus lies to the northwest, so the pin is approximate.",Compass Datacenters,reported,72.0,unknown,225.0,acre,2026-09-10,Compute Atlas,compass-goodyear-campus-az,https://www.compassdatacenters.com/news/compass-datacenters-begins-construction-of-first-two-data-centers-on-phoenix-campus/,,operational
AZ,Goodyear,confirmed,United States,,,,,33.4354446,-112.3756856,Compass Datacenters Goodyear Campus,"225-acre campus at the northwest corner of Bullard Avenue and Yuma Road in Goodyear; eight data centers and over 1.8 million sq ft at full build-out, capable of 350 MW, with a 144 MW first master-plan series and a 72 MW opening phase. Distinct from the tracked Vantage Phoenix (Goodyear), Stream PHXA (Goodyear) and Microsoft Goodyear campuses — different operator and different parcel. Coordinates are the cited Bullard Avenue / Yuma Road intersection from OpenStreetMap; the campus lies to the northwest, so the pin is approximate.",Compass Datacenters,reported,350.0,planned_maximum,225.0,acre,2026-09-10,Compute Atlas,compass-goodyear-campus-az,https://www.compassdatacenters.com/news/compass-datacenters-begins-construction-of-first-two-data-centers-on-phoenix-campus/,,planned
MS,Meridian,confirmed,United States,,,,,32.3644,-88.7037,Compass Datacenters Lauderdale County Hyperscale Campus,"Eight-data-center campus over an eight-year buildout at the I-20/59 Industrial Park, Meridian. Groundbreaking Jan 28 2025 (under construction). Mississippi Power to supply ~500 MW via a dedicated substation. INVESTMENT OMITTED: the widely cited $10B is a projected full-occupancy total INCLUDING future tenants' IT equipment ('an investment of $10 billion, including future tenants' information technology equipment'), not a firm Compass outlay. 'Thousands of jobs' is a projection. First confirmed tenant: Corderill LLC ($100M equipment, 20 jobs, April 2026). Coordinates are the Meridian centroid (no parcel coordinates published).",Compass Datacenters,reported,500.0,planned_maximum,303.0,acre,2026-09-22,Compute Atlas,compass-lauderdale-meridian-ms,https://mississippi.org/news/compass-datacenters-project-generates-10-billion-investment-in-lauderdale-county/,,planned
NC,Statesville,confirmed,United States,,,,,35.7826,-80.8873,Compass Statesville Campus,"333-acre site in Statesville, Iredell County; five buildings, ~500 MW (per JLL marketing), near a Duke Energy substation. Rezoned Sept 2025; Duke's Feb 2026 8-K referenced ~4.5 GW of contracted large load including Compass and Microsoft. Coordinates are the Statesville area centroid.",Compass Datacenters,reported,500.0,planned_maximum,333.0,acre,2026-09-24,Compute Atlas,compass-statesville-nc,https://www.datacenterdynamics.com/en/news/compass-datacenters-proposes-333-acre-campus-in-statesville-north-carolina/,,planned
NM,Albuquerque,reported,United States,,,,,35.0881581,-106.7353893,Connect Albuquerque (Westpointe 40),"New facility, not previously on the NM roster. Oppidan Investment Company (Connect Data Centers division) acquired the Westpointe 40 Business Park site from Titan Development in September 2024; general contractor PARIC Corporation targeted winter 2025 completion. Server Country's most recent record review (2026-07-18) lists status as operational colocation. No primary operator press release or City of Albuquerque permit record was directly fetched this run (only aggregator sites, both cited); a direct primary source would strengthen confidence above 'reported'. Coordinates are a street-level OpenStreetMap geocode of Daytona Road NW, not a confirmed parcel centroid -- precision is approximate. Capacity (10MW) and investment ($80M) figures are sourced from Server Country only and are unconfirmed against a second independent source; treat as reported, not confirmed.",Connect Data Centers (Oppidan Investment Company),reported,10.0,unknown,10.0,acre,2026-09-10,Compute Atlas,connect-data-centers-albuquerque-nm,https://baxtel.com/data-center/connect-data-centers-albuquerque-nm,,operational
NV,Reno,reported,United States,,,,,39.612118,-119.87322,Connect Reno Data Center (Oppidan North Valleys),"Approximately 61,600 sq ft single-storey building, ~53,000 sq ft of which is server space, with a generator yard sized for later phases. Applicant-stated staffing is 10-12 people on site at peak. Filed by Oppidan Investment Company; the operating brand on facility directories is Connect Data Centers, Oppidan's data center affiliate. Coordinate is an address-level geocode of 9630 N Virginia St, not a parcel-confirmed footprint.",Connect Data Centers (Oppidan Investment Company),reported,5.0,planned_maximum,7.0,acre,2026-09-24,Compute Atlas,connect-data-centers-reno-north-valleys-nv,https://nevbex.com/2024/12/10/5mw-data-center-planned-near-reno/,,planned
IA,Van Meter,reported,United States,,,,,41.5031,-93.9469,COPT Defense Van Meter Data Center Shell Site,"Speculative 'shell' land development (REIT-style developer building generic zoned/powered capacity for a future, not-yet-named tenant) — same non-hyperscale-operator category as QTS's already-tracked Iowa campuses. Existing zoning already permits data-center use; site could support ~3.3M sq ft across up to 15 buildings and two substations per COPT's own release. Street address (28004 340th Trail) and 'Van Meter area' / 2027 planned-year framing came from a secondary aggregator (baxtel.com, fetched directly) corroborating the primary COPT press release, which itself doesn't name the town explicitly (says only 'near Des Moines'). Van Meter is in Dallas County, Iowa (general geography, not sourced to a specific citation). No construction start confirmed as of this research. Public-reception check (2026-09-10): COPT Defense's own acquisition press release (dated around late Sept, publicized 2026) covers only the transaction (365 acres, $32M) and describes the site as 'near Des Moines, Iowa' rather than naming Van Meter specifically. No public hearing, local-official statement, resident reaction, or opposition/support is documented in this source. Checked: operator press release only.",COPT Defense Properties,reported,1000.0,planned_maximum,365.0,acre,2026-09-10,Compute Atlas,copt-defense-properties-van-meter-ia,https://investors.copt.com/news-events/press-releases/detail/516/copt-defense-acquires-land-for-data-center-shell,,planned
AL,Auburn,confirmed,United States,,,,,32.6089,-85.4879,Core Scientific Auburn Data Center (AUBix),"STATUS RE-CHECK, NO CHANGE APPLIED, BUT FLAGGED. Two sources fetched this run point toward the site already serving customers - Core Scientific sells it as a current product, and the February 2026 $55M permit is framed as an EXPANSION of an existing facility rather than a first build. Neither states outright that the data center is energized and serving load, and this record is a pre-existing AUBix building that Core Scientific leased, so the boundary between the incumbent facility and Core Scientific's fit-out is genuinely unclear. I did not promote under_construction to operational on marketing tense alone. Worth a targeted check of Core Scientific's 10-Q or an earnings call transcript, which I did not reach this run.",Core Scientific,reported,16.0,planned_maximum,,,2026-09-28,Compute Atlas,core-scientific-auburn-al,https://investors.corescientific.com/news-events/press-releases/detail/107/core-scientific-announces-expansion-into-auburn-alabama-with-new-high-performance-computing-facility,,planned
TX,Austin,confirmed,United States,,,,,30.214,-97.622,Core Scientific Austin Data Center (Austin 1),,Core Scientific,reported,16.0,unknown,38.0,acre,2026-09-21,Compute Atlas,core-scientific-austin-tx,https://www.businesswire.com/news/home/20240603752657/en/Core-Scientific-to-Provide-Approximately-200-MW-of-Infrastructure-to-Host-CoreWeave%E2%80%99s-High-Performance-Computing-Services-Capturing-Significant-AI-Compute-Opportunity,,operational
TX,Austin,confirmed,United States,,,,,30.214,-97.622,Core Scientific Austin Data Center (Austin 1),,Core Scientific,reported,200.0,planned_maximum,38.0,acre,2026-09-21,Compute Atlas,core-scientific-austin-tx,https://www.businesswire.com/news/home/20240603752657/en/Core-Scientific-to-Provide-Approximately-200-MW-of-Infrastructure-to-Host-CoreWeave%E2%80%99s-High-Performance-Computing-Services-Capturing-Significant-AI-Compute-Opportunity,,planned
TX,Denton,confirmed,United States,,,,,33.1932,-97.1276,Core Scientific Denton Data Center (Denton 1),,Core Scientific,reported,260.0,planned_maximum,,,2026-08-16,Compute Atlas,core-scientific-denton-tx,https://investors.corescientific.com/news-events/press-releases/detail/110/core-scientific-and-coreweave-announce-1-2-billion-expansion-at-denton-tx-site,,planned
OK,Muskogee,confirmed,United States,,,,,35.72,-95.42,Core Scientific Muskogee Campus,"1525 W Smith Ferry Rd, Port Muskogee Industrial Park. Distinct from the existing tracked Google Muskogee County campuses - same county, different developer/site. Coordinates are approximate. CoreWeave is the anchor customer.",Core Scientific,reported,70.0,unknown,250.0,acre,2026-09-14,Compute Atlas,core-scientific-muskogee-ok,https://investors.corescientific.com/news-events/press-releases/detail/135/core-scientific-plans-expansion-to-1-5-gigawatts-of-gross-power-at-muskogee-oklahoma-campus,,under_construction
OK,Muskogee,confirmed,United States,,,,,35.72,-95.42,Core Scientific Muskogee Campus,"1525 W Smith Ferry Rd, Port Muskogee Industrial Park. Distinct from the existing tracked Google Muskogee County campuses - same county, different developer/site. Coordinates are approximate. CoreWeave is the anchor customer.",Core Scientific,reported,1000.0,planned_maximum,250.0,acre,2026-09-14,Compute Atlas,core-scientific-muskogee-ok,https://investors.corescientific.com/news-events/press-releases/detail/135/core-scientific-plans-expansion-to-1-5-gigawatts-of-gross-power-at-muskogee-oklahoma-campus,,planned
TX,Pecos,confirmed,United States,,,,,31.44,-103.58,Core Scientific Pecos AI Campus,"High-density AI/HPC colocation. ~1.5 GW gross / ~1.0 GW leasable is an expansion ceiling (in notes). Co-located in Reeves County with Microsoft's separate 'Project Kirby' Pecos campus (distinct operator/parcel; tracked separately). Address on record: 1939 FM 2119. Core Scientific historically a bitcoin miner, repositioned to HDC. Coordinates are the Pecos area centroid. No Pecos-specific capex is disclosed (Q4 FY2025 capex of $279.2M is company-wide; the $226.2M CoreWeave-funded portion is contract revenue, not capex) -> investmentUsd omitted. No Reeves County abatement attributable to Core Scientific was found (the 'Pecos Power Plant LLC' abatement is a separate gas-plant entity).",Core Scientific,reported,1500.0,planned_maximum,,,2026-07-08,Compute Atlas,core-scientific-pecos-tx,https://investors.corescientific.com/news-events/press-releases/detail/134/core-scientific-plans-expansion-to-1-5-gigawatts-of-gross-power-at-pecos-texas-campus,,planned
TX,Quinlan,confirmed,United States,,,,,32.911,-96.138,Telios Quinlan Campus,Acquisition of Telios Quinlan One LLC completed 2026-05-05; ~260 acres; utility Farmers Electric Cooperative; future data-center site. Primary-sourced from SEC 10-Q subsequent-events.,Core Scientific,reported,430.0,planned_maximum,260.0,acre,2026-07-26,Compute Atlas,core-scientific-quinlan-tx,https://www.sec.gov/Archives/edgar/data/1839341/000162828026031396/core-20260331.htm,,planned
CA,Santa Clara,confirmed,United States,,,,,37.389,-121.974,CoreSite Bowers Data Center,Coordinates approximate based on 2805 Bowers Ave address. Originally a GI Partners project; CoreSite (owned by American Tower) acquired in Feb 2026 and is expected to redevelop under existing permit. CoreSite already operates a dense interconnection campus nearby in Santa Clara. No construction timeline announced as of mid-2026.,CoreSite,reported,72.0,planned_maximum,5.0,acre,2026-09-14,Compute Atlas,coresite-bowers-santa-clara-ca,https://www.datacenterdynamics.com/en/news/gi-partners-secures-planning-permission-for-72mw-data-center-in-santa-clara-california/,,planned
IL,Chicago,confirmed,United States,,,,,41.8628,-87.6413029,CoreSite CH2,"CoreSite's page states ""168,000+"" sq ft and ""18 MW"". Coordinates geocoded from the published street address.",CoreSite,reported,18.0,unknown,,,2026-08-31,Compute Atlas,coresite-ch2-chicago-il,https://www.coresite.com/data-center/ch2-chicago-il,,operational
CO,Denver,confirmed,United States,,,,,39.7392,-104.9903,CoreSite DE3,"DE3 Denver campus expansion: ~600,000 sq ft, 60 critical MW. CoreSite is a colocation/interconnection operator hosting AI/cloud tenants → mixed_use. Coordinates are the Denver centroid. Owned by American Tower.",CoreSite,reported,60.0,planned_maximum,,,2026-08-26,Compute Atlas,coresite-de3-denver-co,https://www.businesswire.com/news/home/20251006047627/en/CoreSite-Achieves-Key-Construction-Milestone-for-New-DE3-Data-Center-in-Denver,,planned
IN,Hammond,confirmed,United States,,,,,41.5836,-87.5,CoreWeave Digital Crossroads,"180 MW facility at the Digital Crossroads campus in Hammond, Lake County; city approved June 2025, NIPSCO lease pending, targeted 2027. Coordinates are the Hammond area centroid. UPDATE (2026-07): the City of Hammond announced the CoreWeave / Decennial development agreement EXPIRED June 30, 2026 - required milestones were not met and no extensions were offered; no groundbreaking occurred. The June 2025 city approval, the 10-year real-property and 20-year personal-property tax abatements, and the ~$2B construction / ~$5B equipment figures were all tied to this now-lapsed agreement (never triggered). Status corrected under_construction -> cancelled.",CoreWeave,reported,180.0,planned_maximum,,,2026-07-08,Compute Atlas,coreweave-digital-crossroads-hammond-in,https://www.datacenterdynamics.com/en/news/coreweave-to-develop-180mw-data-center-at-digital-crossroads-campus-in-hammond-indiana/,,planned
NJ,Kenilworth,reported,United States,,,,,40.6762,-74.2913,CoreWeave NEST Campus,,CoreWeave,reported,250.0,planned_maximum,27.0,acre,2026-09-21,Compute Atlas,coreweave-kenilworth-nj,https://re-nj.com/coreweave-begins-1-8-billion-data-center-project-in-kenilworth-landing-first-award-under-new-eda-tax-credit-program/,,planned
PA,Lancaster,reported,United States,,,,,40.0379,-76.3055,CoreWeave Lancaster Data Center,,CoreWeave,reported,300.0,planned_maximum,144.0,acre,2026-09-12,Compute Atlas,coreweave-lancaster-pa,https://investors.coreweave.com/news/news-details/2025/CoreWeave-Announces-Multi-Billion-Dollar-Commitment-to-AI-Infrastructure-in-Pennsylvania/default.aspx,,planned
VA,Gainesville,confirmed,United States,,,,,38.78,-77.62,Gainesville Crossing Digital Campus (GCDC),"~130-acre campus on Interstate 66; ~306 MW via an on-site Dominion substation. Distinct from the separately-tracked QTS/Compass 'PW Digital Gateway' site (~2,100 acres at Pageland Lane) — which QTS terminated in July 2026. Capacity recorded at 300 MW per the DCD primary source (a 326 MW figure also circulates). Coordinates are the Gainesville area centroid. The only confirmed money figure is the ~$74.5M 2020 land purchase (a real-estate transaction, not construction capex) -> investmentUsd omitted; no headcount is disclosed; the VA sales-and-use tax exemption is eligibility-gated with no public award.",Corscale Data Centers (Patrinely / USAA Real Estate),reported,300.0,planned_maximum,130.0,acre,2026-07-26,Compute Atlas,corscale-gainesville-crossing-va,https://www.datacenterdynamics.com/en/news/new-hyperscale-developer-corscale-is-behind-300mw-gainesville-crossing-campus-in-prince-william-county/,,planned
OR,Forest Grove,confirmed,United States,,,,,45.5207,-123.1087,Crane PDX01,"PDX01 data center campus in Forest Grove, Washington County; 76 MW by 2026. Coordinates are the Forest Grove area centroid. Development cost not disclosed (partner: Principal Asset Management) -> investmentUsd omitted. No job counts disclosed -> jobs honest-zero. Crane markets property-tax / enterprise-zone incentives, but no signed agreement is on record (statewide Oregon EZ moratorium eff. June 2026) -> subsidy honest-zero.",Crane Data Centers,reported,76.0,planned_maximum,,,2026-07-08,Compute Atlas,crane-pdx01-forest-grove-or,https://www.datacenterdynamics.com/en/news/planning-commission-greenlights-crane-dcs-forest-grove-data-center-in-northwest-oregon-again/,,planned
OR,Forest Grove,reported,United States,,,,,45.51904,-123.11106,Crane PDX02,"Public-reception check (2026-09-10): Checked Crane Data Centers' own project page (2026-09-10); it contains only technical specifications and facility features. No public hearing, resident reaction, or official statement of support/opposition documented in this source.",Crane Data Centers,reported,48.0,planned_maximum,,,2026-09-21,Compute Atlas,crane-pdx02-forest-grove-or,https://www.cranedc.com/data-centers/oregon-data-center,,planned
UT,Delta,reported,United States,,,,,39.3527,-112.5777,Creekstone Energy Delta Gigasite,"Claims to be world's largest planned AI data center campus at 20M sq ft. 1,143 acres owned; 13,000-acre SITLA lease for solar (largest solar lease in Utah history — record previously stated 30,000 acres, corrected to 13,000 acres per March 2026 BusinessWire announcement and multiple independent sources). Initial customer BluSky AI allocated up to 50MW. Adjacent to Intermountain Power Project. 10GW is full-buildout target; first 300MW gas delivery H1 2027. Coordinates at Delta city centroid; site is southeast of Delta.",Creekstone Energy,reported,10000.0,planned_maximum,1143.0,acre,2026-09-01,Compute Atlas,creekstone-delta-ut,https://www.datacenterdynamics.com/en/news/zeo-energy-to-supply-280mw-of-power-for-creekstone-energys-up-to-10gw-data-center-campus-in-millard-county-utah/,,planned
MO,Festus,reported,United States,,,,,38.2192,-90.399,Festus Data Center Campus,"Festus City Council approved a development-agreement ordinance 6-2 on 2026-03-30 covering a refined ~600MW, four-building conceptual plan on 360 rezoned acres (188 acres permanently preserved). Two active lawsuits seek to invalidate the rezoning/development agreement; no end-user tenant has been publicly named and construction has not started as of this session.",CRG (Clayco),reported,600.0,planned_maximum,360.0,acre,2026-08-24,Compute Atlas,crg-festus-data-center-mo,https://www.stlpr.org/government-politics-issues/2026-03-31/festus-data-center-development-approval,,planned
NC,Matthews,reported,United States,,,,,35.1015,-80.7082,Project Accelerate — Matthews (East John Street),"Codenamed Project Accelerate; Engineered Land Solutions worked with Crosland Southeast on the filing. Capacity is omitted deliberately: the 'up to 600 MW' figure describes the withdrawn proposal's electricity request, not a built or permitted capacity. Re-checked 2026-09-10: the record is accurate. The withdrawal date (Oct. 8, 2025) and reason (public opposition) were confirmed again; no new filings or developments found at this site since.",Crosland Southeast,reported,600.0,planned_maximum,123.0,acre,2026-09-10,Compute Atlas,crosland-southeast-matthews-project-accelerate-nc,https://www.yahoo.com/news/articles/matthews-data-center-project-withdrawn-132947026.html,,planned
TX,Dallas,reported,United States,,,,,32.7762719,-96.7968559,Crow Holdings Stemmons Corridor Data Center Campus,"Roughly 40 acres along the Stemmons Corridor that Crow Holdings has owned for decades, currently vacant. First building is 70 MW with delivery targeted for late 2027. The exact parcel address is not disclosed in the announcement, so coordinates are a Dallas city-level geocode rather than a parcel point.",Crow Holdings (developed and leased by CleanArc Data Centers),reported,245.0,planned_maximum,40.0,acre,2026-08-26,Compute Atlas,crow-holdings-cleanarc-stemmons-dallas-tx,https://www.crowholdings.com/insights/crow-holdings-announces-245mw-flagship-data-center-campus-in-central-dallas/,,planned
TX,Victoria,reported,United States,,,,,28.8053,-97.0036,Crusoe Victoria AI Factory,"Crusoe-developed AI factory campus at the Port of Victoria, powered by Blue Energy (natural-gas bridge as early as 2028, nuclear targeted ~2031). Distinct from Crusoe's Stargate Abilene campus. ~1.5 GW planned. Coordinates are the Victoria area centroid.",Crusoe,reported,1500.0,planned_maximum,,,2026-07-26,Compute Atlas,crusoe-blue-energy-victoria-tx,https://www.crusoe.ai/resources/newsroom/blue-energy-and-crusoe-partner-to-develop-nuclear-powered-ai-data-center,,planned
TX,Sweetwater,reported,United States,,,,,32.4709519,-100.405938,Crusoe Nolan County Data Center,"Reported to generate more than $3m annually in payments in lieu of taxes plus more than $2m annually in charitable contributions to Nolan County. No investment figure is recorded here: the cited article headlines the project at $7 billion while other outlets have described a $70 million Crusoe data center in the same county, and the discrepancy is unresolved. Distinct from IREN's Sweetwater campus, which is a different operator on a different site in the same county. Coordinates are a city-level geocode.",Crusoe Energy Systems,reported,200.0,planned_maximum,,,2026-08-26,Compute Atlas,crusoe-nolan-county-tx,https://ktxs.com/news/local/it-will-change-our-rural-town-tax-abatement-for-7-billion-texas-data-center-approved,,planned
MS,Starkville,confirmed,United States,,,,,33.4709294,-88.7927699,C Spire Starkville Data Center,"Multi-tenant colocation and managed-hosting facility on a 6.5-acre site in the Thad Cochran Research, Technology and Economic Development Park. C Spire's release describes a 23,800 sq ft initial phase with a $23 million price tag and generators plus multiple independent power feeds that 'will produce 1.5 megawatts of power'; the 1.5 MW figure is that stated electrical capacity, not a measured IT load. Data Center Knowledge gives the built size as 24,000 sq ft. Both sources note C Spire operates two further Mississippi data centers, in Ridgeland and downtown Jackson; neither source gives siting detail for those, so they are not recorded here.",C Spire,reported,1.5,unknown,6.5,acre,2026-09-14,Compute Atlas,cspire-starkville-ms,https://www.cspire.com/cms/news/wireless/20600007/new-c-spire-world-class-business-enterprise-data-center-built-like-fort-knox,,operational
CA,Santa Clara,reported,United States,,,,,37.3714713,-121.9696826,Csquare SFO1,"Csquare's own Silicon Valley directory confirms SFO1 as an operational facility at 2401 Walsh Avenue, Santa Clara, CA (per third-party listings corroborating address).",Csquare,reported,34.5,unknown,,,2026-08-16,Compute Atlas,csquare-sfo1-ca,https://www.csquare.com/data-centers/silicon-valley#santaclara-sfo1,,operational
CA,Santa Clara,reported,United States,,,,,37.397572,-121.980963,Csquare SFO2,"Csquare's own directory confirms SFO2 as an operational facility at 4700 Old Ironsides Drive, Santa Clara, CA 95054. Address/details cross-referenced via datacenters.com listings for SFO2.",Csquare,reported,43.2,unknown,,,2026-09-21,Compute Atlas,csquare-sfo2-ca,https://www.csquare.com/data-centers/silicon-valley#santaclara-sfo2,,operational
CA,Sunnyvale,reported,United States,,,,,37.3720542,-121.9860407,Csquare SFO3,"Csquare's own directory confirms SFO3 as an operational facility at 1400 Kifer Rd, Sunnyvale, CA.",Csquare,reported,8.6,unknown,,,2026-09-21,Compute Atlas,csquare-sfo3-ca,https://www.csquare.com/data-centers/silicon-valley#sunnyvale-sfo3,,operational
CA,Santa Clara,reported,United States,,,,,37.3757986,-121.9551844,Csquare SFO4,"Csquare's own directory confirms SFO4 as an operational facility at 1500 Space Park Drive, Santa Clara, CA 95054.",Csquare,reported,43.1,unknown,,,2026-09-21,Compute Atlas,csquare-sfo4-ca,https://www.csquare.com/data-centers/silicon-valley#santaclara-sfo4,,operational
TX,,reported,United States,,,,,31.9243,-97.6564,CyrusOne Bosque County Campus (Thad Hill Energy Center),"Referenced in CyrusOne's Freestone Energy Center release as a separate, already-agreed 400MW arrangement between Calpine and CyrusOne tied to the Thad Hill Energy Center in Bosque County (part of CyrusOne's >1,100MW contracted Texas power total). Secondary press (unconfirmed via direct fetch this session) additionally describes an Energy Capital Partners/KKR joint-venture financing of ~$4B for ~190MW at this site -- omitted here pending direct-source confirmation.",CyrusOne,reported,400.0,planned_maximum,,,2026-08-26,Compute Atlas,cyrusone-bosque-county-thad-hill-tx,https://www.cyrusone.com/resources/press-releases/constellation-and-cyrusone-announce-agreement-to-support-new-data-center-facility-at-freestone-energy-center-in-texas,,planned
AZ,Chandler,reported,United States,,,,,33.2709074,-111.8819248,CyrusOne Chandler Campus (PHX1–PHX8),"CyrusOne's original Phoenix-market campus, first building opened 2012; roughly 85 acres.",CyrusOne,reported,169.0,unknown,,,2026-09-23,Compute Atlas,cyrusone-chandler-phx1-phx8-az,https://www.cyrusone.com/data-centers/north-america/chandler-arizona,,operational
IL,Aurora,reported,United States,,,,,41.7966077,-88.2438232,CyrusOne CHI1-CHI3 (Aurora),"Confirmed at 2905 Diehl Road, Aurora, IL via aggregator cross-reference; operator directory page also lists Aurora IL: CHI1-CHI3. AI/HPC (likely): Aurora campus AI-optimized via CyrusOne Intelliscale high-density design.",CyrusOne,reported,109.0,unknown,,,2026-09-21,Compute Atlas,cyrusone-chi1-chi3-aurora-il,https://www.cyrusone.com/data-centers/north-america/aurora-il,,operational
IL,Wood Dale,confirmed,United States,,,,,41.9790594,-87.964189,CyrusOne Wood Dale Campus,"Operator states ""the campus will include two buildings totaling more than 500,000 square feet, delivering an initial IT capacity of 18 megawatts with scalable capacity"" — the 18MW is the initial IT capacity, not a full-build figure. Street-level coordinate is approximate: the press release names only Wood Dale, and the Bryn Mawr Avenue location comes from secondary reporting. Distinct from the tracked CyrusOne Aurora (CHI1–CHI3) and CyrusOne Sangamon County records.",CyrusOne,reported,18.0,planned_maximum,,,2026-09-25,Compute Atlas,cyrusone-chi6-wood-dale-il,https://www.cyrusone.com/resources/press-releases/cyrusone-celebrates-wood-dale-topping-out-ceremony,,planned
OH,Cincinnati,confirmed,United States,,,,,39.1027886,-84.5179229,CyrusOne CIN2 (Cincinnati),"Cincinnati's primary carrier-hotel / switching facility (originally a Cincinnati Bell data-center carve-out), 143,778 sq ft of technical space, HPC-capable, closed-loop chilled-water cooling. Address and 14 MW confirmed on CyrusOne's own site; the building is independently tagged CyrusOne CIN2 in OpenStreetMap. Distinct from the already-tracked CyrusOne CIN3 in Mason (Warren County).",CyrusOne,reported,14.0,unknown,,,2026-09-21,Compute Atlas,cyrusone-cin2-cincinnati-oh,https://www.cyrusone.com/data-centers/north-america/cincinnati-ohio,,operational
OH,Mason,reported,United States,,,,,39.3038941,-84.3116127,CyrusOne CIN3 (Cincinnati-Mason),"Confirmed via multiple aggregator listings (4800 Parkway Drive, Mason, OH); operator's own CIN3 URL 404s (stale slug) but facility corroborated independently.",CyrusOne,reported,1.0,unknown,,,2026-09-21,Compute Atlas,cyrusone-cin3-cincinnati-mason-oh,https://www.datacenters.com/cyrusone-cin3-cincinnati-mason,,operational
KY,Florence,confirmed,United States,,,,,38.9795695,-84.6153236,CyrusOne CIN6 (Florence),"Operating colocation facility in the Northern Kentucky / Greater Cincinnati market: approximately 143,000 sq ft total with 55,000 sq ft of white space on a 36-inch raised floor, N and N+1 redundancy, and 5 MW of total IT capacity per the operator. Certifications listed by CyrusOne include SSAE 16, PCI DSS, HIPAA, ISO 27001, FISMA and Green Globe. The operator's page does not publish the street address; the address is taken from a facility listing and independently resolves in OpenStreetMap. Coordinates are a geocode of that address, not a parcel-confirmed footprint.",CyrusOne,reported,5.0,unknown,,,2026-09-15,Compute Atlas,cyrusone-cin6-florence-boone-ky,https://www.cyrusone.com/data-centers/north-america/florence-ky,,operational
TX,Allen,reported,United States,,,,,33.1385206,-96.6599516,CyrusOne DFW3-DFW5 (Allen),"Confirmed 90-acre, 3-building, 50MW campus at Allen, TX (largest DC development in the state per operator page). AI/HPC (likely): Allen campus marketed for AI training, HPC, multi-cloud.",CyrusOne,reported,77.0,unknown,90.0,acre,2026-09-21,Compute Atlas,cyrusone-dfw3-dfw5-allen-tx,https://www.cyrusone.com/data-centers/north-america/allen-texas,,operational
TX,Allen,reported,United States,,,,,33.1385206,-96.6599516,CyrusOne DFW3-DFW5 (Allen),"Confirmed 90-acre, 3-building, 50MW campus at Allen, TX (largest DC development in the state per operator page). AI/HPC (likely): Allen campus marketed for AI training, HPC, multi-cloud.",CyrusOne,reported,50.0,planned_maximum,90.0,acre,2026-09-21,Compute Atlas,cyrusone-dfw3-dfw5-allen-tx,https://www.cyrusone.com/data-centers/north-america/allen-texas,,planned
TX,Fairfield,reported,United States,,,,,31.7285,-96.1611,CyrusOne Freestone Energy Center Campus,"Phase 1 (380MW) is under construction adjacent to Calpine's Freestone Energy Center at 1366 FM488, Fairfield, targeted operational Q4 2026; Calpine holds an exclusive agreement to also supply Phase 2 (an additional 380MW, planned total 760MW). Not previously tracked -- no existing Freestone County entries.",CyrusOne,reported,760.0,planned_maximum,,,2026-08-26,Compute Atlas,cyrusone-freestone-energy-center-fairfield-tx,https://www.cyrusone.com/resources/press-releases/constellation-and-cyrusone-announce-agreement-to-support-new-data-center-facility-at-freestone-energy-center-in-texas,,planned
AZ,Mesa,reported,United States,,,,,33.3500866,-111.6358128,CyrusOne Mesa Campus (Mesa Elliot Technology Park),"Site at the junction of Elliot and Ellsworth Roads inside the ~270-acre Mesa Elliot Technology Park. Coordinate is the OSM Elliot/Ellsworth intersection, not a parcel centroid. Acreage is reported as 62 acres in later coverage and 68.2 acres in the 2018 acquisition report.",CyrusOne,reported,198.0,planned_maximum,62.0,acre,2026-09-23,Compute Atlas,cyrusone-mesa-elliot-ellsworth-az,https://www.commercialsearch.com/news/cyrusone-acquires-70-acre-site-for-2nd-phoenix-facility/,,planned
CA,,confirmed,United States,,,,,36.303,-119.953,CyrusOne AI Data Center at NAS Lemoore,"Located at Naval Air Station Lemoore on the Kings/Fresno county border. Ameresco leads energy infrastructure via its Intelliscale platform; CyrusOne operates the data center for federal and defense AI workloads (FedRAMP, FISMA High, DoD IL5/IL6). Land leased from DOD. Announced September 9, 2025; first phase expected online 2027.",CyrusOne,reported,100.0,planned_maximum,,,2026-07-23,Compute Atlas,cyrusone-nas-lemoore-ca,https://ir.ameresco.com/news-events/press-releases/detail/715/ameresco-and-u-s-navy-partner-to-build-ai-optimized-data,,planned
VA,Sterling,reported,United States,,,,,39.0259023,-77.4144697,"CyrusOne NVA1, NVA2 & NVA3 (Sterling)",Confirmed 14-acre enterprise-class campus.,CyrusOne,reported,48.0,unknown,14.0,acre,2026-09-21,Compute Atlas,cyrusone-nva1-nva2-nva3-sterling-va,https://www.cyrusone.com/data-centers/north-america/sterling-va-nva1-nva3,,operational
VA,Sterling,reported,United States,,,,,39.024356,-77.4341,CyrusOne NVA5 (Sterling),Part of the NVA5-NVA7 campus per operator directory; distinct building from NVA7.,CyrusOne,reported,116.0,unknown,,,2026-09-21,Compute Atlas,cyrusone-nva5-sterling-va,https://www.cyrusone.com/data-centers/north-america/sterling-va-nva5-nva7,,operational
VA,Sterling,reported,United States,,,,,39.024356,-77.4341,CyrusOne NVA5 (Sterling),Part of the NVA5-NVA7 campus per operator directory; distinct building from NVA7.,CyrusOne,reported,81.0,planned_maximum,,,2026-09-21,Compute Atlas,cyrusone-nva5-sterling-va,https://www.cyrusone.com/data-centers/north-america/sterling-va-nva5-nva7,,planned
VA,Sterling,reported,United States,,,,,39.0211789,-77.4132443,CyrusOne NVA8 (Sterling),"Confirmed at 45905 Maries Road, Sterling, VA; operator's given candidate URL had a stale slug (404) but the correct directory page confirms the facility.",CyrusOne,reported,24.0,unknown,,,2026-09-21,Compute Atlas,cyrusone-nva8-sterling-va,https://www.cyrusone.com/data-centers/north-america/sterling-virginia-nva8,,operational
NJ,Somerset,reported,United States,,,,,40.5379623,-74.5457225,CyrusOne NYM1 (Somerset),Confirmed via WebSearch listing directly to operator's own Somerset NJ: NYM1 page. AI/HPC (likely): Named as an Intelliscale AI-infrastructure-available site.,CyrusOne,reported,30.0,unknown,,,2026-09-21,Compute Atlas,cyrusone-nym1-somerset-nj,https://www.cyrusone.com/data-centers/north-america/somerset-nj,,operational
NJ,Totowa,confirmed,United States,,,,,40.9072095,-74.2422211,CyrusOne NYM2 (Totowa),"200,000 sq ft campus with 50,000 sq ft of data center space on 36-inch raised flooring, 60,000 sq ft of work-area-recovery space, 6 MW total IT capacity and 2,500 tons of N+1 cooling from water-cooled centrifugal chillers. CyrusOne's page lists 53.10% carbon-free or renewable electricity; that reads as a grid-mix statistic rather than a facility procurement claim, so it is not recorded as a renewable-percent field. Heat-rejection method for the chiller plant is not published, so water.coolingType is omitted.",CyrusOne,reported,6.0,unknown,,,2026-09-21,Compute Atlas,cyrusone-nym2-totowa-nj,https://www.cyrusone.com/data-centers/north-america/totowa-nj-nym2,,operational
CT,Norwalk,reported,United States,,,,,41.1130924,-73.3886495,CyrusOne NYM5 (Norwalk),"Confirmed at 6 Norden Place, Norwalk, CT — Connecticut's largest data center per operator's own page.",CyrusOne,reported,4.0,unknown,,,2026-09-30,Compute Atlas,cyrusone-nym5-norwalk-ct,https://www.cyrusone.com/data-centers/north-america/norwalk-ct,,operational
IA,Council Bluffs,confirmed,United States,,,,,41.2121526,-95.8779924,CyrusOne OCB1 Council Bluffs Data Center,"Purpose-built colocation facility with 420,000 sq ft of technical space including 120,000 sq ft of raised floor, cooled by an air-cooled chiller plant (four 500-ton chillers with CRAH units per data hall) with free cooling below 30°F. Certified to ISO/IEC 27001, PCI DSS, HIPAA/HITECH, FISMA-High, SSAE 18 Type 2, SOC 2, HITRUST, FFIEC and CSA STAR, and designed to TIA 942 Class 4. Published power figures conflict — the operator's page cites 9 MW of total IT capacity while a directory lists 18 MW of utility capacity with 6 MW of UPS — so no capacity value is recorded.",CyrusOne,reported,9.0,unknown,,,2026-09-21,Compute Atlas,cyrusone-ocb1-council-bluffs-ia,https://www.cyrusone.com/data-centers/north-america/council-bluffs-ia,,operational
WA,Quincy,confirmed,United States,,,,,47.2334,-119.8528,CyrusOne PNW1,"Operator describes PNW1 as Washington's largest greenfield-built data center; 720,000 sq ft technical space on a 45-acre site acquired 2016; construction began 2023.",CyrusOne,reported,90.0,unknown,45.0,acre,2026-08-22,Compute Atlas,cyrusone-pnw1-quincy-wa,https://www.cyrusone.com/data-centers/north-america/quincy-washington,,operational
NC,Durham,reported,United States,,,,,35.9353037,-78.8810471,CyrusOne Raleigh-Durham I (DUR1),"420,000 sq ft building in Research Triangle Park, converted from a former Silver Line Windows plant; 220,000 sq ft gross colocation at full build-out. Built by Sentinel Data Centers (Phase 1, 2013) and acquired by CyrusOne in February 2017 — current operator recorded as CyrusOne on that basis. The OpenStreetMap building at this address is independently tagged 'DUR1', corroborating the pin. The source page's 'Wake County' field is wrong; the address is in Durham County.",CyrusOne,reported,50.0,unknown,,,2026-09-24,Compute Atlas,cyrusone-raleigh-durham-i-durham-nc,https://baxtel.com/data-center/cyrusone-raleigh-durham-i,,operational
IL,,confirmed,United States,,,,,39.64,-89.84,CyrusOne Sangamon County Data Center Campus,"Sited at the northwest corner of Thayer and Clark roads in unincorporated Talkington Township, about 14 miles southwest of Springfield. Building program shifted between filings: six 250,000 sq ft buildings at application, four 450,000 sq ft buildings as reported in June 2026. Construction was expected to start summer 2026.",CyrusOne,reported,630.0,planned_maximum,280.0,acre,2026-09-25,Compute Atlas,cyrusone-sangamon-talkington-township-il,https://www.illinoistimes.com/news/sangamon-county-approves-data-center/,,planned
TX,San Antonio,reported,United States,,,,,29.4708878,-98.6730474,CyrusOne SAT2-SAT4 (San Antonio),"OSM label 'San Antonio II' resolved to SAT2-SAT4 campus (9554 Westover Hills Blvd / 9655 Raba Dr). AI/HPC (likely): HPC spec: over 1,000 watts/sqft in designated areas.",CyrusOne,reported,36.0,unknown,,,2026-09-21,Compute Atlas,cyrusone-sat2-sat4-san-antonio-tx,https://www.cyrusone.com/data-centers/north-america/san-antonio-sat2-sat4,,operational
LA,Baton Rouge,confirmed,United States,,,,,30.4539942,-91.115481,DartPoints BTR1 Baton Rouge,"86,400 sq ft building with 25,800 sq ft of data hall in the Bon Carre Technology Park; seven on-site network providers. Built and run by Venyu before DartPoints acquired the company in May 2023. PeeringDB publishes the same coordinate for BTR1 and BTR2, so the pin here is the OpenStreetMap house-number match for 7127 Florida Blvd and is marked approximate.",DartPoints,reported,0.5,unknown,,,2026-09-15,Compute Atlas,dartpoints-btr1-baton-rouge-la,https://dartpoints.com/locations/btr01-baton-rouge-la/,,operational
LA,Baton Rouge,reported,United States,,,,,30.4514445,-91.1156117,DartPoints BTR2 Baton Rouge,"Second DartPoints building in the Bon Carre Technology Park, next door to BTR1: 27,000 sq ft total with 9,130 sq ft of data hall. The 2 MW figure comes from the Baxtel listing, not from DartPoints, hence the reported confidence. PeeringDB publishes an identical coordinate for BTR1 and BTR2, so the pin here is the OpenStreetMap house-number match for 7139 Florida Blvd.",DartPoints,reported,2.0,unknown,,,2026-09-15,Compute Atlas,dartpoints-btr2-baton-rouge-la,https://dartpoints.com/press/dartpoints-acquires-venyu-adding-three-louisiana-data-centers-to-portfolio/,,operational
SC,Ladson,confirmed,United States,,,,,32.9648939,-80.1012147,DartPoints Charleston Data Center (CHS01),"Colocation facility in Palmetto Commerce Park: 15,000 sq ft raised floor, 7 on-site network providers. Operator states 1.3 MW utility power with 100 kW critical IT load; capacityMw.operational records the 1.3 MW utility figure. Coordinates are the OSM building footprint centroid.",DartPoints,reported,1.3,unknown,,,2026-09-22,Compute Atlas,dartpoints-charleston-ladson-sc,https://dartpoints.com/locations/chs01-charleston-sc/,,operational
SC,Columbia,confirmed,United States,,,,,33.9873119,-81.0308106,DartPoints Columbia Data Center (CAE01),"Colocation facility in the SCRA Innovation Center: 15,000 sq ft raised floor, 8,200 sq ft data hall, 10 on-site network providers. Operator states 2 MW utility power with 110 kW critical IT load; capacityMw.operational records the 2 MW utility figure. Coordinates and address are from the OSM node carrying the operator's own site reference (CAE01).",DartPoints,reported,2.0,unknown,,,2026-09-22,Compute Atlas,dartpoints-columbia-sc,https://dartpoints.com/locations/cae01-columbia-sc/,,operational
SC,Greenville,confirmed,United States,,,,,34.8075277,-82.3434922,DartPoints Greenville Data Center,"Colocation / edge facility rather than a hyperscale campus, but explicitly positioned by the operator and the state for AI, enterprise and edge workloads. Coordinates are the OSM address point for 78 Global Drive. Re-checked 2026-09-10 (DartPoints' own Greenville location page, source dated after this record's 2026-08-26 lastUpdated): status unchanged, still operational, running continuously since 2007. energy: confirmed absence — no utility name or energy-source disclosure found on the operator's site or in the Nov 2025 / SC Commerce / Greenville EDC press coverage. landAcres: confirmed absence — none of the sources checked (SC Commerce, Greenville EDC, DartPoints' own site) state a land acreage figure for the Greenville site. subsidies: confirmed absence in every press source checked (SC Commerce, Greenville EDC press release, Governor's office quote, County Council Chairman's quote) — no FILOT agreement, tax abatement, or other incentive is mentioned for either the existing facility or the 2025 expansion. Note this is a press-coverage-level absence, not a county-council-minutes-level (GASB77-grade) audited negative — I could not get past Greenville County's agenda/minutes portal navigation to confirm at that stronger tier this session; genuinely unresolved, not confirmed clean.",DartPoints,reported,2.5,unknown,,,2026-09-10,Compute Atlas,dartpoints-greenville-sc,https://www.sccommerce.com/news/dartpoints-expands-greenville-county-operations,,operational
SC,Greenville,confirmed,United States,,,,,34.8075277,-82.3434922,DartPoints Greenville Data Center,"Colocation / edge facility rather than a hyperscale campus, but explicitly positioned by the operator and the state for AI, enterprise and edge workloads. Coordinates are the OSM address point for 78 Global Drive. Re-checked 2026-09-10 (DartPoints' own Greenville location page, source dated after this record's 2026-08-26 lastUpdated): status unchanged, still operational, running continuously since 2007. energy: confirmed absence — no utility name or energy-source disclosure found on the operator's site or in the Nov 2025 / SC Commerce / Greenville EDC press coverage. landAcres: confirmed absence — none of the sources checked (SC Commerce, Greenville EDC, DartPoints' own site) state a land acreage figure for the Greenville site. subsidies: confirmed absence in every press source checked (SC Commerce, Greenville EDC press release, Governor's office quote, County Council Chairman's quote) — no FILOT agreement, tax abatement, or other incentive is mentioned for either the existing facility or the 2025 expansion. Note this is a press-coverage-level absence, not a county-council-minutes-level (GASB77-grade) audited negative — I could not get past Greenville County's agenda/minutes portal navigation to confirm at that stronger tier this session; genuinely unresolved, not confirmed clean.",DartPoints,reported,12.5,planned_maximum,,,2026-09-10,Compute Atlas,dartpoints-greenville-sc,https://www.sccommerce.com/news/dartpoints-expands-greenville-county-operations,,planned
KY,Lexington,confirmed,United States,,,,,38.0747519,-84.4876212,DartPoints Lexington Data Center Campus,"Acquired in May 2026 for $29 million; roughly 343,000 sq ft of campus including about 81,000 sq ft of existing raised-floor data center space, fully zoned for data center use, with rack densities up to 200 kW planned. DartPoints describes a path to approximately 20–30 MW in an initial phase with longer-term expansion potential to 70 MW — the 70 MW build-out figure is what capacityMw.planned records. As of June 2026 the company was still finalizing a ready-for-service date and no operations date had been announced, so this is recorded as proposed rather than operational; Lexington declined to provide city incentives. Coordinates are a geocode of the street address, not a parcel-confirmed footprint.",DartPoints,reported,70.0,planned_maximum,29.5,acre,2026-09-15,Compute Atlas,dartpoints-lexington-fayette-ky,https://www.prnewswire.com/news-releases/dartpoints-acquires-lexington-kentucky-data-center-campus-to-support-ai-neo-cloud-hyperscale-and-enterprise-demand-302782916.html,,planned
LA,Shreveport,confirmed,United States,,,,,32.5135356,-93.7477839,DartPoints SHV01 Shreveport,"Operator page: 5,600 sq ft data hall, 2.2 MW of utility power, 4,000 kW generator capacity, 760 tons of cooling, up to 20 kW per rack, more than 200 active racks, Uptime Institute Tier III Certified. Directory listings describe an 87,000 sq ft downtown Shreveport building. Street address not published on a source fetched this session, so the point is a Shreveport geocode flagged approximate. Formerly Venyu; acquired by DartPoints in 2023.",DartPoints,reported,2.2,unknown,,,2026-09-21,Compute Atlas,dartpoints-shv01-shreveport-la,https://dartpoints.com/locations/shv01-shreveport-la/,,operational
SC,Spartanburg,confirmed,United States,,,,,34.9965845,-82.034841,DartPoints Spartanburg Data Center (SPA01),"Colocation facility: 21,400 sq ft raised floor, 5 on-site network providers. Operator states 1.6 MW utility power with 0.8 MW critical IT load; capacityMw.operational records the 1.6 MW utility figure. Coordinates are the OSM building footprint centroid. Unrelated to the other Spartanburg County sites in this dataset (Greenidge/LightHouse on Jones Road, Valara/NorthMark, TigerDC).",DartPoints,reported,1.6,unknown,,,2026-09-22,Compute Atlas,dartpoints-spartanburg-sc,https://dartpoints.com/locations/spa01-spartanburg-sc/,,operational
TX,Laredo,rumored,United States,,,,,27.5306,-99.4803,"Data City, Texas","Early-stage developer announcement (Mar 21 2025) for a 5 GW behind-the-meter data center hub on ~50,000 acres near Laredo (Webb County), targeting large AI workloads with direct-to-chip liquid cooling. Phase 1 stated as 300 MW / ~1M sq ft in 2026, scaling to 5 GW / 15M+ sq ft. Highly speculative: primary source is a single promotional press release; no permit, interconnection, or construction evidence located. Coordinate anchored on Laredo. Public-reception check (2026-09-10): Checked the operator's launch press release and one regional business-journal writeup (2026-09-10); both cover only the developer's technical vision (50,000-acre, off-grid/islanded from ERCOT) with no mention of a public hearing, Laredo city/county government reaction, or resident feedback. No community-reception record found in either source.",Energy Abundance Development Corporation,reported,5000.0,planned_maximum,50000.0,acre,2026-09-10,Compute Atlas,data-city-energy-abundance-laredo-tx,https://www.prnewswire.com/news-releases/energy-abundance-announces-data-city-texas--the-worlds-largest-behind-the-meter-data-center-hub-powered-by-100-247-green-energy-302407052.html,,planned
WI,Eau Claire,reported,United States,,,,,44.811349,-91.4984941,Data Holdings Eau Claire Data Center,"4,000 sq ft raised-floor, Tier III-design colocation facility: 1 MW, 16 kW max per rack, 2N standby power (two diesel generators) and 2N cooling, with SOC 2 Type II attestation and HIPAA, PCI DSS and NDAA compliance. Sibling of the already-tracked Data Holdings Milwaukee site (3135 W. Highland Ave.). ⚠️ Data Holdings publishes no street address, saying only that the facility is ""on the south side of Eau Claire"", so the coordinates are an approximate CITY-LEVEL point and are NOT the facility footprint — they should be corrected before the pin is treated as meaningful. Single-source, hence ""reported"".",Data Holdings LLC,reported,1.0,unknown,,,2026-09-13,Compute Atlas,data-holdings-eau-claire-wi,https://dataholdings.com/eau-claire-data-center,,operational
WI,Milwaukee,confirmed,United States,,,,,43.0437366,-87.9540068,Data Holdings Milwaukee Data Center,"Purpose-built two-story 46,000 sq ft carrier-neutral colocation facility commissioned in 2014; Tier III+ concurrently maintainable design, 2N route-diverse utility feeds, 10 MW of total commercial power, up to 30 kW per cabinet, LEED Gold, SOC 2 Type II / HIPAA / PCI DSS. Coordinates are an address geocode.",Data Holdings LLC,reported,10.0,unknown,,,2026-09-21,Compute Atlas,data-holdings-milwaukee-wi,https://dataholdings.com/milwaukee-data-center,,operational
TN,Murfreesboro,confirmed,United States,,,,,35.85555,-86.4048269,Data Suites Murfreesboro,"Locally owned, independent colocation facility founded 2015 ('We were founded in 2015 with a community-first mission: bring more fiber into Rutherford County'); never previously in the dataset -- Tennessee has not yet been reached by the automated rotation. Powered-shell page states '2 MW available' at 415V with up to 50kW/rack, Tier-3-ready. SUBSIDIES CONFIRMED ABSENT by the operator's own statement: 'Not one tax dollar and not one tax incentive has gone into Data Suites. We are privately built and debt-free' (mydatasuites.com/about/, retrieved 2026-09-13) -- an audited-style negative from the party with the least incentive to overstate self-funding. A third-party aggregator (baxtel.com, not cited as a source here) lists a differently-specified Murfreesboro 37129 facility ('Colo Reseller', built 2016, air-cooled, Middle Tennessee Electric) that could not be reconciled with this operator's own description and may be a distinct, separately-discoverable site; not included pending its own address confirmation.",Data Suites,reported,2.0,unknown,,,2026-09-13,Compute Atlas,data-suites-murfreesboro-tn,https://mydatasuites.com/,,operational
MA,Boston,confirmed,United States,,,,,42.354699,-71.060271,DataBank BOS1 - Downtown Boston,"A separately-operated colocation suite inside the 1 Summer Street carrier hotel, the same BUILDING as the tracked Markley Group One Summer Street facility. Different operator, different suite, separate PeeringDB facility record - recorded as a distinct facility, not as a second entry for Markley's space.",DataBank,reported,0.5,unknown,,,2026-09-21,Compute Atlas,databank-bos1-boston-ma,https://www.databank.com/data-centers/boston/1-summer-street/,,operational
MN,Brooklyn Park,confirmed,United States,,,,,45.116,-93.386,DataBank Brooklyn Park Campus,"8111 Oxbow Creek N, Brooklyn Park, MN 55445. Anchored by DataBank's 'MSP3' data hall. Some third-party aggregators (datacentermap.com, datacenterjournal.com) attribute a DataBank facility at '10300 6th Ave N' to 'Plymouth' — that appears to be an older/alternate address or aggregator error for the same Brooklyn Park campus (DataBank's own current site only lists the Oxbow Creek N address for its Minneapolis-market campus); went with the address on DataBank's own official page. Coordinates approximate (Brooklyn Park city-area estimate, not parcel-geocoded this session).",DataBank,reported,9.0,unknown,,,2026-09-21,Compute Atlas,databank-brooklyn-park-mn,https://www.databank.com/data-centers/minneapolis/brooklyn-park-campus/,,operational
MD,Baltimore,confirmed,United States,,,,,39.291652966378,-76.619738877727,DataBank BWI1 (Downtown Baltimore Data Center),"Coordinates confirmed via US Census geocoder (exact match on 300 W Lexington St, Baltimore, MD 21201) -- same carrier hotel building as the separately-recorded AiNET One Market Center facility; the two are distinct commercial colocation operations sharing one address, so the shared pin is disclosed rather than a duplicate. DataBank's own datasheet states 1.5MW site power total (600kW critical power, N+1 design), 10,000 sq ft raised floor, Tier III design, multi-tenant. No source fetched this run states an operational date; status inferred operational from the datasheet's present-tense description of an active, staffed facility. aiClassification omitted: no source names AI/GPU/HPC use at this site.",DataBank,reported,1.5,unknown,,,2026-09-13,Compute Atlas,databank-bwi1-baltimore-md,https://www.databank.com/wp-content/uploads/2020/10/DB_DCTR_BWI1_Q32020_v2.pdf,,operational
OH,Cleveland,confirmed,United States,,,,,41.4998,-81.6829,DataBank Cleveland (CLE1),"Colocation facility in the 1255 Euclid Avenue carrier-hotel building, downtown Cleveland — 7,440 sq ft raised floor, 0.4 MW critical IT load. Distinct from the already-tracked Lumen Cleveland 1 (4000 Chester Ave). The same building also houses 365 Data Centers (CL1) and BlueBridge Networks as separate colocation tenants; recorded here as one representative record rather than three near-duplicate pins at one address.",DataBank,reported,0.4,unknown,,,2026-08-05,Compute Atlas,databank-cleveland-cle1-oh,https://www.databank.com/data-centers/cleveland/1255-euclid-ave/,,operational
CO,Englewood,reported,United States,,,,,39.560952,-104.865649,DataBank DEN1 - Englewood,"DataBank's Denver page lists DEN1 at 393 Inverness Parkway, with 24,180 IT sq ft and 2 MW of critical IT load. This is a separate site from the DEN2 and DEN5 Centennial campus, which is already tracked. Coordinates are a Census geocode of the street address.",DataBank,reported,2.0,unknown,,,2026-09-30,Compute Atlas,databank-den1-englewood-co,https://www.databank.com/data-centers/denver/,,operational
CO,Centennial,confirmed,United States,,,,,39.5917924,-104.8479857,DataBank DEN2 — Centennial,"31,510 IT sq ft, 4 MW critical IT load, 10 onsite carriers. The older of the two buildings on DataBank's 11-acre Centennial Campus; campus acreage is not attributed to this single building.",DataBank,reported,4.0,unknown,,,2026-08-26,Compute Atlas,databank-den2-centennial-co,https://www.databank.com/data-centers/denver/centennial-campus/,,operational
CO,Centennial,confirmed,United States,,,,,39.5900652,-104.8469635,DataBank DEN5 — Centennial II,"56,000 IT sq ft, 16 MW critical IT load, 11 onsite carriers. Adjacent to DataBank DEN2 on an 11-acre shared Centennial Campus (acreage is campus-level and therefore not recorded on this site record). Originally slated to open in early 2024.",DataBank,reported,16.0,unknown,,,2026-08-26,Compute Atlas,databank-den5-centennial-co,https://www.databank.com/data-centers/denver/centennial-campus/den5/,,operational
MN,Minneapolis,confirmed,United States,,,,,44.971127,-93.2546167,DataBank Downtown Minneapolis Data Center (MSP4),"DataBank publishes ""8,170 IT Square Feet"" and ""0.779MW Critical IT Load"" for MSP4. Located in the 511 Building carrier hotel — the same address as Cologix MIN1–MIN5, but a separate operator's suite, not the same facility.",DataBank,reported,0.779,unknown,,,2026-09-18,Compute Atlas,databank-downtown-minneapolis-msp4-mn,https://www.databank.com/data-centers/minneapolis/,,operational
MN,Eagan,confirmed,United States,,,,,44.8375194,-93.1454144,DataBank East Twin Cities Data Center (MSP2),"48,860 IT square feet; FedRAMP-certified multi-tenant carrier-hotel facility with 21 onsite carriers. Distinct from DataBank's Brooklyn Park campus already in this dataset (id: databank-brooklyn-park-mn) — this is DataBank's separate Eagan site. DataBank's own MSP3-qualification release states MSP2 (this facility) previously qualified for Minnesota's DEED-certified data-center sales tax exemption; no amount or certification date disclosed.",DataBank,reported,5.0,unknown,,,2026-09-18,Compute Atlas,databank-east-twin-cities-eagan-mn,https://www.databank.com/data-centers/minneapolis/eagan/,,operational
NJ,Piscataway,confirmed,United States,,,,,40.549247,-74.458241,DataBank EWR2 (Piscataway),"22,590 IT square feet and 3 MW critical IT load with 9 on-site carriers, per DataBank's own location page.",DataBank,reported,3.0,unknown,,,2026-09-21,Compute Atlas,databank-ewr2-piscataway-nj,https://www.databank.com/data-centers/new-jersey/,,operational
GA,Cartersville,reported,United States,,,,,34.1651,-84.7996,DataBank Project Indo,"Project Indo: a 200 MW campus on 69 acres at 218 Industrial Park Rd, Cartersville, Bartow County (~288 MW grid connection filed); DRI submitted, first phase targeted 2032. Coordinates are the Cartersville area centroid. Public-reception check (2026-09-10): Checked a DCD-sourced writeup (2026-09-10, DCD's own page 403'd on direct fetch) covering the Development of Regional Impact filing (69 acres, 200MW, $2.4B at full build-out, first phase possibly 2032). No public hearing, resident reaction, or official statement of support/opposition documented in this source.",DataBank,reported,200.0,planned_maximum,69.0,acre,2026-09-10,Compute Atlas,databank-indo-cartersville-ga,https://www.datacenterdynamics.com/en/news/databank-files-for-200mw-data-center-campus-outside-atlanta-georgia/,,planned
NV,Las Vegas,reported,United States,,,,,36.0597501,-115.1470938,DataBank LAS1,"Carrier-dense edge colocation facility with 2N power redundancy and 11 on-site carriers. The building is mapped in OpenStreetMap as 'DataBank Las Vegas LAS1' at this address, which is how the coordinates were confirmed. A general-purpose colocation site rather than a dedicated AI campus.",DataBank,reported,3.35,unknown,,,2026-08-29,Compute Atlas,databank-las1-las-vegas-nv,https://www.databank.com/data-centers/las-vegas/,,operational
KS,Lenexa,confirmed,United States,,,,,38.925685125075,-94.769520334995,DataBank MCI3 South Lake Campus Data Center,"Operator's own site lists this as (MCI3) South Lake Campus Data Center, 69,762 IT sq ft, 12.75MW critical IT load, 15 onsite carriers -- one of two named DataBank facilities in the Kansas City metro (the other is the separate Pine Ridge / Overland Park site, recorded separately). Coordinates are the US Census geocode of the listed street address, retrieved 2026-09-13; precision set to approximate since the parcel/building footprint was not independently confirmed.",DataBank,reported,12.75,unknown,,,2026-09-13,Compute Atlas,databank-lenexa-ks,https://www.databank.com/data-centers/kansas-city/,,operational
NY,Orangeburg,confirmed,United States,,,,,41.037331,-73.987853,DataBank LGA3 (Orangeburg Data Center Campus),"DataBank's third metro-NYC facility, described by DataBank's own site (fetched 2026-09-13) as 20 MW critical IT load operational across 110,000 IT sq ft, with the full campus planned to reach 40 MW / 200,000 sq ft across 5 data halls. Data Center Frontier's trade-press coverage states different figures for the same campus (30 MW initially available with planned expansion to 45 MW, 200,000 sq ft at full build-out) -- both figures are reported here rather than reconciled; the operator's own current site is treated as the more current figure for the operational MW. A second planned facility, LGA4, is also referenced by Data Center Frontier at 45 MW but not yet named on DataBank's own site as of this fetch -- omitted as a separate record since it is not yet independently confirmed as a distinct, addressable site. Data Center Frontier ties the campus's HPC/AI-oriented data-hall design to New York's Empire AI Consortium initiative, but does not name a specific AI tenant or offtaker at this site -- aiClassification omitted rather than guessed (colocation is multi-tenant and general-purpose). Distinct from the existing bloomberg-orangeburg-ny and the newly-added jpmorgan-chase-orangeburg-ny records -- three separate Orangeburg, Rockland County data-center campuses. Coordinates geocoded from the street address via US Census geocoder (address-range interpolation, not a confirmed parcel), hence approximate precision.",DataBank,reported,20.0,unknown,,,2026-09-13,Compute Atlas,databank-lga3-orangeburg-ny,https://www.databank.com/data-centers/new-york/lga3,,operational
NY,Orangeburg,confirmed,United States,,,,,41.037331,-73.987853,DataBank LGA3 (Orangeburg Data Center Campus),"DataBank's third metro-NYC facility, described by DataBank's own site (fetched 2026-09-13) as 20 MW critical IT load operational across 110,000 IT sq ft, with the full campus planned to reach 40 MW / 200,000 sq ft across 5 data halls. Data Center Frontier's trade-press coverage states different figures for the same campus (30 MW initially available with planned expansion to 45 MW, 200,000 sq ft at full build-out) -- both figures are reported here rather than reconciled; the operator's own current site is treated as the more current figure for the operational MW. A second planned facility, LGA4, is also referenced by Data Center Frontier at 45 MW but not yet named on DataBank's own site as of this fetch -- omitted as a separate record since it is not yet independently confirmed as a distinct, addressable site. Data Center Frontier ties the campus's HPC/AI-oriented data-hall design to New York's Empire AI Consortium initiative, but does not name a specific AI tenant or offtaker at this site -- aiClassification omitted rather than guessed (colocation is multi-tenant and general-purpose). Distinct from the existing bloomberg-orangeburg-ny and the newly-added jpmorgan-chase-orangeburg-ny records -- three separate Orangeburg, Rockland County data-center campuses. Coordinates geocoded from the street address via US Census geocoder (address-range interpolation, not a confirmed parcel), hence approximate precision.",DataBank,reported,40.0,planned_maximum,,,2026-09-13,Compute Atlas,databank-lga3-orangeburg-ny,https://www.databank.com/data-centers/new-york/lga3,,planned
TN,Memphis,confirmed,United States,,,,,35.20249,-89.8097,DataBank MEM1 (Memphis),,DataBank,reported,0.45,unknown,,,2026-09-21,Compute Atlas,databank-mem1-memphis-tn,https://www.databank.com/data-centers/memphis/7620-appling-center-drive/,,operational
FL,Miami,confirmed,United States,,,,,25.775811,-80.192959,DataBank MIA1 — Downtown Miami,"11,030 sq ft of IT space with a 1.6MW critical IT load, across the street from the NAP of the Americas. Occupies suites in the 36 NE 2nd Street carrier hotel, a building that also houses separately-operated facilities (Digital Realty MIA10, Equinix MI2, ColoHouse).",DataBank,reported,1.6,unknown,,,2026-09-14,Compute Atlas,databank-mia1-miami-fl,https://www.databank.com/data-centers/miami/,,operational
IL,Mount Prospect,confirmed,United States,,,,,42.0771274,-87.9238121,DataBank ORD3 (Mount Prospect),"DataBank's market page lists ORD3 at 28,950 IT sq ft and 2.7MW. Distinct from CloudHQ's Mount Prospect campus already tracked (different operator, different site — this is an existing suburban colocation building on Business Center Drive). Coordinates geocoded from the published street address.",DataBank,reported,2.7,unknown,,,2026-08-31,Compute Atlas,databank-ord3-mount-prospect-il,https://www.databank.com/data-centers/chicago/,,operational
IL,Oak Brook,confirmed,United States,,,,,41.85392,-87.9221234,DataBank ORD4 (Chicago Tri-State),"DataBank's market page lists ORD4 at 77,510 IT sq ft and 8.75MW — its largest Illinois site. Coordinates geocoded from the published street address.",DataBank,reported,8.75,unknown,,,2026-08-31,Compute Atlas,databank-ord4-oak-brook-il,https://www.databank.com/data-centers/chicago/,,operational
KS,Overland Park,confirmed,United States,,,,,38.975738717441,-94.708635080112,DataBank MCI2 Pine Ridge Data Center,"Operator's own site lists this as (MCI2) Pine Ridge Data Center, 11,510 IT sq ft, 2MW critical IT load, 15 onsite carriers, and describes it as home to DataBank's primary Network Operations Center. Coordinates are the US Census geocode of the listed street address, retrieved 2026-09-13; precision set to approximate since the parcel/building footprint was not independently confirmed.",DataBank,reported,2.0,unknown,,,2026-09-13,Compute Atlas,databank-overland-park-ks,https://www.databank.com/data-centers/kansas-city/,,operational
PA,Pittsburgh,reported,United States,,,,,40.4479,-80.0086,DataBank PIT1 (Downtown Pittsburgh),"30,760 IT square feet with 1.9 MW of critical IT load and 29 on-site carriers, at 100 S Commons on Pittsburgh's North Shore.",DataBank,reported,1.9,unknown,,,2026-08-17,Compute Atlas,databank-pit1-pittsburgh-pa,https://www.databank.com/data-centers/pittsburgh/,,operational
PA,Pittsburgh,reported,United States,,,,,40.4433,-80.1697,DataBank PIT2 (Summit Park),"47,100 IT square feet with 5 MW of critical IT load and 29 on-site carriers, on a 17-acre campus near Pittsburgh International Airport that DataBank says has room for multiple additional data centers.",DataBank,reported,5.0,unknown,17.0,acre,2026-08-17,Compute Atlas,databank-pit2-summit-park-pittsburgh-pa,https://www.databank.com/data-centers/pittsburgh/,,operational
TX,Red Oak,confirmed,United States,,,,,32.5135,-96.7282,Red Oak Campus,"292-acre, 8-building campus. Distinct operator/site from Compass Datacenters' separate Red Oak, TX campus (same town, different companies).",DataBank,reported,480.0,planned_maximum,292.0,acre,2026-09-14,Compute Atlas,databank-red-oak-tx,https://www.databank.com/resources/news/dallas-based-firm-lands-2-billion-construction-loan-for-data-center-campus/,,planned
CA,San Diego,reported,United States,,,,,32.9886013,-117.073246,DataBank San Diego SAN1,"Capacity corrected/clarified: DataBank's current live product page states 7.2MW critical IT load / 55,239 IT sq ft (independently corroborated by a DataCenterMap aggregator listing); DataBank's own 2022-2023 expansion press materials instead cite a 7.5MW/60,000 sq ft total-capacity target, which is not a contradiction but an older total-capacity framing rather than the current critical-IT-load figure. aiClassification set to 'likely' on the strength of an 'HPC Capable' designation and '40kW+ Cab Density Air' cooling spec on DataBank's own page, though this is a general multi-tenant colo facility rather than a dedicated AI/GPU campus. Distinct from the already-tracked EdgeConneX SDG01 (5761 Copley Drive, Kearny Mesa) - different operator and neighborhood (this site is in Rancho Bernardo/Carmel Mountain Ranch). Coordinates are an approximate geocode, not a parcel-confirmed point.",DataBank,reported,7.2,unknown,,,2026-08-16,Compute Atlas,databank-san1-san-diego-ca,https://www.databank.com/data-centers/san-diego/12270-world-trade-drive/,,operational
CA,San Diego,reported,United States,,,,,32.9886013,-117.073246,DataBank San Diego SAN1,"Capacity corrected/clarified: DataBank's current live product page states 7.2MW critical IT load / 55,239 IT sq ft (independently corroborated by a DataCenterMap aggregator listing); DataBank's own 2022-2023 expansion press materials instead cite a 7.5MW/60,000 sq ft total-capacity target, which is not a contradiction but an older total-capacity framing rather than the current critical-IT-load figure. aiClassification set to 'likely' on the strength of an 'HPC Capable' designation and '40kW+ Cab Density Air' cooling spec on DataBank's own page, though this is a general multi-tenant colo facility rather than a dedicated AI/GPU campus. Distinct from the already-tracked EdgeConneX SDG01 (5761 Copley Drive, Kearny Mesa) - different operator and neighborhood (this site is in Rancho Bernardo/Carmel Mountain Ranch). Coordinates are an approximate geocode, not a parcel-confirmed point.",DataBank,reported,3.2,planned_maximum,,,2026-08-16,Compute Atlas,databank-san1-san-diego-ca,https://www.databank.com/data-centers/san-diego/12270-world-trade-drive/,,planned
UT,Salt Lake City,confirmed,United States,,,,,40.76852,-111.88585,DataBank SLC1 (Salt Lake City Carrier Hotel),"Subsidies checked at the municipal tier (2026-09-05): no site-level subsidy found. 179 Social Hall Avenue sits within the RDA's Central Business District (CBD) project-area boundary (bounded by North Temple/500 South and 400 West/200 East) — but sitting inside a project area is not itself a subsidy. The CBD's own published list of RDA-funded participation developments names exactly four projects (Paperbox Lofts, The Aster, 150 Main, West Quarter), none at Social Hall Avenue and none a data center, and a full-text search of the RDA's FY2021 annual/audit report returned zero mentions of ""Social Hall."" Utah's EDTIF programme excludes data centres and the UCA 59-12-104 exemption is self-executing.",DataBank,reported,1.0,unknown,,,2026-08-15,Compute Atlas,databank-slc1-salt-lake-city-ut,https://www.databank.com/resources/blogs/get-to-know-databanks-salt-lake-city-data-centers/,,operational
CA,Irvine,confirmed,United States,,,,,33.69137,-117.84036,DataBank SNA1,"DataBank operates two Irvine, CA facilities on Von Karman Avenue (SNA1 and SNA2), recorded here as separate entries. SNA1 is 36,720 IT square feet with 2.64MW critical IT load per the operator's own site. Square footage omitted (no landAcres/other field for IT sq ft in this schema). aiClassification omitted: no source names AI/GPU capacity at this specific site.",DataBank,reported,2.64,unknown,,,2026-09-12,Compute Atlas,databank-sna1-irvine-ca,https://www.databank.com/data-centers/irvine/,,operational
CA,Irvine,confirmed,United States,,,,,33.68882,-117.84289,DataBank SNA2,"DataBank operates two Irvine, CA facilities on Von Karman Avenue (SNA1 and SNA2), recorded here as separate entries. SNA2 is 53,150 IT square feet with 8MW critical IT load per the operator's own site. aiClassification omitted: no source names AI/GPU capacity at this specific site.",DataBank,reported,8.0,unknown,,,2026-09-12,Compute Atlas,databank-sna2-irvine-ca,https://www.databank.com/data-centers/irvine/,,operational
CA,Vernon,confirmed,United States,,,,,34.00543,-118.218653,Vernon LA Campus (with Goodman Group),"Joint venture with Goodman Group; opening December 2026, phased through September 2027.",DataBank,reported,32.0,planned_maximum,,,2026-09-29,Compute Atlas,databank-vernon-la-ca,https://www.prnewswire.com/news-releases/databank-and-goodman-group-partner-to-open-new-landmark-data-center-in-los-angeles-302735412.html,,planned
MN,Edina,confirmed,United States,,,,,44.8628296,-93.3305557,DataBank West Twin Cities Data Center (MSP1),"DataBank publishes ""26,240 IT Square Feet"" and ""1.35MW Critical IT Load"" for MSP1. Distinct from DataBank's Eagan (MSP2) and Brooklyn Park (MSP3) sites already tracked, and from its MSP4 suite in the 511 Building.",DataBank,reported,1.35,unknown,,,2026-09-18,Compute Atlas,databank-west-twin-cities-edina-mn,https://www.databank.com/data-centers/minneapolis/,,operational
NY,Brooklyn,confirmed,United States,,,,,40.6579597,-74.0055488,DataVerge Brooklyn (Industry City),"Carrier-neutral colocation at Industry City, Sunset Park — the operator describes it as the only carrier-neutral data center in Brooklyn. Operator states 50,000 sq ft with 40,000 sq ft of raised floor plus 35,000 sq ft available for expansion, 1.75 MW of diesel backup generation and a 3,000-gallon fuel tank; carriers include AT&T, Charter, Cogent, Crown Castle, Lightpath, Lumen, Verizon, Zayo and Zenfi. IT load capacity is not published, so capacityMw is unset. The OSM building still carries the facility's former name, ColoGuard, which is what pins the location exactly.",DataVerge,reported,140.0,unknown,,,2026-09-21,Compute Atlas,dataverge-brooklyn-ny,https://dataverge.com/interconnected-data-center-brooklyn/,,operational
GA,Lithia Springs,confirmed,United States,,,,,33.7882,-84.6608,DC BLOX Atlanta West (ATL1),"Initial 120 MW phase (Building A); site plan includes additional 80 MW Building B (delivery early 2028) and 80 MW Building C (early 2029) totaling 200+ MW. investmentUsd reflects green loan construction financing announced August 11, 2025. Located adjacent to Microsoft Douglasville campus, 2.5 miles from Google facility. Coordinates are Lithia Springs area centroid. Original DCD source URL returned HTTP 404 and was replaced with the DC BLOX official press release, which resolves and supports all claims. The $98M Douglasville abatement was granted for the campus in the Riverside West Business Park (New River Road); city/authority filings cite 25 permanent jobs (~$130k average) and up to 500 construction jobs over five years — projections, not confirmed headcounts.",DC BLOX,reported,120.0,planned_maximum,100.0,acre,2026-07-06,Compute Atlas,dc-blox-atlanta-west-ga,https://www.dcblox.com/dcblox-secures-1-15-billion-green-loan-atlanta-data-center-campus-development/,,planned
AL,Birmingham,confirmed,United States,,,,,33.5006652,-86.8208315,DC BLOX Birmingham Data Center Campus,"Operator spec page states verbatim: ""Up to 5MW critical load; expandable up to 60MW"" and ""31,000 sq. ft. initially; expandable up to 200,000 sq. ft."", with a planned expansion building of 263,000 SF. A campus-level stat block on the same page reads ""4 Data Centers (Operational & in Development)"", ""294,000 Square Feet"", ""49 Critical MW (Committed & Planned)"" — the 60MW and 49MW figures are stated on the same page and are not reconciled by DC BLOX; both recorded here verbatim rather than normalized. Cooling: the source says only ""N+1 cooling"", ""Hot aisle containment"" and ""High efficiency Direct Expansion (DX)"" and does not state whether a recirculating water circuit is present, so coolingType is deliberately not classified. Site is the former Ingalls Ironworks building; DC BLOX states it is the first multi-tenant data center in Alabama to hold Uptime Institute Tier III Certification of Constructed Facility. Coordinates are the OSM building polygon centroid for the parcel, which OSM independently tags as a data centre named ""DC Blox Data Center"". Investment, jobs and subsidies not stated on any source fetched in this run — not checked at the Jefferson County / City of Birmingham tier, so their absence here is a gap in this research, NOT an audited negative.",DC BLOX,reported,5.0,unknown,,,2026-09-21,Compute Atlas,dc-blox-birmingham-al,https://www.dcblox.com/data-centers/birmingham/,,operational
AL,Birmingham,confirmed,United States,,,,,33.5006652,-86.8208315,DC BLOX Birmingham Data Center Campus,"Operator spec page states verbatim: ""Up to 5MW critical load; expandable up to 60MW"" and ""31,000 sq. ft. initially; expandable up to 200,000 sq. ft."", with a planned expansion building of 263,000 SF. A campus-level stat block on the same page reads ""4 Data Centers (Operational & in Development)"", ""294,000 Square Feet"", ""49 Critical MW (Committed & Planned)"" — the 60MW and 49MW figures are stated on the same page and are not reconciled by DC BLOX; both recorded here verbatim rather than normalized. Cooling: the source says only ""N+1 cooling"", ""Hot aisle containment"" and ""High efficiency Direct Expansion (DX)"" and does not state whether a recirculating water circuit is present, so coolingType is deliberately not classified. Site is the former Ingalls Ironworks building; DC BLOX states it is the first multi-tenant data center in Alabama to hold Uptime Institute Tier III Certification of Constructed Facility. Coordinates are the OSM building polygon centroid for the parcel, which OSM independently tags as a data centre named ""DC Blox Data Center"". Investment, jobs and subsidies not stated on any source fetched in this run — not checked at the Jefferson County / City of Birmingham tier, so their absence here is a gap in this research, NOT an audited negative.",DC BLOX,reported,60.0,planned_maximum,,,2026-09-21,Compute Atlas,dc-blox-birmingham-al,https://www.dcblox.com/data-centers/birmingham/,,planned
SC,,confirmed,United States,,,,,33.1595951,-79.9070461,DC BLOX Camp Hall Data Center Campus,"Third DC BLOX site committed in South Carolina (after Myrtle Beach cable landing station and Greenville colocation): DC BLOX purchased 27.5 acres from Santee Cooper in the Camp Hall commerce park, Berkeley County (announced 2023-09-27), with a preliminary plan of four buildings totaling approximately 200,000 sq ft and 45 MW of planned power; build-to-suit options available. Both sources describe it as still in the planning/land-secured phase with no stated construction start date, hence status 'proposed'. No source gives a street address or parcel for the specific building site within the multi-thousand-acre Camp Hall park, so the coordinates used here are the Berkeley County centroid (from OSM Nominatim) as an explicitly disclosed county-level placeholder, not even a city-level pin -- do not read this as parcel- or city-level precision. A third-party aggregator (baxtel.com) lists larger figures for this same project (64.5 acres, 1,131,000 sq ft, 3 buildings) attributed to 2027, which was not used here because it conflicts with the operator's own press release and no primary source confirming an expansion was found this session; flagging for a future refresh check.",DC BLOX,reported,45.0,planned_maximum,27.5,acre,2026-09-13,Compute Atlas,dc-blox-camp-hall-berkeley-county-sc,https://www.dcblox.com/dc-blox-purchases-land-secures-power-in-berkeley-county-south-carolina/,,planned
SC,Greenville,confirmed,United States,,,,,34.80455191966,-82.342676840132,DC BLOX Greenville Data Center,"Multi-tenant colocation site in Global Business Park off I-85, described by the operator as the first multi-tenant data center in South Carolina, Uptime Institute Tier III certified (Data Hall 2). Capacity is omitted: the operator's own page gives two figures that do not cleanly separate operational from planned capacity ('8 Critical MW (Committed & Planned)' as a site total, and 'Up to 3MW critical load in phase 1; expandable up to 18MW' for one phase), so no single number can be attributed to 'operational' without guessing. Square footage: 36,493 sq ft built, up to 54,000 sq ft of data hall space, 6,700 sq ft tenant space, per the same source. Coordinates geocoded from the operator's stated street address via the US Census geocoder, not stated directly by any source as facility coordinates.",DC BLOX,reported,3.0,unknown,,,2026-09-21,Compute Atlas,dc-blox-greenville-sc,https://www.dcblox.com/data-centers/greenville/,,operational
VA,,confirmed,United States,,,,,37.5532,-77.4543,DC Blox Henrico County Campus (withdrawn),,DC BLOX,reported,50.0,planned_maximum,,,2026-07-24,Compute Atlas,dc-blox-henrico-county-va,https://heatmap.news/politics/data-center-cancellations-2025,,planned
NC,High Point,reported,United States,,,,,36.0537978,-79.9518696,DC BLOX High Point Data Center,"SOURCE CONFLICT, flagged for human review: two commercial directories (baxtel, datacentermap) list this site as operational since 2022, while Server Country records it cancelled on 2026-07-19. The tiebreakers used here are DC BLOX's own portfolio page, which lists ten campuses and none in North Carolina, and the fact that its own 2021 High Point announcement URL now returns HTTP 410. investmentUsd is the announced $305M ceiling, which the EDC release itemises as >$40M real property + >$9.6M DC BLOX personal property + >$255.4M 'induced customer investment' from tenant equipment — it is NOT $305M of developer capex. The incentives were authorised unanimously in October 2020; no dollar amount was published.",DC BLOX,reported,18.0,planned_maximum,14.0,acre,2026-09-24,Compute Atlas,dc-blox-high-point-nc,https://www.highpointnc.gov/DocumentCenter/View/16687/DC-BLOX-and-HPEDC_Press-Release_FINAL-5-5-21,,planned
AL,Huntsville,confirmed,United States,,,,,34.7104202,-86.6921561,DC BLOX Huntsville Data Center,"Operator spec page states verbatim: ""Expandable up to 13.5MW critical load"" and ""9,000 sq. ft. expandable up to 52,400 sq. ft.""; a campus stat block states 2 data centers operational and in development with 9 critical MW committed and planned. Because only the expandable ceiling is stated, 13.5 is recorded as planned and no operational MW is claimed. Cooling stated only as ""N+1 cooling"", ""High efficiency Direct Expansion (DX)"", ""Hot aisle containment"" — no water-circuit detail, so coolingType is not classified. Coordinates are an address-point geocode of the street address DC BLOX publishes, not a confirmed parcel footprint. Distinct from the existing meta-huntsville-al record (different operator, different site). Investment, jobs and subsidies not stated in the source fetched.",DC BLOX,reported,13.5,planned_maximum,,,2026-09-21,Compute Atlas,dc-blox-huntsville-al,https://www.dcblox.com/data-centers/huntsville/,,planned
AL,Montgomery,confirmed,United States,,,,,32.3777111,-86.3090775,DC BLOX Montgomery Data Center,"Announced November 2024 as one of four DC BLOX southeastern hyperscale edge-node sites. Chamber release states verbatim: ""$30 million data center investment"", ""5MW of capacity for a hyperscale anchor tenant, with the potential to scale up to 40MW for additional tenants"", ""Located in Interstate Industrial Park"". Alabama Department of Commerce (Made in Alabama) repeats the 5MW-to-40MW figure. STATUS IS DELIBERATELY 'proposed': no source fetched in this run states that construction has begun, and DC BLOX's own live location map (fetched 2026-09-09) lists only Birmingham and Huntsville in Alabama with no Montgomery entry. An aggregator (servercountry.org) lists this as 40 MW under construction — NOT verified here and not cited. COORDINATES ARE A MONTGOMERY CITY-CENTROID GEOCODE, not the site: the only site detail in a fetched source is the name ""Interstate Industrial Park"", which does not resolve in Nominatim; a secondary search summary placed it off the I-65 Hope Hull exit (roughly 12 miles southwest of the centroid used here) but no page stating that was successfully fetched, so it is not recorded. The coordinate should be tightened before this record is trusted for mapping. No acreage, square footage, job count, timeline or incentive figures appear in any fetched source. Distinct from meta-montgomery-al (different operator and site).",DC BLOX,reported,40.0,planned_maximum,,,2026-09-15,Compute Atlas,dc-blox-montgomery-al,https://www.montgomerychamber.com/blog/press-releases-3604/post/dc-blox-announces-30m-investment-in-new-montgomery-data-center-40072,,planned
SC,Myrtle Beach,confirmed,United States,,,,,33.6746096,-78.9440697,DC BLOX Myrtle Beach Cable Landing Station,"125,000 sq ft and 19 MW at full build-out, in the International Technology & Aerospace Park. Landing point for the Google Firmina and Nuvem cables and Meta's Anjana cable. DC BLOX announced an expansion on 2025-10-14 to add capacity for five more subsea cables. Coordinates come from the named OSM feature for the facility itself. Re-checked 2026-09-10 (DC BLOX's own Myrtle Beach facility page, source dated after this record's 2026-08-26 lastUpdated): status unchanged, still operational (with a second facility on the same campus 'in development' per the expansion announcement) — no flip. energy: confirmed absence — no utility name or grid/on-site-generation disclosure found in any source checked. investmentUsd: confirmed absence — neither the 2023 opening announcement nor the Oct 2025 expansion announcement discloses a dollar figure for Myrtle Beach specifically (DC BLOX's disclosed green-loan financing figures apply company-wide/to other campuses, not this site). aiClassification: left unset — CEO framing ('leverage this infrastructure to create an AI-driven future') is generic aspirational language about the company's broader direction, not a statement that this cable-landing-station site itself is AI-dedicated; not enough to classify. jobs: confirmed absence — no jobs figure in any source checked. subsidies: confirmed absence in every press source checked (DC BLOX's own site, the 2023 opening announcement, the Oct 2025 expansion announcement) — no FILOT or incentive agreement mentioned. This is a press-coverage-level absence only; Horry County's council-minutes/ordinance portal and the ITAP authority's own site were not reachable this session (DNS failures on guessed domains), so a stronger county-tier confirmation is unresolved, not ruled out. community: confirmed absence of independent local-reception reporting — a Sept 8 2026 company-wide 'Community Commitment' pledge announcement references Myrtle Beach only via a linked headline, not in its own body text, so it does not count as site-specific community evidence and was not used to set community.status.",DC BLOX,reported,19.0,planned_maximum,20.0,acre,2026-09-10,Compute Atlas,dc-blox-myrtle-beach-cls-sc,https://www.dcblox.com/dc-blox-opens-myrtle-beach-cable-landing-station/,,planned
SC,North Augusta,reported,United States,,,,,33.4838645,-81.9141182,DC BLOX North Augusta Hyper Edge Data Center,"Sited along Atomic Road near Jefferson Davis Highway; no street number is given by either source, so the coordinate is an Atomic Road geocode (approximate). The 5 MW is the capacity dedicated to the anchor hyperscale client per DC BLOX's own release. Distinct from the tracked DC BLOX Greenville, Myrtle Beach CLS and Camp Hall records.",DC BLOX,reported,5.0,planned_maximum,14.0,acre,2026-09-22,Compute Atlas,dc-blox-north-augusta-sc,https://www.dcblox.com/dc-blox-4-southeast-hyperscale-edge-node-data-centers/,,planned
FL,Palm Coast,confirmed,United States,,,,,29.4858163,-81.1959416,DC BLOX Palm Coast Cable Landing Station,"Subsea cable landing station with colocation in Palm Coast Town Center: one approved building of 33,760 sq ft (FlaglerLive records: 34,875 sq ft incl. guard house), <10 MW at full operation per the city, Tier III design, capacity for up to six subsea cables including Google's Sol (Palm Coast–Bermuda–Azores–Spain). Initial phase expected operational Q1 2027. Original land purchase was 34 acres. DC BLOX cites >$100M potential direct investment over time (not a committed site figure, so not recorded).",DC BLOX,reported,10.0,planned_maximum,,,2026-09-21,Compute Atlas,dc-blox-palm-coast-cable-landing-station-fl,https://www.palmcoast.gov/cls,,planned
IN,Warren Township,confirmed,United States,,,,,39.78,-86.05,DC BLOX Warren Township Data Center,"Three-building campus, scaled back from an original 28MW-larger plan. Capex breakout: $700-800M construction + $1.3-1.4B in 'servers, networking equipment, and AI hardware' per the developer's own figures. Coordinates are approximate.",DC BLOX,reported,78.0,planned_maximum,150.0,acre,2026-09-13,Compute Atlas,dc-blox-warren-township-marion-county-in,https://www.datacenterdynamics.com/en/news/dc-blox-data-center-in-eastern-indianapolis-receives-recommendation-for-approval/,,planned
GA,Conyers,reported,United States,,,,,33.66,-84.02,DC BLOX Atlanta East Hyperscale Data Center Campus,"Coordinates approximate; physical address is 1726 Farmer Road NW, Conyers GA 30012. Land: 72 acres acquired per press release; Georgia EPD permit SAS-2024-00075 references 52.84-acre development footprint with three 40MW buildings. Capacity: 216MW total committed by Georgia Power per utility agreement and DRI filing; DC BLOX facility page cites 154 critical/IT MW (1 × 10MW + 3 × 48MW buildings = 154MW IT load). Phase 1 targeted Q4 2025 delivery (hyperscale anchor + 160,000 sq ft available to additional tenants); non-water-quality construction began December 2025; water-quality permitted work may begin October 2026 with full build taking ~1 year. Dark fiber metro ring planned around Atlanta connecting Atlanta East and Atlanta West campuses and continuing to Myrtle Beach cable landing station. AI/ML applications explicitly cited in press materials as key driver of Atlanta hyperscale demand. DISTINCT from DC BLOX Atlanta West campus in Douglas County (Lithia Springs, ~55 acres, 180MW). Investment amount not publicly disclosed. Job counts not disclosed.",DC BLOX,reported,216.0,planned_maximum,72.0,acre,2026-07-07,Compute Atlas,dcblox-atlanta-east-conyers-ga,https://www.dcblox.com/dc-blox-to-build-hyperscale-ready-data-center-campus-rockdale-county-ga/,,planned
TN,Chattanooga,confirmed,United States,,,,,35.0314592,-85.2975821,DC BLOX Chattanooga (807 E 16th Street),"Colocation facility DC BLOX has operated at this site since 2017; the Times Free Press calls the 9,000 sq ft windowless building the city's largest data center. DC BLOX vice president Bill Thomson states its maximum power capacity is 1 megawatt and it typically runs at about 20% of that, and that this capacity is not enough to run AI servers — hence aiClassification mixed_use rather than likely. The 1 MW figure is recorded as capacityMw.planned because it is a maximum rating, not a measured operating load. CONFIRMED ABSENCES from the same interview (2026-08-23): the site was zoned for light industry and did not require data-center-specific permitting, and DC BLOX has no plans to expand its Chattanooga footprint; its AI-oriented builds are elsewhere in the region. Hamilton County's one-year data-center moratorium covers only unincorporated parts of the county, so it does not reach this site. Coordinates are a geocode of the street address.",DC BLOX,reported,1.0,unknown,,,2026-09-21,Compute Atlas,dcblox-chattanooga-e16th-tn,https://web.archive.org/web/20260824174431/https://www.timesfreepress.com/news/2026/aug/23/where-are-data-centers-in-chattanooga-region/,,operational
TN,Chattanooga,confirmed,United States,,,,,35.0314592,-85.2975821,DC BLOX Chattanooga (807 E 16th Street),"Colocation facility DC BLOX has operated at this site since 2017; the Times Free Press calls the 9,000 sq ft windowless building the city's largest data center. DC BLOX vice president Bill Thomson states its maximum power capacity is 1 megawatt and it typically runs at about 20% of that, and that this capacity is not enough to run AI servers — hence aiClassification mixed_use rather than likely. The 1 MW figure is recorded as capacityMw.planned because it is a maximum rating, not a measured operating load. CONFIRMED ABSENCES from the same interview (2026-08-23): the site was zoned for light industry and did not require data-center-specific permitting, and DC BLOX has no plans to expand its Chattanooga footprint; its AI-oriented builds are elsewhere in the region. Hamilton County's one-year data-center moratorium covers only unincorporated parts of the county, so it does not reach this site. Coordinates are a geocode of the street address.",DC BLOX,reported,1.0,planned_maximum,,,2026-09-21,Compute Atlas,dcblox-chattanooga-e16th-tn,https://web.archive.org/web/20260824174431/https://www.timesfreepress.com/news/2026/aug/23/where-are-data-centers-in-chattanooga-region/,,planned
TN,Nashville,confirmed,United States,,,,,36.0865,-86.74893,DC BLOX Nashville (Grassmere Park),"Status re-checked 2026-09-09: no change, stays proposed. Metro Council authorised eminent domain on 2026-08-04, DC BLOX sued on 2026-08-11, and as of this check no ruling on its preliminary-injunction request has been reported; two zoning challenges are not heard until at least December 2026. investmentUsd left unset - $23 million is the land purchase price, not the project investment, and the widely quoted ""$700 million"" figure could not be sourced to a page fetched in this run.",DC BLOX,reported,50.0,planned_maximum,24.0,acre,2026-09-21,Compute Atlas,dcblox-nashville-grassmere-tn,https://williamsonsource.com/dc-blox-sues-metro-over-blocked-data-center-project-near-nashville-zoo/,,planned
MI,Lansing,reported,United States,,,,,42.747831829239,-84.544559589342,Deep Green Lansing Data Center,"Downtown Lansing infill project on a 2.5-acre city parking lot at Cedar and Larch Street, developed by U.K.-based Deep Green. STATUS CONFLICT, resolved in favour of the later source: the Lansing State Journal source (2026-03) shows the planning commission recommending rezoning, but Gander Newsroom's continuously-updated Michigan tracker (retrieved 2026-09-09) lists the application as WITHDRAWN in April 2026, so status is recorded as 'cancelled'. A withdrawn application is not necessarily permanent abandonment and this should be re-checked before publishing. On the March position: as of the source, the planning commission had only RECOMMENDED rezoning to the city council; no council rezoning or site-plan approval is recorded. The buy-sell agreement gives the city a right to buy the land back if the project does not proceed within two years. No investment figure, job counts, or incentive agreement is stated in the source. Coordinates are the US Census geocoder's match for the Cedar St / N Larch St intersection named in the source; the parcel itself is not confirmed. Investment of $120 million and the 24 MW figure are both from the Gander tracker; the 24 MW also appears in the Lansing State Journal source.",Deep Green,reported,24.0,planned_maximum,2.5,acre,2026-09-14,Compute Atlas,deep-green-lansing-mi,https://www.yahoo.com/news/articles/lansing-city-planning-commission-recommends-110622234.html,,planned
AK,Nikiski,confirmed,United States,,,,,60.6903,-151.2889,Cook Inlet Subsea-Compute & Infrastructure Hub,"The plan calls for 66 modular data-center pods in a 1,650-acre seabed envelope west of Nikiski (East Foreland corridor), 45-166 ft deep, with a 3.5-mile cable to a Nikiski landing. Only preliminary studies are proposed (about $4.5M over 4 years). The pin is the Nikiski hamlet; the site is offshore to the west.",DeepGreen Cook Inlet SPV LLC,reported,100.0,planned_maximum,1650.0,acre,2026-09-28,Compute Atlas,deepgreen-cook-inlet-nikiski-ak,https://www.adn.com/business-economy/2026/08/19/underwater-data-center-proposed-for-alaskas-cook-inlet-by-east-coast-company/,,planned
AL,Columbiana,confirmed,United States,,,,,33.1810918,-86.622753,Digi Power X Columbiana AI Data Center,"SUBSIDY — AUDITED-STYLE NEGATIVE: the Columbiana City Council ""unanimously rejected a tax abatement proposal for Digi Power X"", and the article states ""The only governmental body that has the jurisdiction to give an abatement on taxes for the Columbiana data center is the City Council."" So as of 29 May 2026 this site has NO local tax abatement, and by the reporter's account no other body could have granted one. Digi Power X had requested abatement on ""all state and local non-educational property taxes on the project's industrial development property"" plus construction-related transaction taxes through 2027. A further abatement proposal may come before the council later. ANCHOR TENANT: 10-year master services agreement with Cerebras Systems for colocation of the 40 MW AI data center, ""valued at approximately $1.1 billion with potential for the contract value to reach $2.5 billion, inclusive of renewal terms"" — that $1.1B is CONTRACT VALUE, not capital investment, and is deliberately not recorded as investmentUsd; the $371.5M figure is the stated ""total investment ... in building, machinery and personal property"" from the abatement filing. JOBS: ""Digi Power X plans to start out with two jobs at a total annual payroll of $200,000 and to expand to 45 permanent jobs by year three with a total payroll of $4.5 million"" — the 2 recorded under jobs.construction is actually the year-one headcount, not a construction workforce; the source states no construction-worker count. SITE HISTORY: property purchased by Digihost Technology Inc from Grede II LLC on 21 June 2022 after the Grede Foundry closed in 2020, and run as a bitcoin-mining operation until the January 2025 conversion announcement. Air emissions to be monitored by ADEM. Coordinates are the OSM industrial-park polygon centroid for Industrial Parkway, not a confirmed parcel footprint.",Digi Power X,reported,40.0,planned_maximum,,,2026-09-22,Compute Atlas,digi-power-x-columbiana-al,https://www.shelbycountyreporter.com/news/columbiana-data-center-signs-1b-agreement-future-plans-revealed-f520ff1b/,,planned
WA,Lynnwood,reported,United States,,,,,47.8224039,-122.2896138,Digital Fortress Lynnwood (SEA1),"Operated by Digital Fortress; the building itself has changed hands repeatedly (NetRiver, Bytegrid, Lincoln Rackhouse, Landmark Infrastructure), so no owner is asserted here - only the operator. Total power is not published by the operator and is not recorded.",Digital Fortress,reported,10.0,unknown,,,2026-09-21,Compute Atlas,digital-fortress-lynnwood-wa,https://www.openstreetmap.org/way/589360530,,operational
NJ,Piscataway,confirmed,United States,,,,,40.544144,-74.496592,Digital Fortress PNJ (Piscataway),"96,500 sq ft facility with 9,700 sq ft of white space and 14,000 sq ft of shell space; 1.8 MW UPS N+1 power with 15 kW per cabinet available and 800 tons of chilled-water cooling. Heat-rejection method is not published, so water.coolingType is omitted rather than guessed.",Digital Fortress,reported,1.8,unknown,,,2026-09-21,Compute Atlas,digital-fortress-pnj-piscataway-nj,https://digital-fortress.com/piscataway-data-center/,,operational
OR,Portland,confirmed,United States,,,,,45.52115,-122.68189,Digital Fortress PTL (Downtown Portland 1),"Downtown Portland carrier-neutral colocation site adjacent to the Pittock Block, 10,700 sq ft with 6,700 sq ft of white space and 2.1 MW capacity (Baxtel); NWAX member. Coordinates are the OSM address point for 511 SW 10th Ave (multi-tenant building).",Digital Fortress,reported,2.1,unknown,,,2026-09-17,Compute Atlas,digital-fortress-ptl-portland-or,https://digital-fortress.com/portland-interconnected-data-centers/,,operational
VA,Ashburn,reported,United States,,,,,39.01988,-77.4598033,Digital Realty ACC3,"44520 Hastings, Ashburn VA, part of the legacy DuPont Fabros Ashburn campus acquired by DLR in Sept 2017. 36.4MW critical power capacity. Capacity removed 2026-08-08: the 36.4 MW figure rested solely on a Baxtel listing (an aggregator this project does not treat as a citation). Digital Realty has no ACC3 page — archive.org holds no snapshot of that URL at all — and no other citable source was found.",Digital Realty,reported,36.4,unknown,,,2026-08-16,Compute Atlas,digital-realty-acc3-va,https://baxtel.com/data-center/44520-hastings-acc3-digital-realty,,operational
VA,Manassas,reported,United States,,,,,38.7509,-77.4753,Aurora AI Factory,"Nvidia's 'Aurora AI factory', built by Digital Realty on an existing Digital Realty site near Nokesville Road and Prince William Parkway. Billed as the first facility built to a new industry certification for flexible power, developed by Nvidia with Emerald AI, EPRI and grid operator PJM, and deploying Emerald AI's Emerald Conductor software to shift AI workloads in response to grid conditions. Operator is recorded as Digital Realty (owner/builder); Nvidia is the named tenant. Status is held at under_construction because no source consulted confirms it has entered service, only that operations were 'slated for' the first half of 2026.",Digital Realty,reported,96.0,planned_maximum,,,2026-09-09,Compute Atlas,digital-realty-aurora-ai-factory-manassas-va,http://web.archive.org/web/20260215011608/https://www.datacenterdynamics.com/en/news/nvidia-to-deploy-emerald-ais-orchestration-software-at-96mw-aurora-data-center-in-manassas-virginia/,,planned
NC,Charlotte,confirmed,United States,,,,,35.2422,-80.9562,Digital Realty Moores Chapel Data Center Campus,"12899 Moores Chapel Road, 12 miles west of downtown Charlotte. Two two-story buildings totaling 3 million sq ft across two phases. Site acquired November 2024 for $160 million. If built, would be largest data center in North Carolina. Mecklenburg County Park and Recreation to receive greenway on site. Coordinates are approximate Moores Chapel Road area.",Digital Realty,reported,400.0,planned_maximum,156.0,acre,2026-08-15,Compute Atlas,digital-realty-charlotte-nc,https://www.datacenterdynamics.com/en/news/digital-realty-files-to-develop-400mw-data-center-campus-in-charlotte-north-carolina/,,planned
CA,Oakland,confirmed,United States,,,,,37.7992148,-122.2829762,Digital Realty OAK10,"Established 2007-built, 4-story, 122,000 sq ft (121,220 sq ft raised floor) carrier-neutral colocation facility (15+ ISPs), N+1 UPS redundancy (seven 2MW Hitec Continuous Power Systems units), LEED Gold. No whole-facility MW figure is publicly disclosed by the operator; aggregator listings (datacenters.com, cloudandcolocation.com) repeat a derived ""14.0 MW"" figure (the 7x2MW UPS units summed) that is not an independent primary disclosure - omitted here per this dataset's disclosed-only convention. Coordinates are an OSM building centroid (way/377378597), not parcel-confirmed.",Digital Realty,reported,2.0,unknown,,,2026-09-21,Compute Atlas,digital-realty-oak10-ca,https://www.digitalrealty.com/data-centers/americas/silicon-valley/oak10,,operational
AZ,Tempe,reported,United States,,,,,33.3446197,-111.8992189,Digital Realty PHX (Tempe),"2055 E Technology Circle, Tempe AZ 85284 (former Arizona Republic printing plant, converted 2001; 33.8MW). Marketed under DLR's Phoenix metro directory.",Digital Realty,reported,33.8,unknown,,,2026-07-23,Compute Atlas,digital-realty-phx-tempe-az,https://www.digitalrealty.com/data-centers/americas/phoenix,,operational
CA,Santa Clara,confirmed,United States,,,,,37.37287,-121.946796,"Digital Realty SJC36 (Lafayette Data Center, 2825 Lafayette Street)","Marketed by Digital Realty as SJC36. Adjacent to but distinct from Digital Realty SJC31 (2805 Lafayette) and SJC11 (3011 Lafayette), which are separate existing facilities.",Digital Realty,reported,66.0,planned_maximum,13.04,acre,2026-09-21,Compute Atlas,digital-realty-sjc36-lafayette-santa-clara-ca,https://www.energy.ca.gov/powerplant/reciprocating-engine/lafayette-backup-generating-facility,,planned
CA,Vernon,reported,United States,,,,,33.99951,-118.2252615,Digital Realty Vernon Data Center,"Raw industrial land (5.4 acres, with an existing 1925-era ~235,000-253,200 sq ft building to be redeveloped) purchased for $48.8M, closing November 4, 2025, from Pacific Santa Fe Industrial, LLC; Digital Realty's own Q3 2025 earnings release confirms ~5 acres/~$49M/32MW IT capacity for a Los Angeles-metro site. No AI/HPC-specific marketing found - this is undeveloped land with no announced tenant. Distinct from the already-tracked databank-vernon-la-ca (DataBank/Goodman Group JV) and from Prime Data Centers' operational LAX01 (4701 South Santa Fe Avenue) - trade coverage describing a Prime facility under construction 'across the street' likely refers to a Prime expansion phase near its original campus rather than the original LAX01 building itself. One of at least three independent Vernon data-center developments drawn by Vernon Public Utilities' below-market industrial power rates. Coordinates are an approximate street-level geocode, not a parcel-confirmed point.",Digital Realty,reported,32.0,planned_maximum,5.4,acre,2026-08-02,Compute Atlas,digital-realty-vernon-ca,https://www.bisnow.com/los-angeles/news/data-center-development/digital-realty-buys-vernon-data-center-site-49m-131715,,planned
WI,Wisconsin Rapids,reported,United States,,,,,44.3917589,-89.8228767,DPO Wisconsin Rapids AI Computing Facility,"Pre-development funded by an investor consortium led by Salutem Capital; Stantec providing engineering support. Exact street address and acreage not disclosed in the announcement, so coordinates are the Wisconsin Rapids city geocode. Single-source, hence 'reported'.",Digital Power Optimization,reported,20.0,planned_maximum,10.0,acre,2026-09-13,Compute Atlas,dpo-wisconsin-rapids-hpc-wi,https://www.prnewswire.com/news-releases/dpo-launches-200-million-ai-data-center-development-in-partnership-with-billerud-302359217.html,,planned
CA,Anaheim,confirmed,United States,,,,,33.8366,-117.9143,Eagle Mountain Data OC1 (Anaheim Data Center),"Operator describes OC1 as ""fully energized"" and pre-leasing high-density AI GPU capacity: pre-deployed NVIDIA GB300 clusters, up to 135kW/rack (engineered for 200kW+), direct-to-chip liquid cooling, <1.15 PUE target, zero-water cooling, 100% green utility power, with direct AWS Direct Connect / Azure ExpressRoute connectivity. The operator states OC1 is the first phase of a planned 45MW multi-facility Southern California development — that 45MW figure covers the whole planned program, NOT this single site, so capacityMw is omitted rather than misapplied. No exact street address appears in any source actually fetched in this run: a datacenters.com listing for this facility exists but returned HTTP 429 on fetch and is not used as a source. Location is city-level (Anaheim) only.",Eagle Mountain Data Inc,reported,45.0,unknown,,,2026-09-21,Compute Atlas,eagle-mountain-data-oc1-anaheim-ca,https://eaglemountain.ai/post/eagle-mountain-data-now-offering-high-density-ai-gpu-capacity-at-fully-energized-anaheim-data-center,,operational
IL,Clarksdale,reported,United States,,,,,39.489771,-89.36787,Meridian Technology Park,"Proposed 475-acre, 10-building (100MW each, ~1,000MW total) data center campus in unincorporated Christian County, ~2 miles southwest of Taylorville near Clarksdale. Estimated cost $6B-$8.8B. Earliest construction would not begin before 2028-2029. No formal application had been filed with the county as of the board's first briefing on the proposal; zoning board and county board votes are still pending. Not yet listed on major public data center trackers.",Eagle Rock Partners,reported,1000.0,planned_maximum,475.0,acre,2026-09-25,Compute Atlas,eagle-rock-meridian-technology-park-taylorville-il,https://mlq.ai/news/eagle-rock-partners-proposes-88b-1gw-data-center-campus-in-christian-county-illinois/,,planned
GA,,confirmed,United States,,,,,32.6467914,-83.4351636,Pine Ridge Tech Park,"Up to nine buildings, three substations and two retention ponds on roughly 300 acres of Weyerhaeuser-owned timberland near the Ocmulgee River, served by twin 230 kV lines. Reported 900 MW demand. No corporate lessee had been named at rezoning. Projected taxable value of $2bn is a tax-base figure, not a stated investment, so investmentUsd is omitted. Coordinates are the Twiggs County centroid (OSM Nominatim) — the site is near the county's western river edge, so the pin is indicative only.",Eagle Rock Partners,reported,900.0,planned_maximum,300.0,acre,2026-09-23,Compute Atlas,eagle-rock-pine-ridge-tech-park-twiggs-ga,https://www.gpb.org/news/2025/09/19/rural-twiggs-county-approves-rezoning-for-data-center-city-sized-appetite-for-power,,planned
UT,South Jordan,confirmed,United States,,,,,40.55849,-111.93671,eBay Topaz Data Center,"Subsidies checked at the municipal tier (2026-09-05): no site-level subsidy found. South Jordan's FY2024-25 tentative budget enumerates all 11 RDA/CDA/EDA project areas the city has ever run, active or completed, by name — none is eBay, Topaz, Daybreak, or Kennecott, and the completed pre-2008 areas predate the 2009-built Topaz campus. A separate 2022-adopted CRA (initially mislabeled ""Daybreak Commerce Park"" in a staff-report boilerplate paragraph, formally the Southwest Quadrant Urban Center Community Reinvestment Project Area) was chased down and confirmed to be an unrelated greenfield transit-oriented project led by VP Daybreak Holdings/Larry H. Miller Company, not eBay. Historical state-level GOED EDTIF awards to eBay Inc. (2008 and 2011) are on the public record but are entity-level, not a South Jordan site agreement, and this pass could not independently verify their reported dollar figures. Utah's EDTIF programme excludes data centres and the UCA 59-12-104 exemption is self-executing.",eBay,reported,7.2,unknown,,,2026-08-16,Compute Atlas,ebay-topaz-south-jordan-ut,https://www.datacenterknowledge.com/hyperscalers/ebay-utah-data-center-earns-leed-gold,,operational
CA,Santa Clara,reported,United States,,,,,37.354,-121.955,ECL CSC-1 FlexGrid AI Data Center,"Exact street address not publicly disclosed. Coordinates are Santa Clara city centroid (approximate). Announced April 21, 2026. First phase targets Q4 2026 delivery. ECL CEO Yuval Bachar stated the project addresses SVP grid capacity constraints that have forced other data center developers into multi-year interconnection queues. Project targets AI training and inference workloads.",ECL,reported,35.0,planned_maximum,,,2026-09-29,Compute Atlas,ecl-csc1-santa-clara-ca,https://www.businesswire.com/news/home/20260421198659/en/ECL-35MW-FlexGrid-Powered-Data-Center-in-Santa-Clara-Builds-Atop-On-Grid-Power-for-High-Density-AI-Delivery,,planned
NC,Moncure,reported,United States,,,,,35.6224994,-79.0783143,Triangle Innovation Point West Data Center Campus,"Eco TIP West LLC was founded in 2020 by Kirk J. Bradley, chairman/CEO of Lee-Moore Capital Company; the wider Triangle Innovation Point park is a Lee-Moore / Samet joint venture. Coordinates are the Moncure community centroid, NOT a parcel-confirmed pin — the sources place the ~400-acre heavy-industrial tract in Moncure without giving a street address. The $11M figure reported in coverage is the developer's own predevelopment spend, not a site investment, so investmentUsd is deliberately unset.",Eco TIP West LLC,reported,750.0,planned_maximum,400.0,acre,2026-09-24,Compute Atlas,eco-tip-west-moncure-chatham-county-nc,https://chathamjournal.com/2026/04/25/developer-sues-chatham-county-the-data-center-pause-that-may-define-ncs-ai-era/,,planned
TX,Cedar Creek,confirmed,United States,,,,,30.139438,-97.565051,AUS02 / Cedar Creek Campus,"4-building campus, approximately 140 acres near Wolf Ln/FM 535.",EdgeConneX,reported,384.0,planned_maximum,140.0,acre,2026-08-16,Compute Atlas,edgeconnex-cedar-creek-tx,https://communityimpact.com/austin/bastrop-cedar-creek/government/2026/03/31/edgeconnex-plans-second-data-center-campus-in-bastrop-county/,,planned
IL,Elk Grove Village,reported,United States,,,,,42.0014952,-87.9525624,EdgeConneX CHI02,"Confirmed distinct from CHI01 (osm_id 174242795) on the same official page: CHI02 operational, 7MW N+1, 282,000 sq ft raised floor for tenants. AI/HPC (likely): EdgeConneX and Lambda announced a 23MW single-tenant liquid-cooled AI Factory on EdgeConneX's Chicago (Elk Grove Village) campus for high-density AI/HPC workloads.",EdgeConneX,reported,7.0,unknown,,,2026-09-21,Compute Atlas,edgeconnex-chi02-il,https://www.edgeconnex.com/locations/americas/chicago-il/,,operational
CO,Englewood,reported,United States,,,,,39.5608526,-104.8275475,EdgeConneX DEN01 Denver,"29,800 sq ft facility with 9,300 sq ft of raised floor across two data halls and 3 MW N+1, with an additional 1.5 MW build in progress. EPA ENERGY STAR certified per the operator. On Highfield Parkway in the Meridian/Englewood submarket; coordinates are an approximate street-level point.",EdgeConneX,reported,3.0,unknown,,,2026-08-26,Compute Atlas,edgeconnex-den01-denver-co,https://www.edgeconnex.com/locations/americas/denver-co/,,operational
NV,Las Vegas,reported,United States,,,,,36.0662784,-115.1315773,EdgeConneX Las Vegas (EDCLAS01),Edge colocation facility. Coordinates are an OpenStreetMap house-level geocode of the PeeringDB-registered address.,EdgeConneX,reported,0.75,unknown,,,2026-09-11,Compute Atlas,edgeconnex-edclas01-las-vegas-nv,https://www.peeringdb.com/api/fac?state=NV&limit=200,,operational
OH,New Albany,reported,United States,,,,,40.08878,-82.72274,EdgeConneX MCN New Albany (South Campus),"EdgeConneX's ~$1B multi-phase ""MCN New Albany"" South campus. Per the Ohio Tax Credit Authority scope-of-work filing: Phase I converts a ~525,000 sq ft existing warehouse (9850 Innovation Campus Way) into an 80 MW data center; Phase II proposes two new 72 MW facilities (144 MW) — capacityMw.planned = 224 (80 + 144, IT load). A co-located PowerConneX natural-gas energy center (reported 140–216 MW of generation across sources) is EXCLUDED from capacityMw as on-site generation, not IT load. Footprint spans the South PropCo 2 parcels (~97 ac incl. the built anchor) plus the adjacent North PropCo 1 parcel (3356 Clover Valley Rd NW, 170 ac); ~267 ac combined. ""MCN"" is EdgeConneX's internal project prefix (not publicly decoded). Distinct from EdgeConneX's separate Piper Farms parcel (~5 mi away) and from edgeconnex-ashville-oh (Pickaway County). Public-reception check (2026-09-10): IMPORTANT DISAMBIGUATION: this is EdgeConneX's New Albany/Licking County campus (Innovation Campus Way; Phase 1 120MW, Phase 2 216MW, Phase 3 430MW). It is a SEPARATE EdgeConneX project from the heavily-opposed EdgeConneX proposal in Ashville, Pickaway County, OH (denied annexation 2026-02-02 after packed council meetings and a Change.org petition) -- do not merge that record's contention into this one. For New Albany/Licking County specifically, a land-purchase article (2025, checked 2026-09-10) mentions only general Central Ohio-wide concern that data centers could raise electricity costs, immediately caveated because this project's power comes from dedicated on-site generation (PowerConneX), not the residential grid. No hearing, resident testimony, or official statement specific to this Licking County site was found.",EdgeConneX,reported,224.0,planned_maximum,267.0,acre,2026-09-10,Compute Atlas,edgeconnex-mcn-new-albany-licking-county-oh,https://gis.lickingcounty.gov/server/rest/services/Auditor/Parcels/FeatureServer/0/query?where=UPPER(OwnerName)+LIKE+'%25EDGECONNEX%25'&outFields=*&returnCentroid=true&outSR=4326&f=json,,planned
GA,Union City,confirmed,United States,,,,,33.5870558,-84.5424299,Union City Data Center Campus (EdgeConneX / TA Realty),"Three buildings of roughly 612,000 sq ft each (campus over 2 million sq ft) on 136 acres Microsoft bought in April 2024 for $53.5m. Operator is recorded as EdgeConneX rather than Microsoft because the fetched sources describe Microsoft as the landowner while EdgeConneX and TA Realty lead investment and operations — ownership and operation diverge here. Construction employment is reported as a 400–600 range, so only the permanent figure is recorded. Building 1 is designated AT11 by EdgeConneX; this is NOT Digital Realty's separately tracked ATL11. Coordinates are the Union City centroid (OSM Nominatim); one source lists the mailing address as College Park 30349.","EdgeConneX (campus investment and operations with TA Realty; land owned by Microsoft, site development by Burr Computer Environments)",reported,324.0,planned_maximum,136.0,acre,2026-09-23,Compute Atlas,edgeconnex-union-city-campus-fulton-ga,https://baxtel.com/data-center/microsoft-union-city-campus,,planned
UT,West Valley City,reported,United States,,,,,40.69679,-111.9867,EdgeConneX SLC01,"Subsidies checked at the municipal tier (2026-09-05): no site-level subsidy found. West Valley City's Fund 22 (Redevelopment Agency) adopted budget itemizes every currently active RDA/CRA project area by name with no boundary description resolving to 2302 S President's Dr, and no line item, city filing, or state record names EdgeConneX. Utah's EDTIF programme excludes data centres and the UCA 59-12-104 exemption is self-executing.",EdgeConneX,reported,1.0,unknown,,,2026-08-15,Compute Atlas,edgeconnex-west-valley-city-ut,https://d36oiwf74r1rap.cloudfront.net/wp-content/uploads/2026/04/Data-Center-Growth-FS-Apr2026.pdf,,operational
VA,Culpeper,confirmed,United States,,,,,38.4735,-77.96,EdgeCore Culpeper Data Center Campus,"120 acres inside the 690-acre Culpeper Technology Zone, about 60 miles from Ashburn. capacityMw.planned records the initial 216 MW critical IT load; the 432 MW figure is a potential expansion, not a committed build. Distinct from the already-tracked Red Ace Data Center in Culpeper County (different operator and site) and from EdgeCore's tracked Shannon Hill campus in Louisa County. Coordinates are an approximate geocode of the Culpeper Technology Zone.",EdgeCore Digital Infrastructure,reported,216.0,planned_maximum,120.0,acre,2026-08-27,Compute Atlas,edgecore-culpeper-tech-zone-va,https://edgecore.com/resources/press-releases/edgecore-digital-infrastructure-announces-new-hyperscale-data-center-market-in-culpeper-virginia,,planned
AZ,Florence,reported,United States,,,,,33.1183,-111.4733,Dobson Farms East,"239 acres at the northeast corner of Arizona Farms Road and Attaway Road; conceptual plan shows ten two-story data center buildings of roughly 332,100 sq ft each at about 72 MW apiece, which the source states as 720 MW total. EdgeCore appears as the party behind the concept plans, not yet as a confirmed owner of record. Coordinate derived from the OSM geometries of Arizona Farms Road and Attaway Road.",EdgeCore Digital Infrastructure,reported,720.0,planned_maximum,239.0,acre,2026-09-23,Compute Atlas,edgecore-dobson-farms-east-florence-az,https://pinalpost.com/florence-approves-data-centers-on-1619-acres-as-dobson-farms-becomes-major-tech-park/,,planned
AZ,Mesa,confirmed,United States,,,,,33.375,-111.6497,EdgeCore Mesa Data Center Campus,"Elliot Road Technology Corridor, Mesa. CEO stated 'Greater Phoenix is fast becoming the AI center of the West.' Expansion land purchase adds 43.87 acres to 40-acre original site. EdgeCore raised $2B equity and $2B debt in 2024. Coordinates approximate for Elliot Road corridor. Arizona's data-center sales/use-tax exemption (A.R.S. Sec. 41-1519) applies by statute, but no campus-specific certified award was publicly verifiable (eligibility != confirmed award); the $150M cited is first-building capex and the $2B equity + $2B debt EdgeCore raised in 2024 is corporate financing, not Mesa-campus capex.",EdgeCore Digital Infrastructure,reported,206.0,unknown,84.0,acre,2026-08-08,Compute Atlas,edgecore-mesa-az,https://edgecore.com/edgecore-digital-infrastructure-announces-expansion-of-its-metro-phoenix-data-center-market-to-over-450-mw/,,operational
AZ,Mesa,confirmed,United States,,,,,33.375,-111.6497,EdgeCore Mesa Data Center Campus,"Elliot Road Technology Corridor, Mesa. CEO stated 'Greater Phoenix is fast becoming the AI center of the West.' Expansion land purchase adds 43.87 acres to 40-acre original site. EdgeCore raised $2B equity and $2B debt in 2024. Coordinates approximate for Elliot Road corridor. Arizona's data-center sales/use-tax exemption (A.R.S. Sec. 41-1519) applies by statute, but no campus-specific certified award was publicly verifiable (eligibility != confirmed award); the $150M cited is first-building capex and the $2B equity + $2B debt EdgeCore raised in 2024 is corporate financing, not Mesa-campus capex.",EdgeCore Digital Infrastructure,reported,450.0,planned_maximum,84.0,acre,2026-08-08,Compute Atlas,edgecore-mesa-az,https://edgecore.com/edgecore-digital-infrastructure-announces-expansion-of-its-metro-phoenix-data-center-market-to-over-450-mw/,,planned
NV,McCarran,confirmed,United States,,,,,39.5429755,-119.4851422,EdgeCore Reno Data Center Campus,"Three hyperscale buildings totalling nearly 1 million sq ft at roughly 72 MW each. Sources diverge on framing: the 2023 announcement describes 136 acres in 'north Reno' supporting 400+ MW, while EdgeCore's current location page describes a 56-acre, 216 MW developed phase in the Tahoe-Reno Industrial Center (Storey County). The current page is treated as authoritative for the developed campus; the larger land position is recorded here rather than as capacity.",EdgeCore Digital Infrastructure,reported,216.0,planned_maximum,56.0,acre,2026-09-11,Compute Atlas,edgecore-reno-campus-storey-county-nv,https://edgecore.com/locations/reno-data-center,,planned
VA,,reported,United States,,,,,37.836,-77.988,EdgeCore Shannon Hill Data Center Campus,"697-acre / 3.9M sq ft high-density campus in Shannon Hill Regional Business Park, Louisa County, less than 1 mile from I-64 Exit 148 (Shannon Hill). Coordinates are an approximate geocode of the Shannon Hill interchange, not a parcel-confirmed point. Public-reception check (2026-09-10): Shannon Hill Regional Business Park was rezoned for tech-sector use in 2019, years before EdgeCore's 2025 project announcement, so the campus is permitted by-right and did not trigger a new public rezoning hearing. A July 2025 Louisa County opposition wave (see aws-north-creek-technology-campus-louisa-va) explicitly named EdgeCore Shannon Hill as a separate, not-yet-controversial project at that time. No hearing record, resident objection, or support statement specific to Shannon Hill was found. Checked: DCD's original announcement piece (403'd, could not fetch directly) plus search-indexed coverage confirming the by-right/2019-rezoning status.",EdgeCore Digital Infrastructure,reported,1100.0,planned_maximum,697.0,acre,2026-09-10,Compute Atlas,edgecore-shannon-hill-louisa-va,https://www.datacenterdynamics.com/en/news/edgecore-to-develop-11gw-data-center-in-louisa-county-virginia/,,planned
CA,Santa Clara,confirmed,United States,,,,,37.3832941,-121.9624766,EdgeCore Silicon Valley Campus (Laurelwood Data Center),"Two data center buildings totalling over 540,000 sq ft. The CEQA filing gives the site as 13 acres between Juliette Lane and Laurelwood Road; the operator's page says 12 acres — recorded neither as landAcres because the two sourced figures disagree.",EdgeCore Digital Infrastructure,reported,72.0,planned_maximum,,,2026-09-14,Compute Atlas,edgecore-silicon-valley-santa-clara-ca,https://edgecore.com/locations/silicon-valley-data-center,,planned
GA,Atlanta,reported,United States,,,,,33.749,-84.388,Edged Atlanta (ATL01),"First of three planned buildings on the campus; building one is 27 MW, full campus planned at 168 MW. Supports up to 70 kW/rack air-cooled and 200 kW/rack with liquid cooling.",Edged Energy (Endeavour),reported,27.0,unknown,,,2026-08-28,Compute Atlas,edged-atlanta-tilford-yard-ga,https://www.prnewswire.com/news-releases/edged-data-centers-celebrates-grand-opening-of-new-ultra-efficient-sustainable-data-center-in-atlanta-302228778.html,,operational
GA,Atlanta,reported,United States,,,,,33.749,-84.388,Edged Atlanta (ATL01),"First of three planned buildings on the campus; building one is 27 MW, full campus planned at 168 MW. Supports up to 70 kW/rack air-cooled and 200 kW/rack with liquid cooling.",Edged Energy (Endeavour),reported,168.0,planned_maximum,,,2026-08-28,Compute Atlas,edged-atlanta-tilford-yard-ga,https://www.prnewswire.com/news-releases/edged-data-centers-celebrates-grand-opening-of-new-ultra-efficient-sustainable-data-center-in-atlanta-302228778.html,,planned
IL,Aurora,confirmed,United States,,,,,41.79,-88.284,Edged Chicago Campus — Aurora (ORD01),"Address: 2835 Bilter Rd, Aurora IL (DuPage County). Total campus planned at 96 MW across three buildings. Explicitly purpose-built for high-density AI workloads. Coordinates approximate for Bilter Rd area of north Aurora; address confirmed in operator press release. A confirmed capex figure of ~$300M covers the first building (ORD01-1) only, not the ~96 MW three-building campus; construction-workforce figures (~2,000 full campus) are projections. No Illinois DCEO data-center exemption certification was found for Edged.",Edged US,reported,72.0,planned_maximum,,,2026-07-23,Compute Atlas,edged-aurora-il,https://edged.us/news/edged-us-expands-chicagoland-campus,,planned
OH,New Albany,confirmed,United States,,,,,40.10608,-82.81578,Edged Columbus,"Operational since its September 10-11, 2025 grand opening. 206,000 sq ft, two-story, 14-acre site with 24 MW of critical (IT) capacity per Edged's own release. Purpose-built for AI training and inference; supports up to 70 kW/rack air-cooled and 200 kW/rack liquid-cooled. Uses the ThermalWorks waterless cooling system (design PUE ~1.15). Adjacent parcel 222-001945 (7270 New Albany-Condit Rd, commercial vacant land) is future expansion land, not part of this operational record.",Edged (an Endeavour company),reported,24.0,unknown,14.0,acre,2026-09-21,Compute Atlas,edged-columbus-new-albany-oh,https://gis.franklincountyohio.gov/hosting/rest/services/ParcelFeatures/Parcel_Features/FeatureServer/0/query?where=UPPER(OWNERNME1)+LIKE+'%25EDGED%25'&outFields=*&returnCentroid=true&outSR=4326&f=json,,operational
TX,Irving,reported,United States,,,,,32.8211516,-96.9169508,Edged Dallas (Irving),24 MW of critical IT capacity at 505 N Wildwood Drive. The operator cites a portfolio-average PUE of 1.15 and a 74% reduction in energy overhead against a 1.58 global average. A second 24 MW building on the same Irving campus has separately been reported as approved by Irving City Council; that expansion is not recorded here.,Edged Energy,reported,24.0,unknown,,,2026-08-26,Compute Atlas,edged-dallas-irving-tx,https://edged.us/news/edged-dallas-irving,,operational
IA,Ankeny,confirmed,United States,,,,,41.7297,-93.6058,Edged Ankeny (Des Moines) Data Center,"AI-focused colocation developer (not a Big-5 hyperscaler) building a waterless-cooled, high-density facility at 9100 SE Four Mile Drive, Ankeny (address confirmed via secondary aggregators; coordinates are city-level, not parcel-geocoded — mark approximate). Design PUE 1.15 portfolio-wide; ThermalWorks closed-loop cooling claims >52M gal/yr water savings vs conventional. Third-party trade press (Site Selection Magazine, via search only — not independently fetched) cited a $187M investment and a 105,000 sq ft building; not included here since I couldn't confirm those two figures on a page I fetched myself. Also be aware: a 2024 DCD article (403'd on fetch, so NOT used as a source) described a much larger 'I-80 Commerce Center' two-building proposal (~535K + ~775K sq ft) at what looks like the same general site/intersection under 'Commerce Center LLC' — possibly an earlier or future-phase master plan for the same park. Could not verify, so this record covers ONLY the confirmed Edged 13.2MW project. Worth a follow-up pass to see if the 13.2MW figure has grown, since news headlines referenced the building having since 'topped out.'",Edged Energy,reported,13.2,planned_maximum,17.5,acre,2026-09-16,Compute Atlas,edged-energy-ankeny-ia,https://edged.us/news/des-moines-iowa,,planned
AL,Prichard,confirmed,United States,,,,,30.7387998,-88.0788889,Edged Prichard Data Center (Project Gateway),"Developer site states verbatim: ""8MW, 57,000 SF building – roughly the size of a football field"", ""$93 million investment in the local community"", ""150–200 construction jobs supported during an approximately 18-month construction period"", ""20 permanent full-time positions upon completion"", and ""Approximately $16.7 million in projected annual economic impact, including $8.3 million supporting local schools"". jobs.construction records the LOW end (150) of the stated 150-200 range rather than inventing a midpoint. FOX10 adds the ~20 jobs pay ""over $70,000 annually"". SUBSIDY: no incentive or abatement is mentioned on the developer's project site or in FOX10's coverage; this run did NOT check Prichard or Mobile County records, so that is an unchecked gap, not an audited negative. The $16.7M annual economic impact and $8.3M schools figure are developer projections, not incentives, and are deliberately not recorded as subsidies. STATUS: the developer's own site calls the project ""proposed"" and ""being evaluated""; no construction start is reported. Coordinates are the Prichard municipal centroid — no street address appears in any fetched source.",Edged US,reported,8.0,planned_maximum,,,2026-09-28,Compute Atlas,edged-gateway-prichard-al,https://projectgatewayal.com/,,planned
AZ,Mesa,reported,United States,,,,,33.4152,-111.8315,Edged Mesa Data Center,"Operator-stated densities of 400+ kW per rack with liquid cooling and 120+ kW per rack with air cooling support an AI-capable classification, though no named AI tenant is disclosed. PUE, water-savings and density figures are the operator's own claims from its launch release and are not independently verified. Street address not published.",Edged US,reported,36.0,unknown,,,2026-08-28,Compute Atlas,edged-mesa-az,https://edged.us/news/edged-us-opens-waterless-ai-ready-data-center-in-the-heart-of-arizonas-silicon-desert-tech-corridor,,operational
CT,New Britain,reported,United States,,,,,41.669693,-72.797359,Energy & Innovation Park Data Center (480 Myrtle Street),"Colocation data center planned inside the former Stanley Black & Decker factory on Myrtle Street, anchored by a 19.98 MW fuel-cell microgrid (tracked separately as generate-nb-fuel-cells-new-britain-ct). Hartford Business Journal (2022) describes a '$1 billion, 44-megawatt' colocation project first proposed in 2018. That investment figure covers the whole redevelopment, fuel cells included, not the data center alone. Baxtel describes Phase II (data center in the main factory building) as following Phase I (the fuel-cell grid). No fetched source shows data-center construction or a tenant as of 2026-09-30. A $55.2M sales-tax exemption appears in DCD coverage, but that page returned HTTP 403 and is not cited or recorded.",EIP Investment,reported,44.0,planned_maximum,,,2026-09-30,Compute Atlas,eip-energy-innovation-park-new-britain-ct,https://hartfordbusiness.com/article/new-britain-data-center-fuel-cell-project-aims-to-move-forward-with-changes/,,planned
TX,Austin,reported,United States,,,,,30.3428035,-97.6961735,Element Critical Austin One,"Confirmed via operator's own official facility page and current brochure PDF (elementcritical.com/wp-content/uploads/2025/03/...). Address 8025 N Interstate Hwy 35, Austin, TX 78753. 5MW, 62,300 sq ft.",Element Critical,reported,5.0,unknown,,,2026-09-21,Compute Atlas,element-critical-austin-one-tx,https://elementcritical.com/data-centers/austin-data-center/,,operational
IL,Wood Dale,reported,United States,,,,,41.9757324,-87.9646913,Element Critical Chicago One,"Confirmed via operator's own facility page. Address 711 N. Edgewood Avenue, Wood Dale, IL. Operator markets '30 years never down' track record. Distinct site from Chicago Two.",Element Critical,reported,7.0,unknown,,,2026-09-21,Compute Atlas,element-critical-chicago-one-il,https://elementcritical.com/data-centers/chicago-one/,,operational
IL,Wood Dale,reported,United States,,,,,41.9742269,-87.9671756,Element Critical Chicago Two,"Confirmed via operator's own facility page. Address 341 Haynes Drive, Wood Dale, IL — distinct street address from Chicago One, so not a duplicate of osm_id 384690290. 2N redundant colo, 5MW, 26,000 sq ft raised floor.",Element Critical,reported,5.0,unknown,,,2026-09-21,Compute Atlas,element-critical-chicago-two-il,https://elementcritical.com/data-centers/chicago-two/,,operational
MN,Elk River,confirmed,United States,,,,,45.3187147,-93.5864375,Elk River Data Center (Elk River Capital / Swervo Development),"Proposed converting a vacant, ~62,000 sq ft former injection-molding building into a 33MW data center. Elk River City Council unanimously rejected the zoning amendment 2026-07-06; the developer withdrew its application shortly after.",Elk River Capital LLC (Swervo Development Corp affiliate),reported,33.0,planned_maximum,,,2026-09-18,Compute Atlas,elk-river-capital-swervo-mn,https://www.thegazette.com/data_centers/across_america/minnesota-elk-river-data-center-developer-withdraws-application/article_61f12c2b-f46b-46e4-8ad9-bd0f86d3ff60.html,,planned
NC,Rocky Mount,reported,United States,,,,,35.941,-77.734,Kingsboro AI Data Center Campus,"$19.2B, 900 MW AI data-center campus on ~155 acres in Kingsboro Business Park between Rocky Mount and Tarboro, Edgecombe County. County cleared the way in Nov 2025 by amending its development ordinance; buildout planned across ~24 phases over 3-5 years. Twin campus announced for Fayetteville.",Energy Storage Solutions,reported,900.0,planned_maximum,155.0,acre,2026-08-15,Compute Atlas,energy-storage-solutions-kingsboro-edgecombe-county-nc,https://www.rockymounttelegram.com/news/local/county-oks-amending-ordinance-to-allow-for-a-data-center-at-kingsboro-business-park/article_64e09f70-9b18-48fd-84a9-a6ec6dae950e.html,,planned
TX,Snyder,reported,United States,,,,,32.7138,-100.9112,Energy Vault Snyder AI Campus,"Phased buildout: ~8 MW initial phase, ~25 MW phase two, with up to 500 MW long-term expansion planned. Uses Crusoe Spark modular data center units under a commercial agreement with Crusoe Cloud. Target commercial operation Q1 2027.","Energy Vault, Inc.",reported,500.0,planned_maximum,,,2026-09-08,Compute Atlas,energy-vault-snyder-scurry-county-tx,https://usdatacenterprojects.com/texas/energy-vault-breaks-ground-on-ai-data-center-campus-in-snyder-texas,,planned
VA,Ashburn,confirmed,United States,,,,,39.0437,-77.4875,Equinix Ashburn Campus (DC1–DC15),,Equinix,reported,500.0,unknown,,,2026-09-14,Compute Atlas,equinix-ashburn-va,"https://en.wikipedia.org/wiki/Ashburn,_Virginia#Data_centers",,operational
MA,Somerville,confirmed,United States,,,,,42.377932,-71.080419,Evocative BOS1 (Somerville),"Formerly Internap/INAP Boston; acquired by Evocative. Marketed as ""Boston"" but sited in Somerville at 50 Inner Belt Road - a different building and operator from the tracked CoreSite BO1 at 70 Innerbelt Road. The 6 MW figure is total utility power stated by the operator, not IT load.",Evocative,reported,6.0,unknown,,,2026-09-15,Compute Atlas,evocative-bos1-somerville-ma,https://www.evocative.com/data-centers/boston/,,operational
NJ,Secaucus,confirmed,United States,,,,,40.787662,-74.068015,Evocative EWR1 (Secaucus),"105,000 sq ft with 10 MW total capacity, fed by 2 x 5 MW diverse underground feeds expandable to 20 MW, and four 2 MW generators in N+1 rated for 48 hours at 100% load.",Evocative,reported,10.0,unknown,,,2026-09-14,Compute Atlas,evocative-ewr1-secaucus-nj,https://evocative.com/data-centers/secaucus-nj-data-center-ewr1/,,operational
MD,Baltimore,reported,United States,,,,,39.2746554,-76.5916709,Expedient Baltimore - Tide Point,"Located at 1050 Hull Street, Suite 150, Baltimore, MD 21230, in the Tide Point complex. 2MW critical power, 23,083 sq ft. Not named on Expedient's own /baltimore/ page (which foregrounds BWI1) but confirmed real and currently marketed via multiple independent colo directories.",Expedient,reported,2.0,unknown,,,2026-07-22,Compute Atlas,expedient-baltimore-tide-point-md,https://www.datacenters.com/expedient-baltimore-tide-point,,operational
MD,Owings Mills,reported,United States,,,,,39.4273178,-76.8115503,Expedient BWI1 (Owings Mills),"Confirmed via official Expedient directory: 11155 Red Run Blvd, Suite 200, Owings Mills, MD 21117. 800kW critical IT load, 22,000 sq ft. Distinct from the Tidepoint facility in Baltimore city.",Expedient,reported,0.8,unknown,,,2026-08-26,Compute Atlas,expedient-bwi1-owings-mills-md,https://www.expedient.com/data-centers/baltimore/,,operational
OH,Upper Arlington,reported,United States,,,,,40.0578366,-83.078426,Expedient CMH1 (Upper Arlington),"21,591 sq ft total with 9,300 sq ft raised floor; 1.6 MW critical IT load and 3.5 MW total generator capacity. capacityMw records the critical IT load, not generator capacity. Coordinates are a street-address geocode.",Expedient,reported,1.6,unknown,,,2026-08-27,Compute Atlas,expedient-cmh1-upper-arlington-oh,https://expedient.com/data-centers/columbus/,,operational
OH,Dublin,confirmed,United States,,,,,40.0907697,-83.1539198,Expedient CMH2 (Dublin),"29,208 sq ft total with 10,500 sq ft raised floor; 4.8 MW critical IT load and 6.0 MW total generator capacity. Coordinates are a street-level geocode.",Expedient,reported,4.8,unknown,,,2026-08-27,Compute Atlas,expedient-cmh2-dublin-oh,https://expedient.com/data-centers/columbus/,,operational
OH,Lewis Center,reported,United States,,,,,40.1533067,-82.9614584,Expedient CMH3 (Lewis Center),"102,000 sq ft total with 39,600 sq ft raised floor; 7 MW critical IT load and 10 MW total generator capacity. The street number would not geocode, so coordinates are a road-level geocode of E. Powell Road in Orange Township — approximate.",Expedient,reported,7.0,unknown,,,2026-08-27,Compute Atlas,expedient-cmh3-lewis-center-oh,https://expedient.com/data-centers/columbus/,,operational
TN,Memphis,confirmed,United States,,,,,35.062965,-89.786143,Expedient Memphis (MEM1),The 1.5 MW value is the operator's stated critical IT load; aggregator listings circulating an 8 MW figure were not used.,Expedient,reported,1.5,unknown,,,2026-09-21,Compute Atlas,expedient-memphis-tn,https://www.peeringdb.com/api/fac?id=8473,,operational
WI,Franklin,reported,United States,,,,,42.8631424,-87.9778759,Expedient MKE1 (Milwaukee/Franklin),"4777 W Ironwood, Franklin, WI 53132. 1.6MW critical IT load, 27,000 sq ft, 2N UPS. Confirmed via Expedient's own directory listing Milwaukee metro (facility physically in Franklin, WI).",Expedient,reported,1.6,unknown,,,2026-07-23,Compute Atlas,expedient-mke1-milwaukee-franklin-wi,https://www.expedient.com/data-centers/milwaukee/,,operational
PA,Pittsburgh,reported,United States,,,,,40.427371,-80.0425212,Expedient PIT1 (Green Tree / Pittsburgh South),"810 Parish St, Pittsburgh, PA 15220 (Green Tree neighborhood). Site code PIT1, 1.8MW critical IT load, 26,000 sq ft. 'Pittsburgh South' is the OSM/aggregator alias (confirmed same address on datacentermap.com) -- this is Expedient's official PIT1/Green Tree facility, distinct from PIT2/North Shore which is not among the candidates.",Expedient,reported,1.8,unknown,,,2026-07-23,Compute Atlas,expedient-pit1-green-tree-pittsburgh-south-pa,https://www.expedient.com/data-centers/pittsburgh/,,operational
UT,Draper,reported,United States,,,,,40.52478,-111.8628,FiberState SLC1,"Subsidies checked at the municipal tier (2026-09-08): no site-level subsidy found. Draper City's Community Reinvestment Agency's FY2025-26 adopted budget itemizes six active project areas (West Freeway, Sand Hills, Crescent, East Bangerter, Frontrunner, South Mountain) with no line item for this site; the FY2022 audited financial statements (the most recent located) name only three abatement recipients citywide (Utah Steakburgers, BG Vista/Draper Holdings, Pluralsight), none a data centre. Utah's EDTIF programme excludes data centres and the UCA 59-12-104 exemption is self-executing.",FiberState,reported,4.0,unknown,,,2026-08-15,Compute Atlas,fiberstate-draper-ut,https://d36oiwf74r1rap.cloudfront.net/wp-content/uploads/2026/04/Data-Center-Growth-FS-Apr2026.pdf,,operational
NH,Manchester,confirmed,United States,,,,,42.9720295,-71.4705697,FirstLight Manchester Data Center,"Distinct from the existing FirstLight Portsmouth, NH record and from Consolidated Communications' separate Manchester site (770 Elm St, ~2 miles away) -- this facility is at 77 Sundial Ave. OSM matches a building named 'Sundial Center' spanning street numbers 1/3/25/77 Sundial Avenue (way/183679768), used in preference to the nearby US Census interpolation. Baxtel's New Hampshire directory page lists this site at roughly 14,000 sq ft; the facility-specific page describes it as a 'Tier II facility,' 'fully operational,' with power/space figures redacted pending direct contact with the operator. No numeric MW capacity confirmed.",FirstLight Fiber,reported,2.0,unknown,,,2026-09-21,Compute Atlas,firstlight-manchester-nh,https://baxtel.com/data-center/new-hampshire,,operational
TN,Nashville,confirmed,United States,,,,,36.1667902,-86.7973014,Fisk University Quantum Leap Innovation & Technology Center,"Announced May 2026 as the anchor of Fisk's ~$1 billion ""Quantum Leap"" campus master plan. The 100,000 sq ft Innovation & Technology Center splits into 30,000 sq ft of academic space and a 70,000 sq ft, 30MW technology shell that DCD reports will be set aside for a data-center partner not yet named; the $400m figure is that portion of the project, not the whole master plan. Fisk itself avoids the phrase ""data center"" and calls it an Innovation & Technology Center. Site is five undeveloped acres, a former athletics track just west of Johnson Gymnasium at 17th Avenue North and Herman Street in the 37208 ZIP. Still awaiting Nashville Metropolitan Planning Commission approval as of the sources' dates, so status is proposed. Coordinates are a geocode of Herman Street within 37208, not a parcel; no source states lat/lon. No subsidy agreement is mentioned in either source.",Fisk University,reported,30.0,planned_maximum,5.0,acre,2026-09-21,Compute Atlas,fisk-quantum-leap-nashville-tn,https://web.archive.org/web/20260819034031/https://www.datacenterdynamics.com/en/news/fisk-university-looks-to-build-data-center-in-nashville-tennessee/,,planned
NV,McCarran,reported,United States,,,,,39.53,-119.43,Fleet Data Centers Storey County Campus (South Valley & Peru Ridge),"Two adjacent TRIC campuses (South Valley and Peru Ridge) along USA Parkway in Storey County, dual two-story buildings each, ~769-acre combined footprint and a reported combined ~400MW of critical compute plus ~30MW/campus utility power. Fully leased to an unnamed AA-rated, investment-grade tenant (market cap >$3T) under a ~16.4-year triple-net lease; Fleet closed $4.6B in senior secured notes for a 230MW Storey County campus. Groundbreaking May 2026. Coordinates approximate to the TRIC/USA Parkway area.",Fleet Data Centers,reported,400.0,planned_maximum,769.0,acre,2026-08-14,Compute Atlas,fleet-data-centers-storey-county-nv,https://www.datacenterdynamics.com/en/news/fleet-data-centers-closes-46bn-in-senior-secured-notes-for-230mw-storey-county-campus/,,planned
GA,Alpharetta,reported,United States,,,,,34.0869864,-84.2518184,Flexential Atlanta - Alpharetta Data Center,Baxtel corroborates 3 Atlanta-market Flexential sites (incl. new Norcross 2 under construction).,Flexential,reported,6.0,unknown,,,2026-09-21,Compute Atlas,flexential-atlanta-alpharetta-data-center-ga,https://www.flexential.com/data-centers/ga/atlanta/alpharetta-data-center,,operational
GA,Douglasville,reported,United States,,,,,33.7310574,-84.6160809,Flexential Atlanta - Douglasville 1,"1700 N River Rd, 205,000 sqft, 22.5MW, Gen 5 design. AI/HPC (confirmed): DigitalOcean GPU Droplets on NVIDIA H200 + AMD Instinct, two data halls.",Flexential,reported,22.5,unknown,,,2026-09-21,Compute Atlas,flexential-atlanta-douglasville-1-ga,https://www.flexential.com/data-centers/ga/atlanta/douglasville-data-center,,operational
NC,Charlotte,reported,United States,,,,,35.1354147,-80.9368313,Flexential Charlotte - South (CLT01/02/03),"8910 Lenox Pointe Dr Suite A, Charlotte NC 28273, 2.36MW per DataCenterJournal/datacenterHawk (CLT01/02/03 campus).",Flexential,reported,2.36,unknown,,,2026-07-23,Compute Atlas,flexential-charlotte-south-clt01-02-03-nc,https://www.flexential.com/data-centers/nc/charlotte/south-data-center,,operational
UT,Cottonwood Heights,reported,United States,,,,,40.61347,-111.82565,Flexential Cottonwood,"Subsidies checked at the municipal tier (2026-09-08): no site-level subsidy found. Cottonwood Heights' CDRA (created 2006) has established exactly one project area citywide, Canyon Centre CDA (3700 East 7000 South, at Fort Union Blvd/Wasatch Blvd) — a materially different location from this site at 6340 South 3000 East — per a 2024 CDRA project-area analysis; no other project area or agreement is documented. Utah's EDTIF programme excludes data centres and the UCA 59-12-104 exemption is self-executing.",Flexential,reported,2.0,unknown,,,2026-08-15,Compute Atlas,flexential-cottonwood-heights-ut,https://d36oiwf74r1rap.cloudfront.net/wp-content/uploads/2026/04/Data-Center-Growth-FS-Apr2026.pdf,,operational
TX,Dallas,reported,United States,,,,,32.8004101,-96.8193707,Flexential Dallas - Downtown Dallas,Flexential operates multiple Dallas-metro facilities (Richardson/Plano/Downtown); baxtel corroborates 3 Dallas-market sites.,Flexential,reported,6.66,unknown,,,2026-09-21,Compute Atlas,flexential-dallas-downtown-dallas-tx,https://www.flexential.com/data-centers/tx/dallas/downtown-data-center,,operational
TX,Plano,reported,United States,,,,,33.007033,-96.6663507,Flexential Dallas - Plano,"Gen 4, 261,400+ sqft, up to 80kW+/cabinet liquid cooling - distinct site from Richardson. AI/HPC (confirmed): CoreWeave 13MW liquid-cooled high-density GPU deployment, up to 80kW/rack.",Flexential,reported,13.0,unknown,,,2026-09-21,Compute Atlas,flexential-dallas-plano-tx,https://www.flexential.com/data-centers/tx/dallas/plano-data-center,,operational
CO,Englewood,reported,United States,,,,,39.558994,-104.8375559,Flexential Denver - Englewood,"8636 S Peoria St, Englewood CO, 18MW per datacentermap corroboration; distinct from Centennial (12500 E Arapahoe Rd) and Downtown Denver (1500 Champa St).",Flexential,reported,18.0,unknown,,,2026-09-21,Compute Atlas,flexential-denver-englewood-co,https://www.flexential.com/data-centers/co/denver/englewood-data-center,,operational
TX,Talty,reported,United States,,,,,32.689,-96.3378,Flexential Kaufman County Campus (Talty),"Fourth and largest Flexential North Texas campus; phase 1 is a 375,000 sq ft, 36MW building with room for two more 36MW buildings (108MW full build-out). Site work targeted early 2027; first customers late 2028. Distinct site from Flexential's existing Dallas Downtown/Plano/Richardson facilities already tracked.",Flexential,reported,108.0,planned_maximum,110.0,acre,2026-09-21,Compute Atlas,flexential-kaufman-county-talty-tx,https://www.prnewswire.com/news-releases/flexential-to-build-new-dallas-area-data-center-campus-on-110-acres-in-kaufman-county-302836104.html,,planned
NV,Las Vegas,reported,United States,,,,,36.1686438,-115.1431445,Flexential Las Vegas - Downtown,"Address ~302-304 E. Carson Ave, Las Vegas. Distinct from Google Henderson (different operator, 15.4km away).",Flexential,reported,1.37,unknown,,,2026-09-21,Compute Atlas,flexential-las-vegas-downtown-nv,https://www.flexential.com/data-centers/nv/las-vegas/downtown-data-center,,operational
NV,North Las Vegas,reported,United States,,,,,36.2481633,-115.1012553,Flexential Las Vegas - North (LAS04),"3330 E Lone Mountain Rd, 111,000+ sqft, 9MW.",Flexential,reported,9.0,unknown,,,2026-07-23,Compute Atlas,flexential-las-vegas-north-las04-nv,https://www.flexential.com/data-centers/nv/las-vegas/north-data-center,,operational
MN,Chaska,reported,United States,,,,,44.8516116,-93.5988964,Flexential Minneapolis - Chaska (MSP01),"3500 Lyman Blvd, Chaska MN 55318, 9MW facility (MSP01) per datacenterHawk/inflect corroboration.",Flexential,reported,9.0,unknown,,,2026-07-23,Compute Atlas,flexential-minneapolis-chaska-msp01-mn,https://www.flexential.com/data-centers/mn/minneapolis/chaska-data-center,,operational
TN,Brentwood,reported,United States,,,,,35.9727294,-86.8084949,Flexential Nashville - Brentwood (NAS01/04),"Address 7100 Commerce Way Suite 25, Brentwood TN 37027 per DataCenterJournal (NAS01/04).",Flexential,reported,1.49,unknown,,,2026-09-21,Compute Atlas,flexential-nashville-brentwood-nas01-04-tn,https://www.flexential.com/data-centers/tn/nashville/brentwood-data-center,,operational
TN,Franklin,reported,United States,,,,,35.951045,-86.833406,Flexential Nashville - Cool Springs,"74,679 sqft, 3.15MW.",Flexential,reported,3.15,unknown,,,2026-07-23,Compute Atlas,flexential-nashville-cool-springs-tn,https://www.flexential.com/data-centers/tn/nashville/cool-springs-data-center,,operational
TN,Franklin,reported,United States,,,,,35.9204203,-86.8155401,Flexential Nashville - Franklin,"6MW facility per DataCenterMap, distinct from Cool Springs (also in Franklin, TN).",Flexential,reported,6.0,unknown,,,2026-07-23,Compute Atlas,flexential-nashville-franklin-tn,https://www.flexential.com/data-centers/tn/nashville/franklin-data-center,,operational
CO,Parker,reported,United States,,,,,39.5620551,-104.8119323,Flexential Parker (Compark),"249,000 sq ft on 17 acres on Compark Boulevard near South Chambers Road. The town of Parker approved rezoning and a data center overlay district in February 2024 after a January 2024 planning-commission approval. A $19.3 million Douglas County business-personal-property tax rebate over 35 years was scheduled for a commissioner vote the week of 2026-08-11; it is not recorded here as a subsidy because the award had not been made as of the source date. County estimate of 16 permanent positions; company representatives suggested 30-50. Coordinates are an approximate Compark Boulevard geocode, not parcel-confirmed. Distinct from Flexential's existing Aurora, Centennial, Downtown and Englewood Denver-market sites.",Flexential,reported,22.5,planned_maximum,17.0,acre,2026-09-30,Compute Atlas,flexential-parker-co,https://www.coloradopolitics.com/2026/08/11/parker-data-center-could-get-19m-tax-rebate-from-douglas-county/,,planned
PA,Collegeville,reported,United States,,,,,40.1522366,-75.4776181,Flexential Philadelphia - Collegeville (PHL01),"101 Troutman Rd, 203,703 sqft, 7MW, NVIDIA DGX-Ready Data Center certified; hosts Penn Advanced Research Computing Center partnership (PRNewswire) - real AI/HPC evidence.",Flexential,reported,7.2,unknown,,,2026-09-21,Compute Atlas,flexential-philadelphia-collegeville-phl01-pa,https://www.flexential.com/data-centers/pa/philadelphia/collegeville-data-center,,operational
AZ,Phoenix,reported,United States,,,,,33.6846775,-112.0983398,Flexential Phoenix - Deer Valley,"1850 W Deer Valley Rd, Phoenix AZ 85027, 5.02MW facility per datacenterHawk corroboration.",Flexential,reported,5.02,unknown,,,2026-07-23,Compute Atlas,flexential-phoenix-deer-valley-az,https://www.flexential.com/data-centers/az/phoenix/deer-valley-data-center,,operational
OR,Hillsboro,reported,United States,,,,,45.5498253,-122.8908454,Flexential Portland - Hillsboro 1 (PDX01),"3935 NE Aloclek Dr Building C, Hillsboro OR, 5.3MW (PDX01) per DataCenterJournal/baxtel.",Flexential,reported,5.3,unknown,,,2026-07-23,Compute Atlas,flexential-portland-hillsboro-1-pdx01-or,https://www.flexential.com/data-centers/or/portland/hillsboro1-data-center,,operational
OR,Hillsboro,reported,United States,,,,,45.558302,-122.9171647,Flexential Portland - Hillsboro 2,"18MW, 5737 NE Huffman St, subsea cable termination point.",Flexential,reported,18.0,unknown,,,2026-07-23,Compute Atlas,flexential-portland-hillsboro-2-or,https://www.flexential.com/data-centers/or/portland/hillsboro2-data-center,,operational
OR,Hillsboro,reported,United States,,,,,45.5594805,-122.9382011,Flexential Portland - Hillsboro 3,"5419 NE Starr Blvd, 36MW, distinct site adjacent to Hillsboro 4/5.",Flexential,reported,36.0,unknown,,,2026-07-23,Compute Atlas,flexential-portland-hillsboro-3-or,https://www.flexential.com/data-centers/or/portland/hillsboro3-data-center,,operational
OR,Hillsboro,reported,United States,,,,,45.5553133,-122.9401317,Flexential Portland - Hillsboro 4 (PDX04),"CORRECTED sourceUrl - candidate's supplied URL pointed to Hillsboro 5 page in error. 4915 NE Starr Blvd, 138,000 sqft, 18MW, fully leased, delivers GPU/CPU-ready environments per press coverage.",Flexential,reported,18.0,unknown,,,2026-09-21,Compute Atlas,flexential-portland-hillsboro-4-pdx04-or,https://www.flexential.com/data-centers/or/portland/hillsboro4-data-center,,operational
OR,Hillsboro,confirmed,United States,,,,,45.5564617,-122.9394058,Flexential Portland - Hillsboro 5,"358,000 sq ft two-storey multi-tenant building on the NE Starr Boulevard campus, adjacent to the tracked Hillsboro 4. Built as a T5 build-to-suit and bought by Flexential in May 2026.",Flexential,reported,36.0,unknown,,,2026-09-05,Compute Atlas,flexential-portland-hillsboro-5-or,https://www.prnewswire.com/news-releases/flexential-secures-strategic-real-estate-ownership-in-hillsboro-oregon-with-acquisition-of-two-data-center-properties-302783801.html,,operational
OR,Hillsboro,confirmed,United States,,,,,45.5472442,-122.8910057,Flexential Portland - Hillsboro 6,"Planned sixth Flexential building in Hillsboro: 350,000 sq ft, two storeys, 27 MW. Coordinates are a street-level approximation of NE Aloclek Place; the exact parcel has not been geocoded. Local reporting places the project inside the City of Hillsboro's 120-day data-center land-use moratorium adopted 27 July 2026. Public-reception check (2026-09-10): Checked the operator's own acquisition press release (2026-09-10); it covers only market positioning, infrastructure advantages, and financial backing. No community reaction, hearing, or official statement of support/opposition documented in this source.",Flexential,reported,27.0,planned_maximum,,,2026-09-10,Compute Atlas,flexential-portland-hillsboro-6-or,https://www.prnewswire.com/news-releases/flexential-acquires-prime-property-in-hillsboro-plans-new-data-center-as-next-phase-of-expansion-302546009.html,,planned
VA,Richmond,reported,United States,,,,,37.6468902,-77.4386952,Flexential Richmond (RIC01/02),"Address 8851 Park Central Dr, Richmond, VA 23227. Distinct from Mountain Road Technology Park (different operator, 10km away).",Flexential,reported,2.8,unknown,,,2026-09-21,Compute Atlas,flexential-richmond-ric01-02-va,https://www.flexential.com/data-centers/va/richmond/data-center,,operational
NC,Salisbury,reported,United States,,,,,35.6288,-80.5054,Flexential Salisbury (Henderson Grove Church Road),"Developed by Trammell Crow Company with Flexential named as the end user. Distinct from the three tracked Flexential NC sites (Charlotte North, Charlotte South, Raleigh).",Flexential,reported,55.0,planned_maximum,95.0,acre,2026-09-24,Compute Atlas,flexential-salisbury-henderson-grove-nc,https://www.salisburypost.com/2026/08/12/salisbury-planning-recommends-henderson-grove-church-data-center-approval/,,planned
UT,Salt Lake City,reported,United States,,,,,40.7563065,-111.9548375,Flexential Salt Lake City - Downtown,"44,550 sqft, 2.65MW. Subsidies checked at the municipal tier (2026-09-05): no site-level subsidy found. None of Salt Lake City's 8 RDA/CRA project areas' published boundary descriptions place 572 South Delong St inside them — it sits south of Depot District's 400 South line and east of the 9 Line corridor — but this exclusion rests on published boundary descriptions, not a parcel-level GIS overlay (Salt Lake County's parcel viewer could not be queried this session). No source names Flexential in any RDA participation agreement, project-area annual report, or board minutes. Utah's EDTIF programme excludes data centres and the UCA 59-12-104 exemption is self-executing.",Flexential,reported,2.65,unknown,,,2026-07-23,Compute Atlas,flexential-salt-lake-city-downtown-ut,https://www.flexential.com/data-centers/ut/salt-lake-city/downtown-data-center,,operational
UT,Lindon,reported,United States,,,,,40.332648,-111.7278754,Flexential Salt Lake City - Lindon,"HIPAA/HITRUST/PCI-DSS certified facility per WebSearch corroboration; distinct from South Valley/West Jordan site. Subsidies checked at the municipal tier (2026-09-08): no site-level subsidy found. Lindon City's audited FY2024-25 financial statements name exactly one active RDA tax-increment project area (""700 N CDA"") and, under the required GASB 77 tax-abatement disclosure, exactly one RDA abatement agreement citywide (Doug Smith Autoplex/KIA in the ""RDA #3"" project area near Lindon Park Drive) — neither covers 333 South 520 West. Utah's EDTIF programme excludes data centres and the UCA 59-12-104 exemption is self-executing.",Flexential,reported,0.57,unknown,,,2026-09-21,Compute Atlas,flexential-salt-lake-city-lindon-ut,https://www.flexential.com/data-centers/ut/salt-lake-city/lindon-data-center,,operational
UT,Salt Lake City,reported,United States,,,,,40.685569,-111.8850505,Flexential Salt Lake City - Millcreek,"3949 South 200 East, 36,000 sqft, 2N UPS, distinct from Downtown/Fair Park SLC sites. Subsidies checked at the municipal tier (2026-09-05): no site-level subsidy found. Millcreek's West Millcreek CRA — the one project area geographically plausible for 3949 South 200 East, with 200 East as its described eastern boundary — lists exactly three named participation agreements on record (Artesian Springs, Opus Green, The Howick), and none is Flexential or its predecessor brand ViaWest. Two other Millcreek CRAs (Millcreek Center, Woodland Avenue) were ruled out by boundary description on different cross-streets. Utah's EDTIF programme excludes data centres and the UCA 59-12-104 exemption is self-executing.",Flexential,reported,1.92,unknown,,,2026-09-21,Compute Atlas,flexential-salt-lake-city-millcreek-ut,https://www.flexential.com/data-centers/ut/salt-lake-city/millcreek-data-center,,operational
FL,Tampa,reported,United States,,,,,28.0738698,-82.3683619,Flexential Tampa - North (TPA03),8350 Parkedge Dr.,Flexential,reported,3.0,unknown,,,2026-09-21,Compute Atlas,flexential-tampa-north-tpa03-fl,https://www.flexential.com/data-centers/fl/tampa/north-data-center,,operational
FL,Tampa,reported,United States,,,,,28.0372991,-82.5399781,Flexential Tampa - West,"Address 9417 Corporate Lake Dr, Tampa, FL 33634. Distinct from Project Swan (different operator, 52km away).",Flexential,reported,1.81,unknown,,,2026-09-21,Compute Atlas,flexential-tampa-west-fl,https://www.flexential.com/data-centers/fl/tampa/west-data-center,,operational
TX,Abernathy,confirmed,United States,,,,,33.84,-101.84,Fluidstack Abernathy AI Campus,"~120-acre campus in Abernathy (Hale/Lubbock counties). Distinct from the separately-tracked Aligned 'Project Caprock' Abernathy campus (313 acres, different operator/parcel). 168 MW critical IT load (240 MW gross). Google-backed via a ~$1.3B lease obligation backstop. The frequently cited $9.5B is 25-year contracted revenue, not capex (in notes only). NOTE: the Anthropic lease associated with this deal is at TeraWulf's Justified/Hawesville KY campus, not Abernathy. Coordinates are the Abernathy town centroid.",Fluidstack,reported,168.0,planned_maximum,120.0,acre,2026-07-26,Compute Atlas,fluidstack-abernathy-tx,https://www.datacenterdynamics.com/en/news/terawulf-and-fluidstack-to-develop-texas-data-center-in-google-backed-deal/,,planned
TX,,reported,United States,,,,,32.42,-97.78,Fort Spunky,"862 acres, across the Brazos River from the Pecan Plantation community. Water draw up to 20,000 gal/day. Coordinates are approximate.",Pacifico Energy,reported,100.0,planned_maximum,862.0,acre,2026-07-26,Compute Atlas,fort-spunky-pacifico-energy-hood-county-tx,https://www.texastribune.org/2026/06/02/texas-data-centers-hood-county-local-control-rural-water-power/,,planned
PA,Salem Township,reported,United States,,,,,41.1078249,-76.1791155,4-3 Glenbrook Group Salem Township Data Center Campus (Salem 3),"Referred to locally as 'Salem 3'. A 39-building campus (subject to change) assembled from more than 4,000 acres across roughly 194-200 landowners, with at least 80% of the assembled land intended to remain undeveloped green space. Stated potential power demand is roughly 3.5 to 4 gigawatts; capacityMw.planned records the lower bound of that published range. The group describes it as 'an energy and infrastructure development, not simply a data center development', with plans for an accompanying generation facility. Land-purchase figures are reported variously as a $1.2 billion deal and $1.4 billion in land purchases; because these are land prices rather than project investment, no investmentUsd is recorded. Coordinate is a township-centroid geocode shared with the separate QTS 'Salem 2' record.",4-3 Glenbrook Group,reported,3500.0,planned_maximum,4000.0,acre,2026-09-21,Compute Atlas,four-three-glenbrook-salem-township-luzerne-pa,https://www.timesleader.com/news/1745226/1-2-billion-land-deal-for-second-data-center-project-in-salem-township-announced-by-4-3-group,,planned
AZ,Marana,reported,United States,,,,,32.495,-111.198,Luckett Road Data Centers (Fremont Peak Properties),"Two parcels along Luckett Road: north parcel owned by the Church of Jesus Christ of Latter-day Saints (borders Pinal County); south parcel owned by the Kai Family Trust. Fremont Peak Properties LLC (also referenced as 'Humphrey's Peak Properties' in some coverage) is a subsidiary of Beale Infrastructure, backed by Blue Owl Capital; connected to, but a distinct site from, the separately-tracked 'Project Blue' Beale/Blue Owl effort in unincorporated Pima County near Tucson, and from Beale's separately-tracked Project Pilot in De Soto, KS. Developer projects ~400 permanent and ~4,200 temporary construction jobs (Chamber of Southern Arizona estimate) - not yet delivered, so omitted from the jobs field. No explicit AI/GPU branding found in coverage; classified 'likely' given Blue Owl Capital's profile as a major AI-datacenter-era infrastructure investor. Coordinates are approximate for the Luckett Road parcels.",Fremont Peak Properties LLC (Beale Infrastructure),reported,1500.0,planned_maximum,661.0,acre,2026-08-28,Compute Atlas,fremont-peak-luckett-road-marana-az,https://tucson.com/news/local/environment/article_52f0d4ba-aa9e-4c17-b290-ca3c2ad8d011.html,,planned
TX,McGregor,confirmed,United States,,,,,31.44,-97.4,Project Merlin (Helios II),"~500MW initial phase, up to 3,500MW long-term. 500 acres NE of the SpaceX facility. Second Galaxy Digital Texas site, distinct from the tracked Afton/Dickens County Helios campus.",Galaxy Digital,reported,3500.0,planned_maximum,,,2026-07-26,Compute Atlas,galaxy-digital-mcgregor-tx,https://theenergymag.com/news/2026-06-25/galaxy-digital-ai-data-center-mcgregor-texas,,planned
TX,Afton,confirmed,United States,,,,,33.72,-100.84,Galaxy Helios Data Center Campus,"Built by Argo Blockchain as a ~180 MW Bitcoin-mining facility in 2022; sold to Galaxy Digital in Dec 2022 amid the crypto-market downturn. Galaxy converted the site to AI/HPC hosting for CoreWeave under a 15-year lease signed March 28, 2025. CoreWeave is the anchor tenant using the campus for large-scale AI model training. Phase I (133 MW critical IT load / 200 MW gross) is complete and operational; further phases toward the 1.63 GW approved total remain under construction. Location is near Afton, Dickens County (West Texas). Original site was 160 acres; campus has since expanded to 2,200+ acres across multiple phases. Coordinates are approximate.",Galaxy Digital,reported,200.0,unknown,2200.0,acre,2026-09-27,Compute Atlas,galaxy-helios-dickens-county-tx,https://www.datacenterdynamics.com/en/news/galaxy-secures-approval-for-more-than-800mw-at-helios-campus-in-texas/,,operational
TX,Afton,confirmed,United States,,,,,33.72,-100.84,Galaxy Helios Data Center Campus,"Built by Argo Blockchain as a ~180 MW Bitcoin-mining facility in 2022; sold to Galaxy Digital in Dec 2022 amid the crypto-market downturn. Galaxy converted the site to AI/HPC hosting for CoreWeave under a 15-year lease signed March 28, 2025. CoreWeave is the anchor tenant using the campus for large-scale AI model training. Phase I (133 MW critical IT load / 200 MW gross) is complete and operational; further phases toward the 1.63 GW approved total remain under construction. Location is near Afton, Dickens County (West Texas). Original site was 160 acres; campus has since expanded to 2,200+ acres across multiple phases. Coordinates are approximate.",Galaxy Digital,reported,1630.0,planned_maximum,2200.0,acre,2026-09-27,Compute Atlas,galaxy-helios-dickens-county-tx,https://www.datacenterdynamics.com/en/news/galaxy-secures-approval-for-more-than-800mw-at-helios-campus-in-texas/,,planned
SD,Sioux Falls,confirmed,United States,,,,,43.583,-96.685,Sioux Falls Technology Park (Gemini Data Center),"aiClassification is 'likely' (not 'confirmed'): Gemini is the land developer, no tenant is signed, and only developer aspiration to attract a hyperscale/AI/neocloud tenant is on record. Capacity (500 MW) and acreage per SiouxFalls.Business; an earlier report cited 160 acres. Coordinates are approximate for the northeast Sioux Falls site. As a developer land project with no signed tenant, its water, subsidy, investment, and job figures remain developer projections only (South Dakota has no state income tax and rejected data-center incentive bills); all recorded as honest-zeros pending a confirmed tenant.",Gemini Data Center SD LLC,reported,500.0,planned_maximum,164.0,acre,2026-07-06,Compute Atlas,gemini-data-center-sioux-falls-sd,https://siouxfalls.business/hyperscale-data-center-seeking-city-approvals-to-build-northeast-of-sioux-falls/,,planned
MN,Worthington,reported,United States,,,,,43.62,-95.6,Nobles County Powered Data Park,"Coordinates are approximate (near Worthington, MN).",Geronimo Power (Brookfield Asset Management subsidiary),reported,400.0,planned_maximum,,,2026-08-24,Compute Atlas,geronimo-nobles-county-powered-data-park-mn,https://minnesotareformer.com/2026/04/27/minnesotas-long-predicted-data-center-boom-is-on-shaky-ground/,,planned
IN,,rumored,United States,,,,,38.3079744,-87.5775949,Gibson County Data Center,"Recorded as rumored: two trackers list a 600 MW southwest-Indiana proposal, one attributing it to Gibson County and one to 'Gibson/Posey County', and no county filing or local news naming a Gibson County site was found this session. Kept separate from posey-county-boberg-road-data-center-in, which is a specific, separately sourced Posey County site the commissioners rejected; if a primary source later ties the 600 MW figure to Boberg Road these should be merged. Coordinates are the Gibson County centroid.",Undisclosed,reported,600.0,planned_maximum,,,2026-09-13,Compute Atlas,gibson-county-data-center-in,https://www.cleanview.co/data-centers/indiana,,planned
NC,Mooresville,reported,United States,,,,,35.5634941,-80.8280378,GIGA Data Centers Mooresville Campus,"Opened June 2019 on the site of a former racing facility; 165,800 sq ft. investmentUsd is the stated $20M construction cost; the 21-acre land parcel was purchased separately for $9.5M. COUNTY CORRECTION: the source lists 'Mecklenburg' (evidently from the street name, Mecklenburg Highway) — the address geocodes to Iredell County, which is recorded here. Distinct site from the cancelled Tract Mooresville campus already tracked.",GIGA Data Centers,reported,60.0,unknown,21.0,acre,2026-09-24,Compute Atlas,giga-data-centers-mooresville-nc,https://baxtel.com/data-center/giga-charlotte-mooresville,,operational
CO,Windsor,confirmed,United States,,,,,40.4653149,-104.909,Global AI Windsor Data Center (former Kodak/Carestream campus),"Global AI, a New York-based firm, bought a 438-acre former Kodak/Carestream property in unincorporated Weld County near Windsor in November 2025 and is developing a 41-acre data center on it. Phase 1 is stated at 27.5 MW with an ambition to reach 1 GW; no timeline for later phases has been shared. The company says it plans to operate the site alongside Nvidia and Humain. Coordinates are approximate (former Kodak campus, Eastman Park Drive area), not parcel-confirmed.",Global AI,reported,27.5,planned_maximum,41.0,acre,2026-09-30,Compute Atlas,global-ai-windsor-co,https://www.cpr.org/2026/08/07/weld-county-ai-data-center/,,planned
CA,Daly City,rumored,United States,,,,,37.7061821,-122.4202102,Cow Palace Edge Data Center (Global Stack proposal),"Exploratory only — no lease, application or approval reported; recorded as rumored. San Francisco Supervisor Shamann Walton cited the Cow Palace pitch (bordering District 10) in proposing a citywide data center moratorium.",Global Stack LLC,reported,10.0,planned_maximum,,,2026-09-21,Compute Atlas,global-stack-cow-palace-daly-city-ca,https://missionlocal.org/2026/09/data-center-moratorium-sf-board-of-supervisors/,,planned
MD,Berlin,confirmed,United States,,,,,38.3117282,-75.1228506,Globalinx Fastnet Cable Landing Station,"AWS is the anchor tenant of the Fastnet transatlantic subsea cable (Ocean City, MD to Castlefreke, County Cork, Ireland; ~320 Tbps across 16 fiber pairs); Globalinx's lease agreement was signed late 2025 with a targeted Q3 2027 ready-for-service date and Fastnet operational in 2028. No source fetched this run states a specific street address or parcel — reporting places the site 'near Ocean City Municipal Airport' off Route 611 / Stephen Decatur Highway outside Berlin. Coordinates are therefore a disclosed representative pin at Ocean City Municipal Airport (via OSM Nominatim), NOT a confirmed parcel location; precision is approximate. 24,000 sq ft facility designed to support up to four subsea cable systems; capacityMw.planned=5 reflects the reported scalable-to-5MW power capacity, not a confirmed operational figure.",Globalinx (GLX),reported,5.0,planned_maximum,,,2026-09-13,Compute Atlas,globalinx-fastnet-cls-ocean-city-md,https://www.submarinenetworks.com/en/systems/trans-atlantic/fastnet/globalinx-to-build-a-cable-landing-station-in-maryland-for-aws%E2%80%99s-fastnet-subsea-cable,,planned
CA,San Jose,confirmed,United States,,,,,37.3806176,-121.9337744,Goodman Innovation Centre San Jose (NorthTown Data Center),"Site is 350 & 370 West Trimble Road at Orchard Parkway. The CEC applicant of record for the backup generating facility is GIC San Jose, LLC; Goodman announced the acquisition and redevelopment and renamed the estate. The 45.8 acres is the whole estate; the CEC gives the data center project site as about 28.5 acres.",Goodman Group,reported,97.3,planned_maximum,45.8,acre,2026-09-14,Compute Atlas,goodman-innovation-centre-san-jose-ca,https://www.energy.ca.gov/powerplant/backup-generating-system/northtown-backup-generating-facility,,planned
TX,Claude,confirmed,United States,,,,,34.973,-101.367,Goodnight Campus,"Campus name: Goodnight, near the town of Claude, TX (known address: 10001 Lima Rd, Claude, TX 79019). Coordinates approximate (based on dispatch seed; county parcel area). Developed by Crusoe Energy via entity GN DC1, LLC (Delaware LLC, 255 Filmore St., Denver, CO 80206); Google is the hyperscale tenant/customer, confirmed publicly November 2025. Tax abatement agreement was signed with GN DC1, LLC in late 2024 without publicly naming the tenant. Google confirmed the Crusoe partnership but had not signed an offtake agreement for the on-site gas plant as of early 2026; negotiations on power amounts still ongoing per Google spokesperson. Planned IT capacity: Phase 1 described in tax abatement agreement as 'anticipated to consume up to 530 MW,' 4 buildings each with 4 x 25 MW data halls, on approximately 350 acres; Phase 2 (possible additional 3+ buildings) reported at up to ~500 MW additional; combined full build-out reported as 1 GW+ — all capacity figures are 'up to' ceilings from permit and abatement documents, not firm contracted amounts. Project was scaled back from an original 7-building plan (October 2025 local reporting); 4 buildings with construction permits from TDLR as of early 2026; Crusoe described 3-4 buildings as likely; grading on additional parcels suggests total program may reach 5+ buildings. First phase expected online 2026; initial county PILOT payment expected June/July 2026. The $40B Google Texas investment is a statewide commitment through 2027 covering multiple sites (Armstrong County, Haskell County, Ellis County) with no site-specific investment figure disclosed by Google. A $29B campus investment figure appeared in Aterio/Crusoe reporting — this is a projected ceiling, not a firm committed amount; omitted from investmentUsd per data-rigor policy. Distinct from Google's separate Haskell County TX site and Red Oak (Ellis County) TX sites — do not conflate. Building 3 is scheduled for completion 2026-08-01; Building 4 is due March 2027. Nothing at the campus is yet described as operational.",Google / Crusoe,reported,933.0,planned_maximum,350.0,acre,2026-08-16,Compute Atlas,google-armstrong-county-tx,https://www.datacenterdynamics.com/en/news/google-commits-40bn-to-expand-cloud-and-ai-infrastructure-in-texas-through-2027/,,planned
IA,Council Bluffs,confirmed,United States,,,,,41.167368,-95.792975,Google Council Bluffs Data Center,"Google's flagship Iowa data center in Council Bluffs, Pottawattamie County — operational since 2007, heavily expanded across multiple buildings (the Southlands campus on Bunge Ave among them). Distinct from Google's tracked Cedar Rapids campus and from the separate proposed Google/Tenaska Nebraska project. Per Google's own location page, Google has invested $20B+ across Iowa since 2007 (Council Bluffs + Cedar Rapids combined — not a site-specific figure). No site-specific IT-load MW is disclosed. Coordinates are an approximate geocode of a disclosed campus address; a county-parcel pass could upgrade precision to exact.",Google,reported,407.0,unknown,,,2026-09-21,Compute Atlas,google-council-bluffs-ia,https://datacenters.google/locations/iowa/,,operational
CA,San Jose,confirmed,United States,,,,,37.4256515,-121.9639616,Google 5079–5087 Disk Drive Compute Campus (North San José),"Classification caveat: Google and the City of San José describe an internal R&D/compute-lab facility, while PG&E's CPUC filing describes it as a 250 MW data center load. Recorded as data_center on the strength of the regulatory filing; Google submitted its interconnection application 2025-03-03.",Google LLC,reported,250.0,planned_maximum,,,2026-09-21,Compute Atlas,google-disk-drive-alviso-san-jose-ca,https://docs.cpuc.ca.gov/PublishedDocs/Published/G000/M607/K718/607718746.PDF,,planned
GA,LaGrange,confirmed,United States,,,,,33.039291,-85.0313269,Google LaGrange Data Center,"Announced by Google in 2026 as a planned new Georgia data center. No capacity, investment figure, or construction timeline has been published. Coordinates are the LaGrange city centroid (approximate).",Google,reported,400.0,planned_maximum,,,2026-09-23,Compute Atlas,google-lagrange-ga,https://datacenters.google/locations/,,planned
NE,,reported,United States,,,,,40.474,-96.371,Google Nebraska AI Campus (proposed),"Exact site is unknown and undisclosed. Tenaska has optioned over 2,600 acres across Gage, Lancaster, Otoe, and Cass Counties in SE Nebraska since December 2025. Coordinates are approximate centroid of the Otoe/Gage County search area. Reported capacity range is 1,000–3,000 MW depending on phase; 1,000 MW used as minimum. Google has invested $3.5B in Nebraska since 2019 across existing Papillion, Omaha, and Lincoln data centers. Legislative feasibility depends on LB1261; could be operational by 2029 if approved.",Google,reported,1000.0,planned_maximum,,,2026-09-16,Compute Atlas,google-nebraska-ai-campus-proposed,https://flatwaterfreepress.org/google-proposes-nebraska-data-center-requiring-more-power-than-all-of-lincoln/,,planned
IN,Monrovia,confirmed,United States,,,,,39.57,-86.35,Google Project Louie (Morgan County),"Codename 'Project Louie'; Google initially concealed via shell company 'Woodland Caribou LLC'. Campus totals approximately 550 acres in Morgan Township east of Monrovia (bounded by Keller Hill Rd, N Antioch Rd, SR-42, W Union Church Rd); additional ~80 acres acquired within Monrovia town limits, bringing total Google holdings to ~628 acres. Planned 1,200 MW AES Indiana substation per IURC Cause No. 46394 (filed Apr 22 2026); that figure is the utility substation capacity ceiling, not a confirmed steady-state data center load — treated as notes per spec. Six buildings plus substation planned. Reported total investment ~$1 billion (IDS News; not confirmed as a firm Google-stated commitment — left out of investmentUsd). Land acquisition spend: ~$78 million for ~15 parcels Sep–Nov 2025. Coordinates approximate (site east of Monrovia near SR-42/Keller Hill Rd area). Annexation dispute with Town of Monrovia active July 2026: county transferred Google parcels to RDC under IC 36-4-3-4.3 to block annexation; Google offered $12M sewer plant upgrade to Monrovia to drop the effort.",Google,reported,390.0,planned_maximum,550.0,acre,2026-08-05,Compute Atlas,google-project-louie-monrovia-in,https://www.datacenterdynamics.com/en/news/google-behind-390-acre-data-center-development-in-morgan-county-indiana/,,planned
MO,Kansas City,confirmed,United States,,,,,39.274,-94.651,Google Project Mica,"Five hyperscale data center buildings on 493 acres, northeast of I-435 and US-169 in KC Northland (near Smithville, Clay County). Google committed $1.5M to Smithville School District and $250K to Northland Career Center. Coordinates are approximate for the site northeast of the I-435/US-169 interchange.",Google,reported,500.0,planned_maximum,493.0,acre,2026-08-24,Compute Atlas,google-project-mica-kc-northland-mo,https://www.kctv5.com/2025/07/29/10b-500-acre-tech-campus-gets-stamp-approval-near-smithville/,,planned
AZ,Mesa,confirmed,United States,,,,,33.3764,-111.6199,Google Redhawk Mesa Data Center Campus,"Three-phase campus through 2030; originally filed anonymously as Project Red Hawk via LLC Stone Applications. Phase 1 operational July 2025. Phase 2 under construction. Coordinates at Elliot and Sossaman roads, SE Mesa. 2019 development agreement requires >=$600M capex by 2025, >=$1B by 2029, 750,000 sq ft built by 2030, and a >=$65,000 average full-time data-center salary; construction workforce has been cited around 1,200 (an estimate, not a permanent-jobs count). Status reflects Phase 1 (Redhawk 1), operational since July 2025; Phases 2 and 3 remain under construction, which is why Google's own US locations index still lists Mesa under sites in development.",Google,reported,400.0,planned_maximum,187.0,acre,2026-08-31,Compute Atlas,google-redhawk-mesa-az,https://www.datacenterdynamics.com/en/news/google-breaks-ground-on-mesa-data-center-campus-in-arizona/,,planned
MO,New Florence,confirmed,United States,,,,,38.791,-91.508,Google Project Spade Campus,"DISTINCT from aws-green-new-florence-mo (AWS Project Green): the two are on opposite sides of I-70 (Project Green north; Project Spade south, SE quadrant of the I-70/Hwy 19 interchange) - independently verified via DCD and Columbia Missourian. Site ~934 acres (~780 unincorporated + ~130 in New Florence). Developer: Related Digital. Campus targets 1.2 GW. INVESTMENT OMITTED: the $15B is Google's Missouri-STATEWIDE infrastructure pledge ('Google will invest $15 billion in building infrastructure in Missouri, including a data center in New Florence'); the campus itself is described only as 'multi-billion-dollar', so no firm campus investmentUsd is recorded. Amended from three buildings to two ~800,000 sq ft buildings; first operations targeted 2028. ~2,000 construction jobs and 'hundreds' of permanent jobs are projections (in notes, not jobs). Coordinates are an approximate site centroid (no verified parcel record).",Google,reported,1200.0,planned_maximum,934.0,acre,2026-07-25,Compute Atlas,google-spade-new-florence-mo,https://www.datacenterdynamics.com/en/news/google-pledges-15bn-investment-in-new-florence-missouri/,,planned
OR,The Dalles,confirmed,United States,,,,,45.5975,-121.1776,Google The Dalles Data Center Campus,,Google,reported,300.0,unknown,,,2026-09-17,Compute Atlas,google-the-dalles-or,"https://en.wikipedia.org/wiki/The_Dalles,_Oregon#Google_data_centers",,operational
PA,Clifton Township,reported,United States,,,,,41.195,-75.595,Gouldsboro Data Center Campus (Project Gold),"Five two-story data center buildings across three campuses in Clifton and Covington townships along Route 380, on roughly 390 acres of Clifton Road properties plus a 144-acre parcel at Routes 611 and 380. The settlement raised the permitted height from 35 to 65 feet (80 feet with rooftop equipment), requires technology reducing backup generator counts, and commits the developer to abandon nuclear and cycle gas-fired generation on the southeast campus. landAcres omitted because the source gives parcel-by-parcel acreage rather than a campus total.",1778 Rich Pike LLC,reported,1500.0,planned_maximum,,,2026-08-17,Compute Atlas,gouldsboro-project-gold-clifton-covington-lackawanna-pa,https://www.wvia.org/news/local/2026-01-03/clifton-twp-supervisors-settle-with-data-center-developer-residents-promise-litigation,,planned
CO,Sterling,reported,United States,,,,,40.6255415,-103.207709,Granite Renewables Logan County Data Center Campus,"Proposed hyperscale campus roughly 21 miles northwest of Sterling, 8-10 miles from the Nebraska border, discussed as up to 2 GW on about 4,000 acres. A $15 billion figure was attributed to a speaker describing investment across the corridor between Sterling and the Nebraska border, so it is deliberately NOT recorded as this site's investment. Coordinates are the Sterling town centroid (approximate); the site itself is northwest of town and has no confirmed parcel.",Granite Renewables,reported,2000.0,planned_maximum,4000.0,acre,2026-08-26,Compute Atlas,granite-renewables-logan-county-co,https://pagosadailypost.com/2025/12/17/big-pivots-massive-data-center-slated-for-northeastern-colorado-part-one/,,planned
NM,Socorro,reported,United States,,,,,34.0584,-106.8914,Green Data Socorro Campus,"Never permitted or built. New Mexico Tech declined to proceed on June 2, 2026 and the county imposed a moratorium a week later; the developer subsequently pursued a separate proposal at Spaceport America in Sierra County. Neither Green Data nor CEO Jason Bak has previously completed a data center.",Green Data (Green Data Centers),reported,2000.0,planned_maximum,10000.0,acre,2026-08-08,Compute Atlas,green-data-socorro-county-nm,https://www.datacenterdynamics.com/en/news/plans-for-10000-acre-data-center-scrapped-in-socorro-new-mexico/,,planned
NM,,reported,United States,,,,,32.9903,-106.9698,Green Data Spaceport America Data Center,"Sited on state trust land inside Spaceport America's 18,000-acre lease outside Truth or Consequences. Current plan would occupy 21 acres within the horizontal launch area, possibly plus 30 additional acres. Spaceport America says discussions with Green Data have been ongoing since 2021 and that the project 'is not a relocation of the Socorro proposal'; only 'limited planning agreements' are in effect. Capacity has not been disclosed.",Green Data / Aetherion Inc.,reported,5.0,planned_maximum,21.0,acre,2026-09-10,Compute Atlas,green-data-spaceport-america-sierra-county-nm,https://www.dchieftain.com/news/spaceport-america-data-center-proposal-sparks-curiosity/3086213,,planned
AK,Cordova,confirmed,United States,,,,,60.6099,-145.644,Greensparc Cordova Data Center (Humpback Creek Hydro),"Small edge data center. CleanTechnica reports 170 kW of computing capacity. The pin is the OSM centroid of Humpback Creek, not the plant's footprint.",Greensparc,reported,0.17,unknown,,,2026-09-28,Compute Atlas,greensparc-cordova-ak,https://thecordovatimes.com/2024/04/29/new-data-center-launched-at-cec-hydro-plant-bringing-data-hosting-cloud-service-opportunities-to-community/,,operational
GU,Tamuning,confirmed,United States,,,,,13.4961094,144.7745311,GTA Alupang Data Center (GU3),"GTA's own groundbreaking release (2022-10-06) describes a Tier III, 31,000 sq ft, 4.0 MW data center and cable landing station in the Alupang area, Tamuning, Guam, with Nova/AMORIENT as design-build team; expected-completion estimates varied by source (Q3 2024 per the groundbreaking release, later Q1/Q3 2025 per aggregator listings). Status set to operational on the strength of GTA's own 2026 newsroom article, which states verbatim: ""GTA operates three data centers, with its newest facility, GU3 in Alupang."" Coordinates geocoded via OSM Nominatim on 'Alupang, Guam' (resolved to Alupang Street, Tamuning) -- precision 'approximate', not a confirmed parcel.",GTA (Teleguam Holdings LLC),reported,4.0,planned_maximum,,,2026-09-13,Compute Atlas,gta-gu3-alupang-tamuning-gu,https://news.gta.net/218940-gta-breaks-ground-on-alupang-data-center/,,planned
TX,,rumored,United States,,,,,31.05,-102.88,GW Ranch,"~17 miles north of Fort Stockton. This is fundamentally a power-generation project 'purpose-built to support hyperscale data center operators' (per Data Center Dynamics), but no data center tenant/operator has been named - classified 'rumored' confidence on the data-center use specifically. Distinct from the existing tracked Microsoft/Core Scientific 'Pecos' entries (those are in Reeves County, not Pecos County). Coordinates are approximate. Data center tenant unidentified. Public-reception check (2026-09-10): TCEQ approved the site's air permit (up to 7.65GW gas-fired, authorized to emit 12,000+ tons/yr of regulated pollutants per permitting documents) in early 2026. Checked an oil-and-gas-watchdog outlet (a source that actively covers this project's environmental profile in detail) and it documents no local opposition, hearing record, or resident reaction to GW Ranch specifically -- only industry/regulatory facts. The original DCD source and a second outlet (Inside Climate News) both 403'd on fetch. No community-reception record found in the source actually retrieved.",Pacifico Energy,reported,7650.0,planned_maximum,8000.0,acre,2026-09-10,Compute Atlas,gw-ranch-pacifico-energy-pecos-county-tx,https://www.datacenterdynamics.com/en/news/pacifico-energy-unveils-5gw-offgrid-natural-gas-project-in-texas-slated-to-serve-a-hyperscale-data-center/,,planned
NY,Lockport,confirmed,United States,,,,,43.16879237433895,-78.7516290070774,H5 Data Centers Buffalo I (formerly Yahoo Lockport),"5319 Enterprise Dr, Lockport, NY. Built by Yahoo in 2010 (opened at 155,000 sq ft, expanded since); campus totals 409,200 sq ft / 43 acres SHARED with the separate H5 Buffalo II building (~0.25 mi away — see that record). H5 Data Centers acquired both Lockport buildings from Yahoo in a sale-leaseback deal that closed Dec 30, 2024 ($49M reported); Yahoo signed a 5-year leaseback and remains a tenant on-site (140 staff retained, 15 transferred to H5). Now multi-tenant Tier III colocation, though no tenants beyond Yahoo are independently confirmed. Critical power was 16 MW as of 2014; current total post-expansion not independently disclosed, so capacityMw is deliberately omitted rather than guessed. Coordinates are a campus-level geocode (ConnectBase), not a per-building parcel pin.",H5 Data Centers,reported,15.0,unknown,43.0,acre,2026-09-10,Compute Atlas,h5-buffalo-i-lockport-ny,https://www.datacenterdynamics.com/en/news/h5-acquires-new-york-data-centers-from-yahoo-in-sale-leaseback-deal/,,operational
NY,Lockport,reported,United States,,,,,43.16967580851366,-78.74808845761379,H5 Data Centers Buffalo II,"5365 Crown Dr, Lockport, NY — confirmed as a genuinely separate building (~0.25 mi from H5 Buffalo I / 5319 Enterprise Dr, not a duplicate listing), part of the same Lockport campus. Built 2015 as part of a $170M expansion announced 2013 (the campus's second facility). Acquired by H5 alongside Buffalo I in the same Dec 2024 Yahoo sale-leaseback deal. Specific square footage and power capacity for this building alone are paywalled on data-center directories and not independently confirmed — deliberately omitted rather than estimated from the shared 409,200 sq ft campus total (which spans both buildings). Coordinates are a nearby-offset approximation of the campus location, not an independently confirmed parcel pin for this specific building.",H5 Data Centers,reported,7.2,unknown,,,2026-09-09,Compute Atlas,h5-buffalo-ii-lockport-ny,https://baxtel.com/data-center/h5-buffalo-ii,,operational
AZ,Chandler,reported,United States,,,,,33.2769786,-111.8860302,H5 Data Centers Phoenix (Chandler),"180,000 sq ft purpose-built colocation facility at 2600 W. Germann Road, Chandler, with 26 MW of capacity and Tier III design. Marketed as 'Phoenix' but physically in Chandler. Coordinates geocoded from the cited address; Nominatim returns an OSM feature named 'H5 Phoenix' at that address and the US Census geocoder agrees to ~20 m.",H5 Data Centers,reported,26.0,unknown,,,2026-09-10,Compute Atlas,h5-data-centers-chandler-az,https://h5datacenters.com/phoenix-data-center.html,,operational
OR,Portland,reported,United States,,,,,45.5318147,-122.6839805,H5 Data Centers Portland,"42,000 SF carrier-neutral colocation facility in Portland's Pearl District with N+1 CRAC cooling, N+1 UPS, 2 MW of generator backup and 48-hour diesel runtime. H5 publishes no critical IT-load figure. No H5 site is currently tracked in Oregon.",H5 Data Centers,reported,2.0,unknown,,,2026-09-21,Compute Atlas,h5-data-centers-portland-or,https://h5datacenters.com/portland-data-center.html,,operational
WA,Quincy,confirmed,United States,,,,,47.2334,-119.8528,H5 Data Centers Quincy Campus,"Multi-building Quincy campus (Quincy I, II, III); Quincy I acquired from Intuit in July 2018. A long-operating, Grant County PUD data-center customer not previously tracked.",H5 Data Centers,reported,40.0,planned_maximum,63.0,acre,2026-09-21,Compute Atlas,h5-data-centers-quincy-campus-wa,https://h5datacenters.com/quincy-data-center.html,,planned
CO,Greenwood Village,confirmed,United States,,,,,39.6167549,-104.8916814,H5 Data Centers Denver (Denver Tech Center campus),"Two independent Tier III, concurrently maintainable buildings totaling 300,000 sq ft on a 12-acre campus in the Denver Tech Center; N+1 backup generators with 48-hour diesel runtime, 24/7 on-site staffing. Marketed as Denver's only wholesale colocation facility with ~15 years at 100% uptime. Water/cooling-circuit type not stated in either operator page checked (2026-09-13) — omitted rather than guessed.",H5 Data Centers,reported,17.5,unknown,12.0,acre,2026-09-21,Compute Atlas,h5-denver-greenwood-village-co,https://h5datacenters.com/denver-data-center.html,,operational
NE,La Vista,confirmed,United States,,,,,41.166,-96.075,H5 Data Centers Omaha (La Vista),"234,500 sq ft colocation facility on 32 acres at 10917 Harry Watanabe Parkway in La Vista, Sarpy County, with 17.3 MW of N+1 critical capacity, Tier III design, N+1 chillers and N+1 cooling towers, up to 7 on-net carriers and cloud on-ramps to AWS and Azure. All structured figures come from H5's own facility page fetched this session. The site is widely described in directories as the former Yahoo La Vista data center — H5 is the CURRENT operator and Yahoo the original builder; H5's page does not state the build history, so the Yahoo provenance is left in this note rather than asserted, and should be confirmed against a county assessor record or contemporaneous press before publishing. Coordinates are a street-address approximation, not a parcel geocode. aiClassification is mixed_use: general-purpose multi-tenant colocation, not a confirmed AI training site.",H5 Data Centers,reported,17.3,unknown,32.0,acre,2026-08-14,Compute Atlas,h5-la-vista-ne,https://h5datacenters.com/omaha-data-center.html,,operational
IN,Merom,confirmed,United States,,,,,39.0694,-87.5108,Heartland Industrial Park (Fluidstack Sullivan County Campus),"One site under two names: Potentia Inc. is the site developer of the 1,000-acre Heartland Industrial Park on US 41 near the Merom Generating Station, and Fluidstack is the anchor tenant/operator building the campus (both sources describe the same 15-acre fire-station donation and the same $50M community payment). The 2.1 GW figure is the full-park planned capacity; a separately financed first phase is reported at roughly 430 MW of critical IT load. The $65 billion figure is the announced site investment, driven by tenant and partner spending rather than Potentia alone.",Fluidstack,reported,2100.0,planned_maximum,1000.0,acre,2026-09-01,Compute Atlas,heartland-industrial-park-sullivan-county-in,https://www.wbiw.com/2026/04/08/potentia-inc-unveils-historic-65-billion-data-center-project-in-sullivan-county/,,planned
VA,Glen Allen,confirmed,United States,,,,,37.657,-77.626,Hunting Hawk Technology Park,"Ten buildings totalling 3.9 million sq ft on land adjacent to Hunting Hawk Golf Club off Ashland Road, on the Hanover-Henrico line near western Henrico's Wyndham neighborhood. Sources give 400 acres of data center development within a 468-acre rezoning request, with three electrical substations and no on-site generation or wastewater plant. HHHunt owns the land and had previously sought to build an over-55 community there; that plan collapsed after a 2019 court loss to Henrico County over a disputed connector road. The 900MW figure comes from a campus marketing flyer, per DCD.",HHHunt,reported,900.0,planned_maximum,468.0,acre,2026-09-09,Compute Atlas,hhhunt-hunting-hawk-technology-park-hanover-va,https://www.vpm.org/news/2026-01-20/hanover-hunting-hawk-data-center-hhhunt-wyndham-ashland-road-clark,,planned
CA,Hayward,confirmed,United States,,,,,37.631411,-122.119608,Hayward Exchange @92 Data Center,"Roughly 300,000 sq ft data center building within the four-building Hayward Exchange @92 campus. The contractor's project page names Hines and MetLife Investment Management as owners and describes partial occupancy by Amazon; the city register names Hines as developer.",Hines,reported,49.0,unknown,,,2026-09-29,Compute Atlas,hines-hayward-exchange-92-ca,https://www.hayward-ca.gov/business/for-developers/data-center-development-applications,,operational
TN,McMinnville,confirmed,United States,,,,,35.6834,-85.76998,Hixson Data Center (McMinnville),,Hixson Data Center,reported,25.0,planned_maximum,,,2026-09-21,Compute Atlas,hixson-data-center-mcminnville-tn,https://baxtel.com/news/25mw-ai-data-center-planned-for-mcminnville,,planned
NY,Buchanan,reported,United States,,,,,41.2697,-73.9519,Holtec HI-CLOUD Indian Point data center campus (proposed),"Concept-stage: Holtec has a NYISO load-study request and a corporate HI-CLOUD announcement but, per its site VP (Dec 2024), 'no offer' and no tenant. Holtec cites up to 2,000 MW of existing grid interconnection, Hudson River access for cooling, dark fiber, and potential future SMR-300 on-site generation. The site sits within Holtec's 240-acre Indian Point decommissioning property; the Village of Buchanan/Town of Cortlandt zoning question is unresolved.",Holtec International (Holtec Decommissioning International),reported,200.0,planned_maximum,,,2026-09-21,Compute Atlas,holtec-hi-cloud-indian-point-buchanan-ny,https://holtecinternational.com/hh-40-16/,,planned
PA,Homer City,reported,United States,,,,,40.5383,-79.1542,Homer City Energy Campus,EPC contractor: Kiewit.,Homer City Redevelopment,reported,4500.0,planned_maximum,3200.0,acre,2026-09-12,Compute Atlas,homer-city-energy-campus-pa,https://www.alleghenyfront.org/homer-city-pennsylvania-gas-plant-data-center-ai/,,planned
CO,Longmont,reported,United States,,,,,40.139512,-105.1361216,Honda Data Center (1601 Dry Creek Drive),"18,700 sq ft computer room (1.6 MW equipment load) inside a 543,610 sq ft, 44.13-acre multi-tenant office complex built 1982; Tier III, LEED Silver. Originally built out by Stream Data Centers, later Zayo (2017); current Honda operator attribution is per aggregator listing only (checked 2026-09-13), not an operator press release, so confidence is 'reported' rather than 'confirmed'. The same building separately houses Intrado Life & Safety's own headquarters/data-center operation (per public directory listings, 2026-09-13) — a distinct facility, not captured here for lack of independently-verified capacity detail; worth a follow-up pass. Coordinates are an approximate geocode of the building address, not a confirmed suite/parcel.",Honda,reported,1.6,unknown,,,2026-09-13,Compute Atlas,honda-longmont-co,https://baxtel.com/data-center/honda-longmont,,operational
OK,Tulsa,reported,United States,,,,,36.154,-95.9928,Host Digital Northeast Oklahoma Data Center,"⚠️ LOCATION NEEDS CONFIRMATION BEFORE PUBLICATION: both cited sources place the facility only in 'northeast Oklahoma' and do not name a city; the coordinates recorded here are a provisional approximation for the Tulsa metro and are not parcel- or address-confirmed. Lease terms: ~$1.25bn over a 15-year base take-or-pay term, ~$3.2bn if all renewals are exercised, tenant backstopped by a US investment-grade technology company.",Host Digital Infrastructure LLC,reported,43.0,planned_maximum,,,2026-09-02,Compute Atlas,host-digital-northeast-oklahoma-ok,https://www.globenewswire.com/news-release/2026/08/31/3353118/0/en/hcwc-announces-host-digital-secures-1-25-billion-15-year-ai-data-center-lease.html,,planned
IL,Batavia,confirmed,United States,,,,,41.859,-88.275,Hut 8 Batavia Data Center,,Batavia DC Corp (Hut 8 Corp subsidiary),reported,50.0,planned_maximum,7.2,acre,2026-08-03,Compute Atlas,hut8-batavia-il,https://www.shawlocal.com/kane-county-chronicle/2025/08/01/batavia-data-center-gets-nod-as-residents-worry-about-it-gobbling-up-energy-reserves/,,planned
TX,Robstown,confirmed,United States,,,,,27.7897,-97.6689,Hut 8 Beacon Point AI Campus,"1 GW site near Robstown, Nueces County; Phase 1 = a 15-year, 352 MW IT lease. The $9.8B base-term contract value is revenue, not capex (in notes). Delivery targeted Q3 2027. Coordinates are the Robstown area centroid. Hut 8 declined to confirm any tax abatement and the Nueces County Judge said the county's abatement policy was out of date, so none could have been granted -> subsidies honest-zero. investmentUsd records the $4.25B non-recourse project-bond financing for Phase 1 construction (352 MW + substation), distinct from the $9.8B lease contract value; the ~$17B combined Phase 1-2 figure is a projection.",Hut 8,reported,352.0,planned_maximum,,,2026-07-08,Compute Atlas,hut8-beacon-point-robstown-tx,https://www.prnewswire.com/news-releases/hut-8-commercializes-first-phase-of-1-gw-beacon-point-ai-data-center-campus-with-15-year-352-mw-it-lease-with-base-term-contract-value-of-9-8-billion-302763484.html,,planned
IL,Latham,reported,United States,,,,,39.9672,-89.1614,Logan Prairie Data Center,"AI/cloud campus proposed near Latham in Logan County; estimated up to $65M/year in property tax revenue and a project labor agreement with local trades. landAcres omitted: the operator page states 50 acres while press accounts describe roughly 200 acres of farmland. Public-reception check (2026-09-10): Hut 8's own project page documents a real community-engagement process -- a public meeting before the Logan County Board's Zoning and Economic Development Committee (2026-01-05), a local radio interview (2026-01-15), and a community open house at the Lincoln Banquet Center (2026-02-04) -- but records no resident reaction, vote outcome, or opposition/support statement from any of those events. Checked: operator project page only; Logan County meeting minutes not checked.",Hut 8 Corp,reported,500.0,planned_maximum,,,2026-09-10,Compute Atlas,hut8-logan-prairie-latham-il,https://www.hut8.com/data-centers/logan-prairie,,planned
LA,St. Francisville,confirmed,United States,,,,,30.79,-91.38,Hut 8 River Bend AI Data Center Campus,"River Bend campus on 611 acres in West Feliciana Parish. Fluidstack (backed by Google) is primary tenant; Anthropic also signed a long-term lease. Phase I: two 450,000 sq ft facilities. Phase II (additional facilities) targeted by end of 2026. Coordinates approximate St. Francisville area.",Hut 8,reported,330.0,planned_maximum,611.0,acre,2026-09-15,Compute Atlas,hut8-river-bend-west-feliciana-la,https://www.opportunitylouisiana.gov/news/hut-8-selects-southeast-louisiana-as-site-of-10-billion-artificial-intelligence-data-center,,planned
IL,Chicago,confirmed,United States,,,,,41.846546,-87.6254598,HydraVault Chicago,"Purpose-built for AI training/inference and low-latency trading, at densities up to 200kW per rack. Subsidy value is the state's estimated tax benefit on a $270,000,000 investment commitment. Coordinates geocoded from the published street address.",HydraVault,reported,20.0,planned_maximum,,,2026-09-25,Compute Atlas,hydravault-chicago-il,https://www.prnewswire.com/news-releases/hydravault-secures-construction-permit-for-downtown-chicagos-first-purpose-built-ai-facility-power-construction-to-commence-work-immediately-302596035.html,,planned
TX,Lufkin,reported,United States,,,,,31.3383,-94.7292,HyperDataGrid Lufkin Data Center (Former Timber Mill Site),"Sited on a former timber-mill parcel on Highway 103 West / Ben Dunn Road; land clearing underway, electrical and water agreements reportedly secured, ~12-month timeline to operational status. Closed-loop liquid, direct-to-chip cooling planned.",HyperDataGrid,reported,20.0,planned_maximum,40.0,acre,2026-09-21,Compute Atlas,hyperdatagrid-lufkin-angelina-county-tx,https://usdatacenterprojects.com/texas/hyperdatagrid-plans-data-center-on-former-timber-mill-site-near-lufkin-texas,,planned
NC,Greensboro,reported,United States,,,,,36.0726,-79.792,ImpactData Greensboro,"20 MW facility in Greensboro, Guilford County, targeting mid-2026 completion. Single-tracker source → confidence reported. Coordinates are the Greensboro centroid.",ImpactData,reported,20.0,planned_maximum,,,2026-07-07,Compute Atlas,impactdata-greensboro-nc,https://www.blackridgeresearch.com/blog/latest-list-of-biggest-largest-upcoming-data-centers-north-carolina-united-states-us,,planned
ID,Idaho Falls,confirmed,United States,,,,,43.4666,-112.0341,Idaho National Laboratory Collaborative Computing Center (C3),"High-performance computing data center on INL's Research and Education Campus (REC) in Idaho Falls -- distinct from INL's much larger remote desert 'Site' reservation (see the separate Aalo Atomics record in this batch). Houses DOE/INL supercomputers including Sawtooth, Hoodoo, and Bitterroot, supporting nuclear-energy modeling/simulation, materials science, and data science research; remote access is provided to Idaho university researchers via the Idaho Regional Optical Network. Built alongside the adjacent Cybercore Integration Center (80,979 sq ft) as part of a combined ~148,000 sq ft project; C3 itself is variously reported as 66,520 sq ft (general contractor JE Dunn) and 73,000 sq ft (engineering subconsultant AEI), and its power capacity is similarly inconsistent between fetched sources -- JE Dunn describes an '8MW High Performance Computing (HPC) Data Center with 2MW of redundancy' and a 'Day 1 installation of 4MW capacity,' while AEI's page states '1.5 MW total power'; these were not reconciled and no capacityMw field is recorded here pending a source that resolves the discrepancy. Completed circa 2022 per JE Dunn's project metadata. No exact street address was given in either source fetched.",Idaho National Laboratory (U.S. Department of Energy),reported,4.0,unknown,,,2026-09-21,Compute Atlas,inl-c3-idahofalls-id,https://jedunn.com/projects/idaho-national-laboratory-c3-data-centers/,,operational
IA,Urbandale,reported,United States,,,,,41.6275758,-93.7672535,IP Pathways Urbandale Data Center,"Operator-published figures: 5,817 sq ft white space, 5,000 kW critical power, up to 17.2 kW per rack, SOC 2 Type II and HIPAA compliant, carrier-neutral with a meet-me room. Coordinates geocoded from the operator's published street address to an OpenStreetMap building-level match. IP Pathways also operates data centers in Omaha, NE and Kansas City, MO; only the Iowa site is recorded here.",IP Pathways,reported,5.0,unknown,,,2026-09-16,Compute Atlas,ip-pathways-urbandale-ia,https://www.ippathways.com/solutions/data-center-and-colocation/,,operational
TX,Childress,confirmed,United States,,,,,34.4276,-100.2046,"IREN Horizon — Childress, TX","SEPARATE SITE from IREN Sweetwater (Nolan/Fisher County — do not conflate). Full 750 MW figure is total campus transmission capacity; the AI/Microsoft Horizon 1–4 build-out comprises four 50 MW IT (75 MW gross) liquid-cooled data halls = 200 MW IT total, targeting end-2026 delivery. Horizon 1 (50 MW IT / 75 MW gross) energized Q4 2025 — operational; Horizons 2–4 remain under construction as of mid-2026. Coordinates approximate (county seat area). Site is a 576-acre freehold parcel with on-site 345 kV substations connecting directly to ERCOT. Investment for Horizon 1–4 reported as $300–350M (range; not a firm figure — omitted from investmentUsd). Microsoft contract ($9.7B total, 5-year through ~2031) covers NVIDIA GB300 Blackwell Ultra GPU cloud services; 20% upfront prepayment funded capex. Dell Technologies hardware supply agreement: $5.8B. IREN also holds a separate NVIDIA cloud services contract at Childress. Rack density 130–200 kW per rack; projected PUE 1.05–1.10. Approximately 25 current full-time local employees, 50+ expected at 750 MW full build-out; over 500 contractors during construction phase (approximate reported figures — omitted from jobs numeric fields). IREN Community Grants Program distributes $250,000 annually to the Childress area.",IREN (Iris Energy),reported,750.0,planned_maximum,576.0,acre,2026-07-25,Compute Atlas,iren-horizon-childress-tx,https://www.datacenterdynamics.com/en/news/iren-plans-75mw-liquid-cooled-ai-data-center-in-texas/,,planned
TX,Sweetwater,confirmed,United States,,,,,32.4707,-100.4059,IREN Sweetwater Campus,"Two-site campus: Sweetwater 1 (1,400 MW, ~1,700 acres, Nolan/Jones County boundary area) substation energized May 1, 2026 via 345kV ERCOT connection; data centers commissioning in phases. Sweetwater 2 (600 MW, ~500 acres, Fisher County, near Hamlin TX, ~28 miles from SW1) targeted energization late 2027 per IREN (some sources cite 2028). Direct fiber loop planned between sites for single 2 GW compute hub with <10ms latency to Dallas. Coordinates are approximate (Sweetwater city center, Nolan County seat). County boundary sources conflicting: DCD says Fisher County for both sites; interconnection.fyi and dispatch brief cite Nolan County for SW1; northwiseproject.com says Nolan and Jones Counties span the campus. IREN's $9.7B Microsoft contract (Nov 2025) and $3.4B NVIDIA contract (May 2026) are company-wide deals currently deployed at Childress, TX campus (Horizon 1-4); the NVIDIA partnership press release specifically names Sweetwater as the flagship future deployment site for NVIDIA DSX factory architecture. No confirmed customer contracts specific to Sweetwater site as of 2026-07-07. IREN was in Sweetwater since 2022 as a Bitcoin mining site; HPC/AI pivot announced October 2024. Interconnection.fyi lists renewable energy sourcing via RECs (wind/solar) at this site.",IREN (Iris Energy),reported,2000.0,planned_maximum,2200.0,acre,2026-07-25,Compute Atlas,iren-sweetwater-tx,https://irisenergy.gcs-web.com/news-releases/news-release-details/iren-announces-successful-energization-sweetwater-1,,planned
OK,Alva,reported,United States,,,,,36.8031,-98.667,IREN Woods County Campus,"~2,000-acre land bank near Alva, Woods County, with a secured 1.6 GW power allocation on the Southwest Power Pool grid; initial power ramp scheduled for 2028. IREN's land-bank expansion beyond its operational Texas campuses (Childress, Sweetwater). Single-tracker source → confidence reported. Coordinates are the Alva area centroid. Capacity re-sourced 2026-08-08: IREN's own Oklahoma page states ""1,600 MW"", ""2,000 Acres"" and ""2028 Substation Energization"", status ""IN DEVELOPMENT"" — replacing an aggregator listing as the basis for the figure. Public-reception check (2026-09-10): Checked baxtel.com's project profile (2026-09-10) -- it covers only technical/permitting facts (2,000-acre site on the SPP grid) plus one unrelated statewide article (Oklahoma's data-center ratepayer-protection bill, 2026-05-16). No hearing, resident reaction, or local-official statement specific to the Woods County/Alva site was found in this source.",IREN (Iris Energy),reported,1600.0,planned_maximum,2000.0,acre,2026-09-10,Compute Atlas,iren-woods-county-ok,https://baxtel.com/data-center/iren-woods-county-oklahoma,,planned
AZ,Phoenix,reported,United States,,,,,33.4565458,-111.9719014,Iron Mountain AZP-3,Third building on Iron Mountain's Phoenix campus; developed on a 10-acre parcel purchased with a 50+ MVA substation.,Iron Mountain,reported,36.0,unknown,10.0,acre,2026-09-23,Compute Atlas,iron-mountain-azp-3-az,https://www.ironmountain.com/data-centers/locations/na/phoenix,,operational
AZ,Scottsdale,reported,United States,,,,,33.6446663,-111.8960985,Iron Mountain AZS-1,"Confirmed operational at 8521 E. Princess Drive, Scottsdale, AZ 85255 (Maricopa County); 121,000 sqft, 5.8MW, linked via dark fiber to AZP-1/AZP-2.",Iron Mountain,reported,5.8,unknown,,,2026-07-22,Compute Atlas,iron-mountain-azs-1-az,https://www.ironmountain.com/data-centers/locations/scottsdale-data-center,,operational
IL,Des Plaines,confirmed,United States,,,,,42.0116575,-87.8811913,Iron Mountain CHI-1,"13-acre campus, 315,000 sq ft with four planned 28,000 sq ft data halls; operator states a ""36MW IT load design"" being built out in phases. Subsidy value is the state's estimated tax benefit on a $320,000,000 investment commitment. Coordinates geocoded from the published street address.",Iron Mountain Data Centers,reported,12.0,unknown,13.0,acre,2026-09-25,Compute Atlas,iron-mountain-chi1-des-plaines-il,https://www.ironmountain.com/data-centers/locations/chicago-data-center,,operational
IL,Des Plaines,confirmed,United States,,,,,42.0116575,-87.8811913,Iron Mountain CHI-1,"13-acre campus, 315,000 sq ft with four planned 28,000 sq ft data halls; operator states a ""36MW IT load design"" being built out in phases. Subsidy value is the state's estimated tax benefit on a $320,000,000 investment commitment. Coordinates geocoded from the published street address.",Iron Mountain Data Centers,reported,36.0,planned_maximum,13.0,acre,2026-09-25,Compute Atlas,iron-mountain-chi1-des-plaines-il,https://www.ironmountain.com/data-centers/locations/chicago-data-center,,planned
CO,Denver,confirmed,United States,,,,,39.7773827,-104.9695542,Iron Mountain DEN-1 Denver Data Center,"About 180,000 sq ft (113,000 sq ft of IT space) and 14.4 MW on a 6-acre campus in the Elyria-Swansea industrial area, in a retrofitted 1946 building. Uptime Tier III-certified construction; operator cites a 1.2 PUE. Roughly half a mile from the CoreSite DE3 site but a separate operator and parcel.",Iron Mountain Data Centers,reported,14.4,unknown,6.0,acre,2026-08-26,Compute Atlas,iron-mountain-den1-denver-co,https://resources.ironmountain.com/solution-guides/d/data-centers-denver-den-1,,operational
FL,Westview,confirmed,United States,,,,,25.88416,-80.247556,Iron Mountain MIA-1,"150,000 sq ft. Classified a ""telecom hub"" rather than ""data center"" under Miami-Dade county code. Opens 2026.",Iron Mountain,reported,16.0,planned_maximum,3.4,acre,2026-09-14,Compute Atlas,iron-mountain-mia-1-miami-fl,https://www.datacenterdynamics.com/en/news/iron-mountain-breaks-ground-on-first-data-center-in-miami/,,planned
OH,Miamisburg,confirmed,United States,,,,,39.6428362,-84.2866083,Iron Mountain OHS-1 (Miamisburg),"Tier III facility, 44,000 sq ft on a ~3.5-acre campus at 3366 S Tech Blvd, Miamisburg (~20 min from Dayton), acquired from / formerly operated by LexisNexis. Confirmed on Iron Mountain's own location page; cross-checked against a LexisNexis Springboro listing at the identical address (same building, prior branding). Coordinates are city-centroid (approximate).",Iron Mountain,reported,1.4,unknown,,,2026-08-05,Compute Atlas,iron-mountain-miamisburg-oh,https://www.ironmountain.com/data-centers/locations/ohio-data-center,,operational
NJ,Edison,confirmed,United States,,,,,40.5210834,-74.3473835,Iron Mountain Data Centers NJE-1,"TIA-942-certified, 830,000 sq ft on a 43-acre campus, 30 MW with 2N redundancy, N+1 cooling/UPS, ISO 50001/14001 certified, PUE as low as 1.2. Acquired by Iron Mountain in January 2018 as part of a $1.34B acquisition of IO Data Centers' US portfolio (which also included sites in Phoenix, Scottsdale, and Columbus, OH), per the operator's own site. Hosts 180+ customers including 20+ carriers and two IXPs. Coordinate provenance (resolved 2026-09-12): Iron Mountain's own location page embeds a Google Maps link containing TWO coordinate pairs from two different Place IDs. This record uses 40.5210834,-74.3473835 — the pair the link anchors directly to the literal address string ""3003 Woodbridge Ave, Edison, NJ 08837, USA"" — which sits ~29 m from the independently-mapped OpenStreetMap building tagged ""IO Datacenter"" at the same address. The other page-stated pair (40.5216986,-74.3461546) carries no address string and lands ~145 m away; a naive extraction returns it, since the page labels neither. Both page-stated pairs are ~1.8-1.9 km from the US Census geocoder's point for this address, which interpolates along the street centre line and is wrong here.",Iron Mountain,reported,30.0,unknown,43.0,acre,2026-09-21,Compute Atlas,iron-mountain-nje1-edison-nj,https://www.ironmountain.com/data-centers/locations/new-jersey-data-center,,operational
VA,Manassas,reported,United States,,,,,38.7744146,-77.54223,Iron Mountain VA-4,"Confirmed operational at 11600 Hayden Road, Manassas, VA 20109; 165,000 sqft, 32MW critical load.",Iron Mountain,reported,32.0,unknown,,,2026-07-22,Compute Atlas,iron-mountain-va-4-va,https://www.ironmountain.com/data-centers/locations/virginia-data-center,,operational
VA,Manassas,reported,United States,,,,,38.7681429,-77.5386481,Iron Mountain VA-6,"Iron Mountain's own solution-guide page said VA-6 was slated for Q3 2025 delivery (site not yet operational at last fetch); that date has passed and multiple third-party trackers (datacentermap, Yelp updated Jan 2026) confirm it operational at 11891 Sudley Manor Drive, Manassas, VA — 230,000 sqft, 32MW. Treated as operational; flag for a fresh spot-check of Iron Mountain's own page if stricter confirmation is desired.",Iron Mountain,reported,32.0,unknown,,,2026-07-23,Compute Atlas,iron-mountain-va-6-va,https://www.datacentermap.com/usa/virginia/manassas/iron-mountain-va-6/,,operational
VA,Henrico,confirmed,United States,,,,,37.556,-77.427,Iron Mountain White Oak Technology Park Campus,"6110 Technology Creek Drive, Henrico County (Richmond metro area). White Oak Technology Park has fiber connections and subsea cables to three continents. Henrico County passed stricter data center requirements June 2025, including 500-foot tree buffer near residential. investmentUsd is stated as 'more than $1 billion' — treated as floor.",Iron Mountain,reported,200.0,planned_maximum,66.0,acre,2026-07-23,Compute Atlas,iron-mountain-white-oak-henrico-va,https://www.datacenterdynamics.com/en/news/iron-mountain-acquires-66-acres-outside-richmond-for-200mw-data-center-campus/,,planned
PA,Boyers,reported,United States,,,,,41.0956,-79.9128,Iron Mountain WPA-1 (Boyers underground data center),"333,000 sq ft of data center space 220 feet underground in a former limestone mine on a 200-acre campus, about an hour north of Pittsburgh. Operator states 40 MW of total potential capacity; the currently energised load is not published, so the figure is recorded as planned rather than operational. Long-standing colocation/records site rather than an AI buildout — no aiClassification asserted.",Iron Mountain,reported,40.0,planned_maximum,200.0,acre,2026-09-21,Compute Atlas,iron-mountain-wpa-1-boyers-butler-county-pa,https://datacenter.ironmountain.com/western-pennsylvania-data-center,,planned
MA,Northborough,confirmed,United States,,,,,42.34088,-71.63706,Iron Mountain Boston Data Center (BOS-1),"22,000 sq ft building on a 58.3-acre campus; LEED Gold certified and rated to withstand Category 4 hurricane winds; operator states a dedicated dark-fiber link to Boston's 1 Summer Street carrier hotel. ""Currently provides 1.2 MW operationally, with 3.6 MW of total potential critical power capacity"" — recorded as operational 1.2 / planned 3.6.",Iron Mountain,reported,1.2,unknown,58.3,acre,2026-09-15,Compute Atlas,ironmountain-bos1-northborough-ma,https://www.ironmountain.com/data-centers/locations/boston-data-center,,operational
MA,Northborough,confirmed,United States,,,,,42.34088,-71.63706,Iron Mountain Boston Data Center (BOS-1),"22,000 sq ft building on a 58.3-acre campus; LEED Gold certified and rated to withstand Category 4 hurricane winds; operator states a dedicated dark-fiber link to Boston's 1 Summer Street carrier hotel. ""Currently provides 1.2 MW operationally, with 3.6 MW of total potential critical power capacity"" — recorded as operational 1.2 / planned 3.6.",Iron Mountain,reported,3.6,planned_maximum,58.3,acre,2026-09-15,Compute Atlas,ironmountain-bos1-northborough-ma,https://www.ironmountain.com/data-centers/locations/boston-data-center,,planned
CA,Imperial,reported,United States,,,,,32.847,-115.569,Imperial Valley Computer Manufacturing AI Data Center,"Coordinates approximate; actual site is near Aten Road and Clark Road just outside Imperial city limits. Developer Sebastian Rucci (Imperial Valley Computer Manufacturing) proposes ~950,000 sq ft facility described by developer as 'designed exclusively for advanced artificial intelligence and machine learning operations.' Imperial County Board of Supervisors was deliberating an emergency moratorium on new data center approvals as of June 4, 2026 — adoption not confirmed by cited source. Annual promised tax revenue: ~$28M.",Imperial Valley Computer Manufacturing (IVCM),reported,330.0,planned_maximum,75.0,acre,2026-09-29,Compute Atlas,ivcm-imperial-county-ca,https://inewsource.org/2026/04/05/data-center-developer-imperial-county/,,planned
OK,Tulsa,reported,United States,,,,,36.1509,-95.9856,ENGUARD Data Center (Jackson Technical),"Small operational colocation facility at 611 South Elgin Avenue, Tulsa. Coordinates are an approximate geocode of the street address.",Jackson Technical,reported,0.4,unknown,,,2026-09-02,Compute Atlas,jackson-technical-enguard-tulsa-ok,https://www.newson6.com/tulsa-oklahoma-news/where-are-data-centers-are-being-built-oklahoma-list,,operational
NV,Moapa,reported,United States,,,,,36.6673648,-114.584977,Jet.AI Moapa Data Center Campus,"Proposed joint venture: Choo Choo Express LLC would contribute the land, with an equity promote of roughly 70% Jet.AI / 30% CCE, pending definitive agreements and due diligence. Jet.AI expects to commit approximately $10 million over an anticipated two-year period - a corporate capital commitment, not a site construction figure, so investmentUsd is left unset. The site is adjacent to a remediated former coal plant now operating as a 200 MW battery storage facility, with access to transmission, natural gas, fiber and water. Coordinates are the Moapa settlement point from OpenStreetMap; no parcel location was published.",Jet.AI Inc.,reported,50.0,planned_maximum,20.0,acre,2026-09-11,Compute Atlas,jet-ai-moapa-clark-county-nv,https://www.globenewswire.com/news-release/2025/12/23/3209946/0/en/jet-ai-inc-jv-for-50mw-data-center-campus-in-moapa-nevada.html,,planned
VA,Leesburg,reported,United States,,,,,39.064,-77.524,Greenlin Park,"1.4 million sq ft of data center and utility substation use on 83 acres south of Leesburg, on the west side of Sycolin Road bounded by Shreve Mill Road and the Dulles Greenway; property owned by Chuck Kuhn through JK Land Holdings. Originally proposed at 2.1 million sq ft; scaled back after opposition at a September 2024 public hearing. Approval limits power draw to 300MW for five years and building height to 55 feet, and requires upgraded generators, added screening and noise limits, stormwater mitigation, water-use restrictions, and three years of energy-use monitoring and reporting.",JK Land Holdings,reported,300.0,planned_maximum,83.0,acre,2026-09-09,Compute Atlas,jk-land-greenlin-park-leesburg-va,https://www.loudounnow.com/news/300-mw-data-center-approved-south-of-leesburg/article_31050264-efb4-11ef-a1fa-c79d17f045f1.html,,planned
IL,Joliet,confirmed,United States,,,,,41.432,-88.128,Joliet Technology Center,"Coordinates approximate Jackson Township at Rowell and Bernhard Rds, south Joliet (~40 mi SW of Chicago), near Chicagoland Speedway. 24 two-story buildings planned. No confirmed hyperscale tenant as of permit date. Construction start targeted early 2027; first sub-campus by 2028. Construction jobs range reported as 7,000-10,000; permanent approximately 700.",HW Technology Park (Hillwood Investment Properties / PowerHouse Data Centers),reported,1800.0,planned_maximum,795.0,acre,2026-08-03,Compute Atlas,joliet-technology-center-il,https://www.datacenterdynamics.com/en/news/data-center-planned-on-795-acres-of-farmland-in-south-joliet-illinois/,,planned
UT,Holden,reported,United States,,,,,39.1072,-112.165,Joule Energy and Data Center Campus,"Founders Mark McDougal and David Gray converting family 4,000-acre alfalfa farm near Holden. Described by founders as largest private project in Utah history. Partnership with Caterpillar for generator sets; MOU with EnergySolutions for nuclear feasibility study. Part of Governor Cox's Operation Gigawatt initiative. Site at 4,800+ ft elevation for cooling efficiency. Coordinates approximate for Holden, Millard County. Subsidies checked at the municipal tier (2026-09-04): no site-level subsidy. Millard County commissioners are quoted on the record stating the county ""did not give either development any special treatment or incentives"", and no Millard County CRA/RDA public body is registered on the Utah Public Notice Website. Utah's EDTIF programme excludes data centres and the UCA 59-12-104 sales-tax exemption is self-executing, so no site-level award document exists to find.",Joule Capital Partners,reported,4000.0,planned_maximum,4000.0,acre,2026-09-04,Compute Atlas,joule-millard-county-ut,https://www.abc4.com/news/central-utah/groundbreaking-millard-county-data-center/,,planned
IL,Naperville,reported,United States,,,,,41.809029,-88.117382,Karis Critical Naperville Data Center,"36 MW, 130,000+ sq ft, sited on Naperville's I-88 corridor. ⚠ The source names only the I-88 corridor, not a street address; coordinates are an approximate corridor pin and must be verified before the site is treated as located.",Karis Critical,reported,36.0,planned_maximum,,,2026-09-25,Compute Atlas,karis-critical-naperville-il,https://www.cbsnews.com/chicago/news/naperville-city-council-to-vote-on-controversial-data-center/,,planned
KY,Cave City,reported,United States,,,,,37.1367544,-85.9562169,Cave Point Commerce Center,"Proposed multi-building hyperscale campus (10 buildings x ~200,000 sq ft, ~2M sq ft total) at the Cave City Industrial Park spanning Cave City and unincorporated Barren County. Combined critical capacity reported as 'about 1,200 megawatts.' Jobs figure of 360 is direct jobs at full build-out (300 data-center operations + 60 power generation, per the source, implying an on-site generation component not independently confirmed or itemized this run -- no separate power_generation record created without a source stating its own capacity/technology). An additional ~569 indirect/induced jobs were estimated (total ~929) but only the direct figure is recorded here. Developer/operator name is the plaintiff of record in the zoning lawsuit (Kentucky Industrial Alliance LLC), which the coverage also identifies as the current landowner; no separate development-company name was disclosed in the sources checked. Exact parcel location within the industrial park not confirmed -- coordinates are a Cave City town-center pin.",Kentucky Industrial Alliance LLC,reported,1200.0,planned_maximum,600.0,acre,2026-09-21,Compute Atlas,kentucky-industrial-alliance-cave-point-cave-city-ky,https://www.wbko.com/2026/06/10/kentucky-industrial-alliance-says-proposed-cave-city-data-center-could-bring-millions-tax-revenue/,,planned
NC,Durham,reported,United States,,,,,35.9125498,-78.8580709,Kyndryl Research Triangle Park Data Center,"Kyndryl 'Design Level 3' facility in Research Triangle Park with FedRAMP, ISO 27001 and SOC 2 Type II authorisations. Cooling is not recorded: the source describes three 1,300-ton water-cooled chillers but does not say whether heat is ultimately rejected evaporatively, and the coolingType tie-breaker cannot be applied without that. The source page labels the city 'Raleigh, Wake County'; the address is in Durham County.",Kyndryl,reported,7.4,unknown,,,2026-09-24,Compute Atlas,kyndryl-research-triangle-park-durham-nc,https://baxtel.com/data-center/kyndryl-research-triangle-park,,operational
FL,Saint Cloud,confirmed,United States,,,,,28.1896418,-81.2783896,La Rosa Holdings Tier III AI Data Center — St. Cloud,"Small enterprise/AI facility: up to 10,000 sq ft at Tier III with roughly 1.5 MW of IT load. The transaction is conditional — the company's own filing states there can be no assurance the acquisition is consummated, and it carried a 75-day due diligence exit. The $675,000 in the 8-K is the land purchase price, not a facility investment, so investmentUsd is deliberately omitted.",La Rosa Holdings Corp.,reported,1.5,planned_maximum,,,2026-09-14,Compute Atlas,la-rosa-holdings-saint-cloud-fl,https://www.sec.gov/Archives/edgar/data/1879403/000121390026013369/ea0275797-8k_larosa.htm,,planned
OH,Cleveland,confirmed,United States,,,,,41.461694,-81.651208,East 55th Street Data Center (Slavic Village),"Three two-story buildings totaling roughly 300,000 sq ft on a 35-acre site between I-77 and East 55th Street, currently owned by Morabito Enterprises. No end user was identified. Recorded as cancelled because the city rejected the permit application; the developer's next steps were not stated.",Lakeland Equity Group,reported,150.0,planned_maximum,35.0,acre,2026-09-09,Compute Atlas,lakeland-equity-east-55th-cleveland-oh,https://neo-trans.blog/2026/05/06/1-6b-data-center-planned-in-cleveland/,,planned
TX,Plano,confirmed,United States,,,,,33.0198,-96.6989,Lambda Plano AI Data Center (Aligned DFW-04),"Lambda to occupy the ~$700M Aligned DFW-04 data center under construction in Plano, Collin County; 2026 target. Distinct from Lambda's Chicago and Kansas City sites. Coordinates are the Plano area centroid.",Lambda,reported,100.0,planned_maximum,,,2026-09-21,Compute Atlas,lambda-aligned-plano-tx,https://www.devx.com/daily-news/lambda-cloud-to-occupy-aligned-data-center/,,planned
IL,Chicago,confirmed,United States,,,,,41.8781,-87.6298,Lambda Chicago EdgeConneX AI Factory,"EdgeConneX is the developer/facility owner; Lambda is the sole tenant in a build-to-suit, single-tenant, purpose-built 23 MW building for Lambda's AI workloads (600+ kW/rack, hybrid liquid-to-chip + air cooling). Distinct from the excluded CoreWeave/Flexential colo tenancy (a shared multi-tenant colo cage) - this is a dedicated purpose-built building. Press releases say 'Chicago' but EdgeConneX's Chicago-area campus is in Elk Grove Village, IL (Cook County); the Lambda building address is unpublished, so coordinates use the Chicago centroid. Ready-for-Service targeted 2026; operational status as of 2026-07-07 unconfirmed (may already be online - revisit).",Lambda,reported,23.0,planned_maximum,,,2026-07-24,Compute Atlas,lambda-chicago-edgeconnex-il,https://lambda.ai/blog/lambda-edgeconnex-dc-pr,,planned
MO,Kansas City,confirmed,United States,,,,,39.33,-94.72,Lambda Kansas City AI Supercomputer,"11155 N. Airworld Dr (former Bank of America campus, ~16.9 acres), Platte County near KCI airport. Launches early 2026 with 24 MW confirmed; >100 MW is a scale-up ceiling (planned figure). Distinct parcels from Google (Project Mica) and Meta's Kansas City sites. Eligible for the Missouri Data Center Sales Tax Exemption (eligibility only — no award amount confirmed; honest-zero). The >$500M figure is a press estimate (notes). Dedicated to a single unnamed AI customer under a multi-year agreement.",Lambda,reported,100.0,planned_maximum,16.9,acre,2026-07-26,Compute Atlas,lambda-kansas-city-mo,https://www.datacenterdynamics.com/en/news/ai-cloud-firm-lambda-targets-data-center-deployment-in-kansas-city-missouri/,,planned
TX,Abilene,reported,United States,,,,,32.502213,-99.788717,Lancium Clean Campus (Crusoe / Stargate Site 1),"Originally proposed Dec 2021 as Lancium's ""Project Artemis"" — a Bitcoin-mining and grid-demand-response campus using stranded/curtailed West Texas wind and solar power, with Lancium throttling load during ERCOT peak demand. Crusoe Energy has since built and operates AI/HPC data-center buildings on the site (publicly branded ""Stargate Site 1""), with Oracle Cloud Infrastructure as the tenant hosting NVIDIA GPU clusters for OpenAI's Stargate project — Oracle sits contractually between Crusoe and OpenAI; no confirmed direct OpenAI-Crusoe lease. Lancium retains land/electrical-infrastructure ownership; Crusoe leases and operates part of an approximately 800-1,000-acre campus. First 2 of 8 planned buildings (~200+ MW) were operational by mid-2025; remaining 6 are under construction, with a full 1.2 GW build-out targeted for completion in 2026-2027 (dates vary by source). Construction-workforce and total AI-era investment figures conflict significantly across sources (reported range: 2,000-9,000 workers; an unverified ~$11.6B raise) and are not repeated here as fact. Coordinates are approximate (geocoded from a listed street address, not parcel-confirmed — the ~800-1,000-acre campus could place any specific building up to ~1-2 miles from this point). Also known as the Lancium Clean Campus.",Crusoe,reported,200.0,unknown,1000.0,acre,2026-09-21,Compute Atlas,lancium-crusoe-abilene-tx,https://www.prnewswire.com/news-releases/taylor-county-and-city-of-abilene-announce-historic-partnership-with-lancium-for-development-of-a-2-4-billion-data-center-campus-301449354.html,,operational
TX,Abilene,reported,United States,,,,,32.502213,-99.788717,Lancium Clean Campus (Crusoe / Stargate Site 1),"Originally proposed Dec 2021 as Lancium's ""Project Artemis"" — a Bitcoin-mining and grid-demand-response campus using stranded/curtailed West Texas wind and solar power, with Lancium throttling load during ERCOT peak demand. Crusoe Energy has since built and operates AI/HPC data-center buildings on the site (publicly branded ""Stargate Site 1""), with Oracle Cloud Infrastructure as the tenant hosting NVIDIA GPU clusters for OpenAI's Stargate project — Oracle sits contractually between Crusoe and OpenAI; no confirmed direct OpenAI-Crusoe lease. Lancium retains land/electrical-infrastructure ownership; Crusoe leases and operates part of an approximately 800-1,000-acre campus. First 2 of 8 planned buildings (~200+ MW) were operational by mid-2025; remaining 6 are under construction, with a full 1.2 GW build-out targeted for completion in 2026-2027 (dates vary by source). Construction-workforce and total AI-era investment figures conflict significantly across sources (reported range: 2,000-9,000 workers; an unverified ~$11.6B raise) and are not repeated here as fact. Coordinates are approximate (geocoded from a listed street address, not parcel-confirmed — the ~800-1,000-acre campus could place any specific building up to ~1-2 miles from this point). Also known as the Lancium Clean Campus.",Crusoe,reported,1200.0,planned_maximum,1000.0,acre,2026-09-21,Compute Atlas,lancium-crusoe-abilene-tx,https://www.prnewswire.com/news-releases/taylor-county-and-city-of-abilene-announce-historic-partnership-with-lancium-for-development-of-a-2-4-billion-data-center-campus-301449354.html,,planned
TN,Lawrenceburg,reported,United States,,,,,35.2423023,-87.3347389,Flatwoods Road Data Center (Lawrenceburg),"Developer/operator has not been publicly named in any source retrieved. Status is recorded as permitted on the strength of the completed rezoning; a site-plan review was scheduled for July 9, 2026 and its outcome was not found. Coordinates are the Lawrenceburg town point — no parcel location on Flatwoods Road has been published.",Undisclosed,reported,4.9,planned_maximum,,,2026-09-21,Compute Atlas,lawrenceburg-flatwoods-road-data-center-tn,https://lawrenceburgnow.com/04212026data.html,,planned
MN,Minneapolis,reported,United States,,,,,44.9906553,-93.2766429,Legacy Investing North Loop (former Star Tribune printing plant),"CBS reports ""approximately 566,000 square feet"" on 13 acres with ""20 megawatts"" of capacity; FOX 9 puts the building at ""nearly 600,000 square feet"". The Star Tribune vacated the Heritage printing facility in December 2025. Minneapolis adopted a moratorium on data centers over 350,000 sq ft; the city's preliminary zoning recommendations would require a conditional use permit and confine new data centers to the DT1/DT2 districts in existing buildings.",Legacy Investing,reported,20.0,planned_maximum,13.0,acre,2026-09-18,Compute Atlas,legacy-investing-north-loop-minneapolis-mn,https://www.cbsnews.com/minnesota/news/data-center-minnesota-star-tribune-downtown-minneapolis/,,planned
SD,Leola,confirmed,United States,,,,,45.704374067105,-99.035447087942,Leola Data Center,"Site is legally described as Section 28 (part E1/2), Township 126N, Range 68W, McPherson County -- a 20-acre parcel adjacent to Montana-Dakota Utilities' Leola Substation, at the SW corner of 358th Avenue (Highway 17) and 116th Street, about 5 miles southwest of Leola. The CUP application itself lists 11641 358th Avenue, Leola, SD 57456 as the site's general area/street address, which is what was geocoded here (US Census geocoder); precision is approximate because this is a street-level geocode, not a confirmed parcel-corner survey point. As of 2026-09-13 no final CUP decision had been located in sources checked this run.","Leola Data Center, LLC",reported,50.0,planned_maximum,20.0,acre,2026-09-13,Compute Atlas,leola-data-center-mcpherson-county-sd,https://puc.sd.gov/commission/dockets/electric/2024/EL24-027/CondUsePermit.pdf,,planned
MD,Landover,confirmed,United States,,,,,38.931,-76.868,Brightseat Tech Park,"2101 Brightseat Road, Landover MD. Project has final plan approvals but is politically frozen pending task force report. Five buildings on 87 acres of former mall site. As a permitted-but-frozen project, no facility-specific water design, subsidy award, or committed job figures have been disclosed; job figures circulating in press are Maryland Tech Council sector benchmarks, not Brightseat commitments. Re-checked 2026-09-10: status remains PERMITTED (no enum value exists for 'construction paused by opposition/moratorium'). Groundbreaking has not occurred; community opposition (23,000+ petition signatures) and PG County Council ordinances CB-019-2026/CB-020-2026 (introduced March 2026 to repeal the qualified-data-center site-plan-review exemption) continue to threaten the timeline. Subsidies: found only a general-program reference (MD/PG County 2020 sales-and-use tax exemption for qualified data centers, Tax-General Article Sec.11-239(a)(5)(i)) with no site-specific dollar figure for this project, so no subsidies entry is reported -- record as a program-level fact only. No street-address source was independently fetched this run (existing statusHistory note already cites 2101 Brightseat Road from an earlier source), so location.street is left for a future run with a fresh citation.",Lerner Enterprises / The Tower Companies (Brightseat Associates LLC),reported,820.0,planned_maximum,87.0,acre,2026-09-13,Compute Atlas,lerner-brightseat-tech-park-md,https://www.datacenterdynamics.com/en/news/lerners-maryland-data-center-campus-could-total-820mw/,,planned
IA,Ames,reported,United States,,,,,42.0308,-93.6319,LightEdge Ames Edge Colocation Data Center,"Proposed single-storey edge colocation facility on roughly 10.86 acres of Ames airport land on Aviation Way, in a Planned Industrial zone, adjacent to the Ames Regional Airport and the ISU Research Park. Phased electrical demand of 3 MW in phase one, 6 MW in phase two, and as much as 25 MW at full buildout over roughly ten years — reported locally as about a 15 percent increase in the city's total consumption. LightEdge explicitly rules out AI or hyperscale use: asked whether it would house AI servers, its proposal answers 'No. This is edge colocation.' aiClassification is therefore omitted. Reported at roughly 100,000 sq ft in local coverage, but the operator's own page does not state a square footage, so it is not recorded. Distinct site from the tracked LightEdge Altoona facility.",LightEdge Solutions,reported,25.0,planned_maximum,10.86,acre,2026-08-21,Compute Atlas,lightedge-ames-ia,https://lightedge.com/ames/,,planned
MN,Chaska,confirmed,United States,,,,,44.828,-93.635,LightEdge Chaska (fka Stream Data Centers Minneapolis I),"1708 West Creek Lane, Chaska, MN — built by Stream Data Centers in 2013 as 'Minneapolis I'; acquired by LightEdge (owned by GI Partners) Jan 17, 2024, LightEdge's entry into the MN market. DISTINCT site from the already-tracked flexential-minneapolis-chaska-msp01-mn (3500 Lyman Boulevard, ~5.4 mi away, different owner) — not a duplicate. Uptime Tier III Design Certified, 76,000 sq ft total / 30,000 sq ft data hall across 3 suites.",LightEdge (GI Partners),reported,3.6,unknown,,,2026-09-18,Compute Atlas,lightedge-chaska-mn,https://www.prnewswire.com/news-releases/lightedge-acquires-top-tier-high-density-data-center-in-minneapolis-302037017.html,,operational
SC,Spartanburg,reported,United States,,,,,35.0151258,-81.8838447,LightHouse Data Centers Spartanburg (300 Jones Road),"Former LSC Communications / R.R. Donnelley printing plant at 300 Jones Road, bought by Greenidge in 2021 and sold on 2025-12-11 for $18M cash plus up to $18M in earnouts ($180,000 per MW energised above the secured 60 MW before 2031). capacityMw.planned records the 60 MW of power secured for delivery by September 2026, not a built IT load. Status kept at proposed: the SEC filing establishes the land and power position but no source read this session confirms construction. Coordinate is the OSM footprint of the LSC Communications parcel (approximate). This is the same parcel as the tracked, cancelled greenidge-spartanburg-sc crypto project — a different operator, facility type and project, recorded separately rather than as a status change on that record.",LightHouse Data Centers (The Lightstone Group),reported,60.0,planned_maximum,152.0,acre,2026-09-22,Compute Atlas,lighthouse-data-centers-spartanburg-sc,https://www.sec.gov/Archives/edgar/data/1844971/000162828025056519/pressreleasescsaleclosing.htm,,planned
ME,Limestone,confirmed,United States,,,,,46.9502,-67.8849,Loring LiquidCool Data Center (Green 4 Maine Campus),"115,000 sq ft leased within Green 4 Maine's 450-acre innovation hub on former USAF base. LiquidCool Solutions is a Minnesota-based technology company. First phase starts at 5-6MW; 50MW total available at base. Project marketed as cross-border US/Canada AI hub.",LiquidCool Solutions / Green 4 Maine,reported,50.0,planned_maximum,,,2026-07-26,Compute Atlas,liquidcool-loring-afb-me,https://www.bangordailynews.com/2025/10/14/aroostook/ai-data-center-loring-air-force-base/,,planned
AZ,Casa Grande,reported,United States,,,,,32.84,-111.79,Project Midway Data Center,"Unincorporated Pinal County at the southwest corner of Selma Highway and Midway Road, roughly two miles south of the Casa Grande city limits but inside its planning area. The applicant projects about 225 permanent jobs at an average salary near $93,000 and $150 million in annual utility spend at full build-out. Reported acreage differs between sources (215 acres in the Pinal Post account, 294 acres in a same-day Pinal Central report); the 215-acre figure matches the comprehensive plan amendment as described. Capacity in MW has not been publicly stated.",LPI Group,reported,400.0,planned_maximum,215.0,acre,2026-09-10,Compute Atlas,lpi-group-project-midway-casa-grande-az,https://pinalpost.com/supervisors-approve-project-midway-data-center-near-casa-grande/,,planned
OH,Akron,reported,United States,,,,,41.0695694,-81.4907582,Lumen Akron 2,"Distinct from lumen-cleveland-1-oh (different city/county). Address and neighborhood (Middlebury/Goodyear Heights) independently confirmed via Signal Akron local journalism and OSM Nominatim geocode, corroborated by three aggregator listings (datacentermap.com, baxtel.com, datacenters.com), which consistently label it 'Akron 2' (legacy Level 3 branding) to distinguish it from a separate, unverified 'Lumen Akron 1' at 520 S. Main St. Building is ~12,000 sqft with ~6,000 sqft raised-floor colocation space; certifications (HIPAA, ISO 27001, PCI DSS, SOC 1/2, SSAE 18) are generic enterprise-colocation marks, not AI/GPU-specific, so no aiClassification is set. No capacity MW disclosed in any source. Akron City Council approved a 2026-07-27 conditional-use review ordinance for new data centers; Signal Akron names this facility explicitly as an existing site unaffected by the ordinance (not retroactive). No operator-primary (assets.lumen.com) page exists for this specific site, unlike Cleveland.",Lumen Technologies,reported,3.0,planned_maximum,,,2026-08-16,Compute Atlas,lumen-akron-2-oh,https://signalakron.org/where-7-data-centers-operate-in-summit-county-and-why-it-matters/,,planned
UT,Ogden,reported,United States,,,,,41.223,-111.97384,Lumen Ogden 1,"Subsidies checked at the municipal tier (2026-09-08): no site-level subsidy found. Ogden City RDA's nine active project areas (CBD Mall, Ogden River, East Washington, Trackline, Kiesel, Adams, Continental, Flagship, Airport) carry no mention of the 526 W 17th Street facility or of Lumen in their published descriptions, board minutes, or bond packets; the only named tax-increment recipient found in RDA search results is Williams International, unrelated to this site. Utah's EDTIF programme excludes data centres and the UCA 59-12-104 exemption is self-executing.",Lumen,reported,3.0,unknown,,,2026-08-15,Compute Atlas,lumen-ogden-ut,https://d36oiwf74r1rap.cloudfront.net/wp-content/uploads/2026/04/Data-Center-Growth-FS-Apr2026.pdf,,operational
UT,Salt Lake City,reported,United States,,,,,40.75962,-111.8868,"Lumen Salt Lake City Sites (Salt Lake 1, 2 and 4)","Subsidies checked at the municipal/operator level (2026-09-08): no site-level subsidy found. The Redevelopment Agency of Salt Lake City's FY2016 annual report and Salt Lake City Council District 2's public summary of its CRA project areas name no beneficiary matching Lumen (or its predecessor entities CenturyLink/Level 3/Qwest). Utah's EDTIF programme excludes data centres and the UCA 59-12-104 exemption is self-executing. Note this record aggregates three physically distinct Lumen facilities (Salt Lake 1, 2 and 4) at different addresses across the city, so no single site-level check applies to all three; a fuller Good Jobs First Subsidy Tracker check for Lumen Technologies as a national parent company was attempted but blocked (HTTP 403) and remains unresolved.",Lumen,reported,6.0,unknown,,,2026-08-15,Compute Atlas,lumen-salt-lake-city-ut,https://d36oiwf74r1rap.cloudfront.net/wp-content/uploads/2026/04/Data-Center-Growth-FS-Apr2026.pdf,,operational
CA,Sunnyvale,reported,United States,,,,,37.3734695,-121.9878002,Lumen Sunnyvale 1,"1380 Kifer Road, Sunnyvale — 197,100 sqft, 6MW, legacy Level3 Sunnyvale.",Lumen Technologies,reported,6.0,unknown,,,2026-07-23,Compute Atlas,lumen-sunnyvale-1-ca,https://www.datacenters.com/lumen-sunnyvale-1,,operational
WY,Cheyenne,reported,United States,,,,,41.11,-104.78,Lunavi Cheyenne Data Center,"Colocation facility at 340 Progress Circle, Cheyenne. 5 MW available with stated ability to expand to 8 MW; critical IT load 4 MW; average PUE 1.17, low 1.05. Formerly Green House Data. Ownership caveat: Fifteenfortyseven Critical Systems Realty markets a Cheyenne facility (CHWY1) with a matching 42,000 sq ft building and ~5 MW on-site, so the same building may be owned by 1547 and operated/marketed by Lunavi; only one record is held here to avoid a duplicate, with Lunavi named as operator on the strength of its own current first-party listing. No subsidy is recorded: the Wyoming Business Council materials describe Lunavi as a driver of the exemption's co-location amendments, not as a certified recipient. Coordinates approximate the street address.",Lunavi,reported,5.0,unknown,,,2026-09-02,Compute Atlas,lunavi-cheyenne-wy,https://www.lunavi.com/data-centers/cheyenne,,operational
WY,Cheyenne,reported,United States,,,,,41.11,-104.78,Lunavi Cheyenne Data Center,"Colocation facility at 340 Progress Circle, Cheyenne. 5 MW available with stated ability to expand to 8 MW; critical IT load 4 MW; average PUE 1.17, low 1.05. Formerly Green House Data. Ownership caveat: Fifteenfortyseven Critical Systems Realty markets a Cheyenne facility (CHWY1) with a matching 42,000 sq ft building and ~5 MW on-site, so the same building may be owned by 1547 and operated/marketed by Lunavi; only one record is held here to avoid a duplicate, with Lunavi named as operator on the strength of its own current first-party listing. No subsidy is recorded: the Wyoming Business Council materials describe Lunavi as a driver of the exemption's co-location amendments, not as a certified recipient. Coordinates approximate the street address.",Lunavi,reported,8.0,planned_maximum,,,2026-09-02,Compute Atlas,lunavi-cheyenne-wy,https://www.lunavi.com/data-centers/cheyenne,,planned
DE,Harrington,confirmed,United States,,,,,38.9237244,-75.5777033,Harrington Data Center Proposal (Maguire Hayden),"No street address given beyond 'the site of a former cold storage warehouse' in Harrington, DE; location pin is Harrington's OSM place centroid (approximate). Article was published 2026-08-19 and refers to a council vote 'Monday' with no explicit calendar date, so statusHistory entries are dated to month-precision (2026-08) only. A separate, still-unidentified 100 MW project appears in Delmarva Power's internal 'Kent County' project list per a 2026-09 Technical.ly FOIA report; that report states press coverage could not confirm whether it is the same project as this one. Treated here as a distinct, unconfirmed lead and NOT merged into this record given the capacity mismatch (24 MW here vs. 100 MW in Delmarva's list) — flagged in the wave summary rather than fabricated into its own record for lack of any name or location.",Maguire Hayden,reported,24.0,planned_maximum,,,2026-09-12,Compute Atlas,maguire-hayden-harrington-de,https://spotlightdelaware.org/2026/08/19/harrington-denies-data-center-proposal-despite-a-1-million-offer/,,planned
TX,,confirmed,United States,,,,,28.95,-95.97,Site MAT 1177,"~1,200 acres approximately 90 miles SW of Houston; up to 2,000MW long-term. Coordinates are a COUNTY-CENTROID approximation — exact city undisclosed.",MARA Holdings,reported,1000.0,planned_maximum,1200.0,acre,2026-07-26,Compute Atlas,mara-site-mat-1177-matagorda-tx,https://www.stocktitan.net/news/MARA/mara-signs-agreement-with-hif-to-acquire-strategic-powered-land-site-nqvuby8e4d46.html,,planned
MA,Boston,confirmed,United States,,,,,42.3545151,-71.0595422,Markley Group Boston (One Summer Street / BOSIX),"Markley's original flagship facility (1 Summer St, atop former Macy's), 920,000 sq ft, largest commercial internet exchange point (BOSIX) in New England. Distinct facility from the separately-tracked Markley Lowell (One Lowell Data Center) site.",Markley Group,reported,30.0,unknown,,,2026-09-15,Compute Atlas,markley-boston-summer-street-ma,https://www.datacentermap.com/usa/massachusetts/boston/one-summer-st/,,operational
KY,Maysville,reported,United States,,,,,38.6856147,-83.8517119,Mason County Data Center Campus,"Reported campus of six data center buildings plus three substations, office space and parking on land rezoned outside Maysville. The end user has not been publicly named; outlets describe it variously as a Fortune 100 and a Fortune 50 US technology company. Capacity figures conflict across sources: the Kentucky Lantern project tracker reports 1.2 GW (recorded here) while WVXU reports 2.2 GW — this is not settled. Construction-jobs figures also conflict (WCPO reports 1,000, LEX18 reports more than 1,500), so only the 400 permanent positions both report are recorded. LEX18 names Eastern Kentucky Power as the utility and WVXU references a Duke Energy Woodsdale substation expansion; because those two accounts are inconsistent, no energy record is asserted. Coordinates are a geocode of Big Pond Pike (reported as the site road, near KY-3056) and are approximate — the parcel boundaries are not published.",Undisclosed (Fortune 100 end user; rezoning sought through Mason County officials),reported,1200.0,planned_maximum,2000.0,acre,2026-09-15,Compute Atlas,mason-county-hyperscale-campus-maysville-ky,https://www.weku.org/the-commonwealth/2026-05-26/mason-county-gives-final-approval-on-rezoning-properties-for-data-center-construction,,planned
PA,Limerick Township,reported,United States,,,,,40.2447,-75.573,Limerick Township Data Center Campus (MCD 7),"Eight server buildings totaling about 1.4 million sq ft on roughly 192 acres across from the Philadelphia Premium Outlets, replacing a previously approved warehouse complex; projected to generate $10–20 million in tax revenue, primarily to the Spring-Ford School District. Trade press reports the project under the name 'Project Laurel' and places it within a mile of Constellation's Limerick nuclear station; neither detail was confirmed in the source cited here. The eventual occupant is under a non-disclosure agreement.",MCD 7 LLC,reported,750.0,planned_maximum,192.0,acre,2026-09-10,Compute Atlas,mcd7-limerick-township-montgomery-county-pa,https://www.suburbanrealtorsalliance.com/news/2026/01/16/montgomery-county/limerick-gets-first-look-at-1.4m-square-foot-data-center-proposal/,,planned
IL,Chicago,reported,United States,,,,,41.8716062,-87.6430697,Menlo Digital Chicago Exchange (601 West Polk),Converted brick warehouse; owner page cites one 2.5 MW utility-owned substation plus two 2.5 MW building-owned unit substations and 8 MW installed capacity. Menlo Equities is the owner; Block Club names Menlo Digital as the operating brand.,Menlo Digital (Menlo Equities),reported,8.0,unknown,,,2026-09-25,Compute Atlas,menlo-digital-chicago-exchange-il,https://www.menloequities.com/properties/601-polk-west-polk-street/,,operational
VA,Petersburg,confirmed,United States,,,,,37.199,-77.363,Menlo Digital Richmond Virginia Data Center (Jamestown Drive),"Four-building campus totalling roughly 1.2 million sq ft on 74 acres, served by a planned 300 MW substation; the 104 MW figure is the reported supported IT load at full buildout, not the substation rating. Menlo's own site markets the project as 'Richmond Virginia Data Center'. Coordinates are an approximate geocode of the cited street address.",Menlo Digital,reported,104.0,planned_maximum,74.0,acre,2026-09-09,Compute Atlas,menlo-digital-jamestown-drive-petersburg-va,http://web.archive.org/web/20260721131420/https://richmondbizsense.com/2026/07/21/documents-reveal-details-on-data-center-projects-in-petersburgs-pipeline/,,planned
CA,Sunnyvale,confirmed,United States,,,,,37.4009443,-122.0324832,Menlo Digital MD-SV1 (888–894 Ross Drive),"Two-story ~244,214 sq ft building with six data halls on an 8.9-acre Peery Park site; 49 MW secured power / 36 MW critical IT per Menlo Digital. Distinct from Menlo Equities' 300 Holger Way and Great Oaks Parkway proposals in San José.",Menlo Equities / Menlo Digital (Sunnyvale Technology Partners LLC),reported,49.0,planned_maximum,8.9,acre,2026-09-21,Compute Atlas,menlo-digital-md-sv1-ross-drive-sunnyvale-ca,https://docs.cpuc.ca.gov/PublishedDocs/Published/G000/M602/K365/602365009.pdf,,planned
CA,San Jose,confirmed,United States,,,,,37.2503404,-121.7944434,"5601 Great Oaks Parkway Data Center (Menlo Equities, Charlotte Drive)","Proposed on Charlotte Drive between Lexington Avenue and Raleigh Road, industrial-zoned land within Western Digital's tech campus; The Real Deal reports the project would require nearly 100 MW once complete. Coordinates are a street-level geocode of Great Oaks Parkway (approximate).",Menlo Equities,reported,100.0,planned_maximum,,,2026-09-21,Compute Atlas,menlo-equities-great-oaks-parkway-san-jose-ca,http://web.archive.org/web/20260813091228/https://www.sanjoseca.gov/your-government/departments-offices/planning-building-code-enforcement/planning-division/data-center-and-other-large-energy-use-projects,,planned
SC,Graniteville,confirmed,United States,,,,,33.5629,-81.8287,Meta Aiken Data Center,"Sage Mill Industrial Park, Graniteville. 715,000 sq ft; Meta's 22nd US data center. Explicitly optimized for AI workloads. Administration building constructed with mass timber. Expected operational spring 2027. Coordinates are Graniteville area centroid. Subsidies lane checked 2026-09-10: Aiken County offered property-tax breaks to Meta as early as 2023, under the pre-announcement code name 'Project Sabal' and intermediary 'Starskey LLC'. No dollar figure or FILOT ordinance number found this run -- not filing a structured subsidies entry, flagging the lane for a follow-up pass to locate the actual FILOT agreement/ordinance.",Meta,reported,200.0,planned_maximum,300.0,acre,2026-09-10,Compute Atlas,meta-aiken-county-sc,https://www.datacenterdynamics.com/en/news/meta-plans-800m-data-center-campus-in-aiken-county-south-carolina/,,planned
IA,Altoona,confirmed,United States,,,,,41.6459,-93.4696,Meta Altoona Data Center Campus,"Operational since 2013; 5M+ sq ft after seven expansions — Meta's largest cloud campus. Meta's engineering blog documents Altoona as a GenAI infrastructure / LLaMA training site. INVESTMENT: 'more than $2.5 billion' is a cumulative multi-year figure across all expansions (in notes, not investmentUsd). 400+ on-site operations staff is a cumulative daily figure (in notes). ~350 MW per third-party index. Coordinates are the Altoona town centroid. Meta cites a cumulative capital investment of 'more than $2.5 billion' across seven Altoona expansions since 2013 (Data Center Frontier); the 2019 Building 5 phase was ~$400M (IEDA). Both are cumulative/single-phase figures -> investmentUsd omitted.",Meta,reported,350.0,unknown,,,2026-09-14,Compute Atlas,meta-altoona-ia,https://www.datacenterfrontier.com/cloud/article/11427725/meta-adds-more-data-centers-in-iowa-pushing-campus-to-5-million-sf,,operational
WI,Beaver Dam,confirmed,United States,,,,,43.457,-88.837,Meta Beaver Dam Data Center Campus,"Coordinates are approximate city centroid for Beaver Dam; exact site is Alliant Energy Beaver Dam Commerce Park (Wisconsin's largest certified development-ready site). 700,000+ sq ft campus. Meta's 26th US data center. AI workloads are the stated purpose.",Meta,reported,220.0,planned_maximum,,,2026-09-13,Compute Atlas,meta-beaver-dam-wi,https://datacenters.atmeta.com/2025/11/hello-beaver-dam/,,planned
WY,Cheyenne,confirmed,United States,,,,,41.099,-104.769,Meta Cheyenne Data Center,"715,000 sq ft campus at High Plains Business Park, Meta's 25th global data center. Originally Project Cosmo. Optimized for AI workloads with new H-departed design. Expected operational 2027. Coordinates approximate for High Plains Business Park in SE Cheyenne. Energy.notes corrected: removed on-site nuclear claim (Meta-TerraPower PPA is portfolio-wide grid delivery, not an on-site Cheyenne plant) and removed unverified $1.2B solar claim. jobs.sourceIndex corrected from 0 to 1 (Cheyenne LEADS is the source for the 1,000 construction jobs figure).",Meta,reported,109.0,planned_maximum,960.0,acre,2026-08-19,Compute Atlas,meta-cheyenne-wy,https://www.datacenterdynamics.com/en/news/meta-officially-announces-data-center-in-cheyenne-wyoming/,,planned
TX,El Paso,confirmed,United States,,,,,31.81,-106.55,Meta El Paso AI Data Center Campus,"Campus located in far Northeast El Paso near Texas-New Mexico state line on approximately 1,000 acres; coordinates are approximate city-area centroid, exact parcel not publicly identified. Meta's third Texas data center. Campus can scale to 1 GW. Construction jobs figure (4,000) reflects updated peak estimate from March 2026 $10B expansion announcement.",Meta,reported,1000.0,planned_maximum,1000.0,acre,2026-09-08,Compute Atlas,meta-el-paso-tx,https://about.fb.com/news/2025/10/metas-new-ai-optimized-data-center-el-paso/,,planned
TN,Gallatin,confirmed,United States,,,,,36.3884,-86.4369,Meta Gallatin Data Center Campus,"Campus coordinates are city-centroid approximation for Gallatin, TN. Up to 12 data halls planned on 900+ acres per DPR Construction (general contractor). Meta is deploying AI GPU clusters in waterproof tent structures (rapid deployment structures) at this campus to accelerate capacity ahead of permanent building construction.",Meta,reported,300.0,unknown,900.0,acre,2026-09-21,Compute Atlas,meta-gallatin-tn,https://www.datacenterdynamics.com/en/news/meta-brings-data-centers-in-tents-to-gallatin-tennessee/,,operational
TN,Gallatin,confirmed,United States,,,,,36.3884,-86.4369,Meta Gallatin Data Center Campus,"Campus coordinates are city-centroid approximation for Gallatin, TN. Up to 12 data halls planned on 900+ acres per DPR Construction (general contractor). Meta is deploying AI GPU clusters in waterproof tent structures (rapid deployment structures) at this campus to accelerate capacity ahead of permanent building construction.",Meta,reported,300.0,planned_maximum,900.0,acre,2026-09-21,Compute Atlas,meta-gallatin-tn,https://www.datacenterdynamics.com/en/news/meta-brings-data-centers-in-tents-to-gallatin-tennessee/,,planned
AL,Huntsville,confirmed,United States,,,,,34.726,-86.647,Meta Huntsville Data Center Campus,"Address: 5400 Prosperity Dr NW, Huntsville, AL. Coordinates are approximate for Cummings Research Park area. Original 2.5M sq ft campus operational; expansion to 3.5M sq ft paused December 2022 for AI architecture redesign; Meta stated no intent to abandon site. Over 85 grants and $4.2M in sponsorships to Huntsville-area schools since 2019. Meta's stated investment rose to more than $1.5B with the June 2022 expansion (original 2018 build ~$750M); the 3.5M-sq-ft expansion was later paused for AI redesign, so the ultimately realized figure is uncertain. Alabama's standard data-center abatement (Chapter 9B) likely applies, but no dollar figure was found in public sources. STATUS RE-CHECK, NO CHANGE - operational is correct and the record's cited source is being misread. The 'expansion next to be stopped amid AI pivot' story dates from December 2022, not from the present, and what it describes is a TEMPORARY CONSTRUCTION PAUSE OF A PORTION of the expansion pending a redesign - Meta explicitly did not cancel the project (unlike its Denmark site). The campus itself broke ground in 2018 and has been operating since 2021; Meta's current info sheet still describes operational buildings there. Operating campus and paused expansion phase are two different things, and this record tracks the campus. Recommend keeping status operational and recording the 2022 partial-expansion pause as statusHistory context rather than a status change. I found no source published after 2022 stating the paused portion has either resumed or been cancelled, so that phase's present state is genuinely unresolved.",Meta,reported,487.0,unknown,,,2026-09-28,Compute Atlas,meta-huntsville-al,https://www.datacenterdynamics.com/en/news/metas-huntsville-alabama-data-center-expansion-next-to-be-stopped-amid-ai-pivot/,,operational
LA,Delhi vicinity,reported,United States,,,,,32.4442,-91.4906,Meta Hyperion,"A second, larger Meta data center development at the same Richland Parish complex is in progress under the internal name 'Project Evest' (Evest LLC, a Meta subsidiary and Laidley affiliate), the subject of a new, not-yet-docketed LPSC certification application (Direct Testimony of Laura K. Beauchamp on behalf of Entergy Louisiana, filed March 2026, public-redacted version). The testimony states Evest 'seeks to develop adjacent to Laidley's data center in Richland Parish, Louisiana, that was the subject of the proceedings in LPSC Docket No. U-37425' (i.e., the already-tracked Hyperion project). To serve Evest, Entergy is seeking certification of seven new 754 MW 1x1 CCCT generators (four near the Richland Parish site, three sited near the existing Big Cajun site in Pointe Coupee Parish) plus battery storage co-located at the Bogalusa West Solar and Cypress Harvest Solar facilities -- on top of the three CCCTs (Franklin Farms 1&2, Waterford 5) already approved for Hyperion itself. Investigative coverage (The Lens, 2026-04-14) puts the combined Hyperion+Evest generation build at 10 new gas plants, 7,000+ MW, and $16B+ in new fossil-fuel infrastructure serving this one customer, and reports the underlying Entergy-Meta commercial agreements are not fully public. This is DISTINCT NEW information not yet reflected in the existing record's notes/community fields (which per the roster are already populated) -- flagging for maintainer review rather than as a field-merge, since 'community' on this record is locked (already has a value) and it is not yet certain whether Evest will ship as a second facility record or as an update to this one once its own docket number and site-specific coordinates are public.",Meta,reported,2000.0,planned_maximum,2250.0,acre,2026-09-15,Compute Atlas,meta-hyperion-richland-parish-la,https://www.reuters.com/technology/meta-build-ai-data-center-louisiana-2025-01-24/,,planned
IN,Jeffersonville,confirmed,United States,,,,,38.33,-85.715,Meta Jeffersonville Data Center,"River Ridge Commerce Center, Jeffersonville IN (Clark County, across Ohio River from Louisville KY). ~700,000 sq ft; AI-native design with liquid cooling from the start. Coordinates are approximate River Ridge Commerce Center area.",Meta,reported,407.0,planned_maximum,619.0,acre,2026-08-05,Compute Atlas,meta-jeffersonville-in,https://datacenters.atmeta.com/2024/01/hello-jeffersonville/,,planned
MO,Kansas City,confirmed,United States,,,,,39.247,-94.705,Meta Kansas City Northland,"Located at Golden Plains Technology Park (Diode Ventures development), 801 NW 128th Street, at the northwest corner of I-435 and US-169. Three data center buildings + warehouse, 1.4M sq ft total. Meta's first Missouri data center. Coordinates are approximate for the Golden Plains Technology Park area.",Meta,reported,750.0,planned_maximum,882.0,acre,2026-09-10,Compute Atlas,meta-kansas-city-northland-mo,https://about.fb.com/news/2025/08/metas-kansas-city-data-center/,,planned
IN,Lebanon,confirmed,United States,,,,,40.07,-86.45,Meta Lebanon (Project Domino),"LEAP Innovation and Research District, Lebanon IN (Boone County, ~30 mi NW of Indianapolis). 1,500 acres, 4 million sq ft total; 13 buildings. Among Meta's largest single infrastructure investments. Coordinates are approximate LEAP District area north of Lebanon.",Meta,reported,1000.0,planned_maximum,1500.0,acre,2026-08-05,Compute Atlas,meta-lebanon-in,https://about.fb.com/news/2026/02/metas-new-data-center-lebanon-indiana-marks-milestone-ai-investment/,,planned
AZ,Mesa,confirmed,United States,,,,,33.3375358,-111.6355386,Meta Mesa Data Center,"Meta data center at 3841 S Ellsworth Rd in the Elliot Road Technology Corridor, Mesa, Maricopa County — land acquired 2021 (shell entity 'Redale LLC'), came online in 2025, and was redesigned for AI workloads during construction (baxtel). Meta states 'more than $1 billion' invested in Arizona. No site-specific IT-load MW is disclosed. Coordinates are an approximate geocode of the disclosed Ellsworth Rd address; a county-parcel pass could upgrade precision to exact.",Meta,reported,50.0,unknown,396.0,acre,2026-08-31,Compute Atlas,meta-mesa-az,https://datacenters.atmeta.com/2025/01/mesa-we-are-online/,,operational
OR,Prineville,confirmed,United States,,,,,44.3042,-120.8515,Meta Prineville Data Center Campus,,Meta,reported,400.0,unknown,240.0,acre,2026-09-14,Compute Atlas,meta-prineville-or,https://en.wikipedia.org/wiki/Meta_Platforms#Data_centers,,operational
OH,New Albany,reported,United States,,,,,40.092,-82.836,Meta Prometheus,"Baxtel reports campus as partially operational in 2026 with future phases planned; overall 1 GW build-out still in progress. Site address 1500 Beech Rd NW cited in permit filings but not confirmed from independently accessible sources this session. Nuclear PPA claims partially corroborated (Vistra/Oklo via SEC filings and news; TerraPower unconfirmed). On-site gas generation capacity removed pending accessible source confirmation. County listed as Licking — consistent with Beech Road corridor at Licking/Franklin county boundary per stopohiodatacenters.org. OPSB approved a 250 MW behind-the-meter gas plant (""Socrates the Younger,"" Will-Power OH, LLC) on 109 acres at Clover Valley Rd & Harrison Rd NW, New Albany, with the primary consumer named as Sidecat LLC, a Meta affiliate — corroborating the on-site generation previously removed pending an accessible source, and revising the figure from an unconfirmed 200 MW to 250 MW. This is the plant's nameplate generation, not IT load; the record's capacityMw (1,000 MW planned) is unchanged.",Meta,reported,1000.0,planned_maximum,,,2026-08-08,Compute Atlas,meta-prometheus-new-albany-oh,https://spectrumnews1.com/oh/columbus/news/2025/11/13/meta-gigawatt-data-center-new-albany-,,planned
MN,Rosemount,confirmed,United States,,,,,44.74,-93.115,Meta Rosemount Data Center,"Site is 280 acres of UMore Park (former WWII smokeless powder facility, then Univ. of Minnesota agricultural research land) in Rosemount. Meta's 19th US data center. Coordinates approximate for northern UMore Park area. Additional parcels purchased Feb 2025 via Jimnist LLC for potential expansion; no current build plan on those parcels.",Meta,reported,75.0,planned_maximum,280.0,acre,2026-08-24,Compute Atlas,meta-rosemount-mn,https://datacenters.atmeta.com/2024/03/hello-rosemount/,,planned
TX,Temple,confirmed,United States,,,,,31.1399225,-97.3812992,Meta Temple Data Center,"Three-building greenfield campus of more than 750,000 sq ft of data center and administrative space. JE Dunn lists the project status as completed. Meta reported $1.7m in direct funding to Bell County schools and nonprofits, including a $400,000 grant announced at the opening.",Meta,reported,152.0,unknown,386.0,acre,2026-08-26,Compute Atlas,meta-temple-tx,https://www.kwtx.com/2026/07/22/meta-goes-live-temple-with-12-billion-ai-data-center/,,operational
IL,Chicago,reported,United States,,,,,41.8639696,-87.6749686,Metro Edge IMD1,"Operator's current project page states ""4 story, 174,900 SF"" and ""53 MW in total power from ComEd, 28 MW initial phase""; the 2022 announcement described a 21MW five-storey building, so the design grew. Status is the weakest link here — neither operator page states a live date, and confidence is set to reported accordingly. Coordinates geocoded from the published street address.",Metro Edge Development Partners,reported,53.0,planned_maximum,1.97,acre,2026-09-25,Compute Atlas,metro-edge-imd1-chicago-il,https://medp.io/news/metro-edge-development-partners-secures-land-in-chicago-for-21mw-data-center,,planned
MO,Liberty,reported,United States,,,,,39.2459,-94.4191,Metrobloks Liberty Campus,"$1.4B, 150 MW AI-ready campus in Liberty, Clay County. Coordinates are the Liberty area centroid. Partner: Lincoln Property Company.",Metrobloks,reported,150.0,planned_maximum,,,2026-07-26,Compute Atlas,metrobloks-liberty-mo,https://www.metrobloks.com/press-release/metrobloks-announces-data-center-investment-in-liberty-missouri,,planned
IN,Indianapolis,confirmed,United States,,,,,39.7975,-86.1197,Metrobloks Martindale-Brightwood Data Center,"$500M (two phases; first ~$150M), 75 MW data center on the 14-acre former Sherman Drive-In site at 2505 N Sherman Dr, Indianapolis. ~168,000 sq ft with 36 backup generators. MDC approved rezoning 6-2 on 2026-04-01. Coordinates approximate from the cited street address (pending parcel-precise geocode).",Metrobloks,reported,75.0,planned_maximum,14.0,acre,2026-09-13,Compute Atlas,metrobloks-martindale-brightwood-indianapolis-in,https://www.datacenterdynamics.com/en/news/metrobloks-pitches-500m-data-center-in-indianapolis-indiana/,,planned
FL,Miami,confirmed,United States,,,,,25.79,-80.41,Metrobloks MIA-A1 (MB01),"500 NW 137th Avenue, Miami-Dade County (Airport West submarket, near Miami International Airport). Land acquisition closed March 31, 2025; targeting operations by end of 2026, but no permit or construction-start source located -- recorded proposed, not under_construction. Capacity is disputed between the operator's own two pages: 15.2 MW at the press-release/land-acquisition stage (independently corroborated by Cushman & Wakefield) vs. 16.8 MW critical IT on the current site page, which separately claims ~40,500 sq ft of total whitespace across two 15,200 sq ft halls (an internal arithmetic inconsistency on the operator's own page). Recorded the better-corroborated 15.2 MW figure. The operator's site page states ~21ms round-trip latency to the NAP of the Americas and Uptime Tier III design intent with liquid cooling to 150kW/rack; no confirmed total-building square footage, investment figure, or jobs figure located -- omitted per project convention rather than using unconfirmed numbers. No opposition/permit coverage found this session; Airport West is a commercial/industrial submarket. Coordinates are an approximate Airport West-area estimate, not a parcel-confirmed geocode of the street address.",Metrobloks,reported,15.2,planned_maximum,4.05,acre,2026-09-21,Compute Atlas,metrobloks-mia-a1-miami-fl,https://www.metrobloks.com/press-release/metrobloks-acquires-land-in-miami-fl-to-build-15-2mw-ai-ready-data-center,,planned
MI,Southfield,confirmed,United States,,,,,42.474,-83.293,Metrobloks Southfield Data Center,"217,030-230,000 sq ft, two-story building on ~12.19 acres of vacant land along Inkster Road north of 11 Mile Road, Southfield's northwest corner. Los Angeles-based developer Metrobloks (already tracked elsewhere in MO/IN/FL) has not completed a data center build anywhere yet per reporting. City of Southfield's own statement explicitly says the facility is NOT intended as 'an artificial intelligence repository' -- omitting aiClassification here rather than defaulting to 'likely'. City Council approved the site plan 5-2 on Dec 16, 2025; the city notes 'Approval of the proposal does not remove City oversight' -- still subject to further permitting. A named IT-engineer public commenter said the real target may be closer to 150 MW by groundbreaking; unconfirmed beyond that public comment. Closed-loop cooling planned, city says 'minimal long-term water use.' Coordinates are an approximate Inkster/11 Mile intersection estimate, not parcel-geocoded.",Metrobloks,reported,100.0,planned_maximum,12.19,acre,2026-09-21,Compute Atlas,metrobloks-southfield-mi,https://www.cityofsouthfield.com/news/city-southfield-statement-regarding-proposed-data-center,,planned
MA,Holyoke,confirmed,United States,,,,,42.20285,-72.60693,Massachusetts Green High Performance Computing Center,"90,300 sq ft, opened 2012, hydro-powered university research-computing consortium (100 Bigelow St). Explicitly exempted from Holyoke's 2026 data center ban. Houses the MIT Lincoln Laboratory Supercomputing Center (LLSC / TX-GAIA) — recorded as one facility, not two.",MGHPCC consortium (BU/Harvard/MIT/Northeastern/UMass/Yale),reported,15.0,unknown,,,2026-09-21,Compute Atlas,mghpcc-holyoke-ma,https://en.wikipedia.org/wiki/Massachusetts_Green_High_Performance_Computing_Center,,operational
CA,San Jose (Alviso),confirmed,United States,,,,,37.428,-121.977,Microsoft Alviso Data Center Campus,"Microsoft's first self-owned/operated data center in San Jose. Groundbreaking June 10, 2026, target completion 2028. 64-acre site (1657 Alviso-Milpitas Rd), two-building campus. Distinct from the already-tracked Prologis San Jose records.",Microsoft,reported,48.0,planned_maximum,65.0,acre,2026-09-29,Compute Atlas,microsoft-alviso-san-jose-ca,https://www.datacenterdynamics.com/en/news/microsoft-breaks-ground-on-alviso-data-center-campus-in-san-jose-california/,,planned
WA,East Wenatchee,reported,United States,,,,,47.407837,-120.207723,Microsoft East Wenatchee Data Center,"Microsoft Azure data center campus on Urban Industrial Way near Pangborn Memorial Airport, East Wenatchee, Douglas County — first building operational (grand opening Dec 2022), additional buildings under construction, on ~340 acres. Under a Douglas County PUD Schedule 4 power-delivery agreement, Microsoft is contracted for up to 180 MW at full build-out (KPQ, citing the PUD agreement); the first building's permit was valued at $409M (Wenatchee World). DISTINCT from Microsoft's tracked Malaga campus, which is across the Columbia River in Chelan County (served by Chelan County PUD). Coordinates are an approximate geocode of the Urban Industrial Way corridor; a county-parcel pass could upgrade precision to exact.",Microsoft,reported,180.0,planned_maximum,340.0,acre,2026-07-24,Compute Atlas,microsoft-east-wenatchee-wa,https://www.wenatcheeworld.com/business/new-douglas-county-microsoft-data-center-launches-with-party-tour/article_95ce41dc-7267-11ed-ab98-af7c94439b63.html,,planned
GA,Fayetteville,confirmed,United States,,,,,33.4487,-84.4549,Microsoft Fairwater Atlanta (Azure AI Superfactory),"615-acre, up-to-13-building QTS-built campus on Hwy 54W near Fayetteville, Fayette County (Microsoft's materials say 'Atlanta'). Began operation Oct 2025 as Fairwater 2 — a 'multi-gigawatt' AI campus. ~1,500 MW is the anticipated ultimate Georgia Power load across all buildings (planned figure; ~433 MW cited as initially online). Distinct from Microsoft's smaller Tyrone, GA campus. Two-story design with no UPS or backup generators. Coordinates are the Fayetteville area centroid. Microsoft has not disclosed tenant capex for the Fairwater Fayetteville space; the ~$1B/$6.5B figures are QTS developer build-out estimates for the full multi-tenant campus, and the widely-cited $14.5M abatement / $1.8B / $75M figures attach to different Microsoft/Fulton-County sites (the $75M was FCDA land-sale proceeds, not a subsidy to QTS) -> investmentUsd omitted.",Microsoft,reported,1500.0,planned_maximum,615.0,acre,2026-07-26,Compute Atlas,microsoft-fairwater-fayetteville-ga,https://news.microsoft.com/source/features/ai/from-wisconsin-to-atlanta-microsoft-connects-datacenters-to-build-its-first-ai-superfactory/,,planned
IN,Granger,reported,United States,,,,,41.73,-86.13,Microsoft Granger Data Center,"Former St. Joe Farm, near Bittersweet Road and Currant Road, Granger IN (St. Joseph County). 939 acres; 5-6 buildings planned; ~1 GW power load estimated by county officials. Microsoft not seeking local tax incentives. Status downgraded from 'under_construction' to 'permitted': WSBT source (cited in original record for the construction claim) explicitly states 'no construction has begun' and no formal site plan submitted; WNDU March 2026 MOU covers pre-development evaluation only. Confidence downgraded to 'reported' pending construction confirmation. Coordinates are approximate Granger unincorporated community area.",Microsoft,reported,1000.0,planned_maximum,939.0,acre,2026-05-30,Compute Atlas,microsoft-granger-in,https://www.datacenterdynamics.com/en/news/microsoft-buys-900-acre-st-joe-farm-indiana-for-data-center-build/,,planned
WA,Malaga,confirmed,United States,,,,,47.23,-120.2,Microsoft Malaga Campus,"Three-building campus at 5375 Malaga Alcoa Highway; two additional buildings possible by 2027 on demand. 288 MW figure from secondary aggregator Cleanview only; primary sources (DCD, Microsoft) do not specify MW capacity. Construction of first building began June 2023 per Microsoft Local blog; original statusHistory incorrectly dated under_construction to 2024-05. Expected operational 2026. Coordinates approximate for Malaga area on Malaga Alcoa Highway. A Building-1 permit cites ~72 peak-shift staff (a single-building figure, not a facility employment total); no confirmed total campus capital-expenditure figure is public. Go-live check 2026-08-08: NO citable operational date exists. Microsoft's own Malaga project page gives a first-phase construction window concluding in early 2026 but states plainly that ""Completion of construction does not indicate datacenter operation/availability"", and publishes no energization or service date. Secondary reporting that the first building would be ""powered in August and fully operational by late 2026"" is forward-looking and was not used to move the status. Remains under_construction. Microsoft's own Quincy/Central Washington community page states it ""operates datacenters in Quincy and is developing new datacenters in Malaga and East Wenatchee"" — positively confirming the site is not yet operational.",Microsoft,reported,288.0,planned_maximum,102.5,acre,2026-09-05,Compute Atlas,microsoft-malaga-wa,https://www.datacenterdynamics.com/en/news/microsoft-plans-three-data-centers-in-malaga-washington/,,planned
WI,Mount Pleasant,reported,United States,,,,,42.7209,-87.9023,Microsoft Mount Pleasant Data Center Campus,,Microsoft,reported,1000.0,planned_maximum,1575.0,acre,2026-09-14,Compute Atlas,microsoft-mount-pleasant-wi,https://news.microsoft.com/source/2024/05/08/microsoft-announces-3-3-billion-investment-in-wisconsin-to-spur-artificial-intelligence-innovation-and-economic-growth/,,planned
IL,Northlake,confirmed,United States,,,,,41.9231062,-87.9182633,Microsoft Northlake Data Center,"Microsoft's Azure North Central US site at 601 Northwest Avenue, Northlake. The 158 MW figure is reported utility supply capacity from three on-site substations, not an IT load, so it is recorded under energy notes rather than capacityMw. The Aligned ORD-01/ORD-02 buildings already tracked sit on the same street but are separate operators and parcels.",Microsoft,reported,158.0,unknown,15.0,acre,2026-09-21,Compute Atlas,microsoft-northlake-il,https://dceo.illinois.gov/content/dam/soi/en/web/dceo/aboutdceo/reportsrequiredbystatute/2025-data-centers-annual-report.pdf,,operational
CA,San Jose,confirmed,United States,,,,,37.3796338,-121.9307551,Microsoft San Jose Data Center Campus (SJ04),"Distinct from the Microsoft Alviso campus already tracked: separate parcel (APNs 101-02-019 and 101-02-020 at 2515 Orchard Parkway, about 4 km from 1657 Alviso-Milpitas Road) and a separate CEC docket (22-SPPE-02 vs 19-SPPE-04). Still under CEC review as of the July 2025 fourth revised project description.",Microsoft,reported,97.8,planned_maximum,22.29,acre,2026-09-21,Compute Atlas,microsoft-orchard-parkway-san-jose-ca,https://ceqanet.lci.ca.gov/2023020229,,planned
TX,Pecos,confirmed,United States,,,,,31.42,-103.49,Microsoft Pecos Data Center Campus,"7,000-acre campus in Reeves County. Natural gas plant investment estimated at $7B separate from campus construction. No groundbreaking date reported as of July 2026; coordinates are Pecos city center as exact parcel not disclosed.",Microsoft,reported,2000.0,planned_maximum,7000.0,acre,2026-09-10,Compute Atlas,microsoft-pecos-tx,https://blogs.microsoft.com/blog/2026/06/22/powering-the-next-wave-of-ai-expanding-capacity-with-our-new-datacenter-in-pecos/,,planned
GA,Tyrone,confirmed,United States,,,,,33.494,-84.588,Microsoft Tyrone Campus (Project Rita),"Two-building campus (two 48 MW buildings = 96 MW, ~490,000-500,000 sq ft) plus an on-site substation; codename Project Rita. Part of Microsoft's East US 3 Azure region (planned 2027). Total site ~161 acres (~146.4 in Tyrone + ~14.5 in Fairburn). As of June 2 2026 no site plan or building permits filed. Microsoft requested no tax abatements (none offered). No investment figure disclosed. Coordinates approximate (address-derived; 2044 GA-74). Estimated ~4,000 gallons/day operational water use.",Microsoft,reported,96.0,planned_maximum,161.0,acre,2026-07-07,Compute Atlas,microsoft-tyrone-ga,https://www.datacenterdynamics.com/en/news/microsoft-confirms-plans-for-data-center-in-tyrone-georgia/,,planned
IL,Rochelle,reported,United States,,,,,41.8979132,-89.0482469,Steward Drive Data Center (Rochelle),"Proposed along Steward Drive in Rochelle, which operates its own municipal electric utility. The initial phase would have required at least 48 MW, with later phases expanding to about 150 MW; the recorded planned capacity is the full-build figure. The mayor cited projected Illinois capacity shortfalls from 2029.",Midwest Power Investors LLC (LFF Industrial),reported,150.0,planned_maximum,,,2026-09-12,Compute Atlas,midwest-power-investors-rochelle-il,https://www.rockfordnewsfirst.com/2026/04/28/rochelle-city-council-unanimously-rejects-data-center-proposal/,,planned
NV,Yerington,confirmed,United States,,,,,38.9855429,-119.162989,Monarch Data Center,"Roughly 505 acres in Mason Valley near Yerington; a 4.6 million-square-foot campus with north and south sub-campuses, a battery energy storage system, a natural gas plant, a substation and power lines across two parcels. First phase would provide 150 MW of the 1,000 MW total. Copia Power has one year to file its final PUD. Lyon County is drafting a stricter data center ordinance that will not apply retroactively to Monarch.",Copia Power,reported,1000.0,planned_maximum,505.0,acre,2026-09-11,Compute Atlas,monarch-data-center-yerington-nv,https://www.kolotv.com/2026/08/07/lyon-county-commissioners-approve-monarch-data-center/,,planned
IL,Rockford,reported,United States,,,,,42.1514357,-89.101077,Rock Air Data Center Campus,"Phased 1,400 MW campus on roughly 1,300 acres south of Chicago–Rockford International Airport. The state agreement requires the facility in service by 11 March 2031, carbon neutrality within two years of operations starting, a minimum 20-year operating term and at least 100 employees (74 operations, 20 maintenance, 6 executive). The investment amount in the published agreement is redacted; the program's statutory floor is $250 million, so no investment figure is recorded here.",Monarch Energy,reported,1400.0,planned_maximum,1300.0,acre,2026-09-12,Compute Atlas,monarch-rock-air-rockford-il,https://www.rockfordnewsfirst.com/2026/07/01/incentive-deal-proposed-rockford-data-center-shows-possible-development-timeline/,,planned
PA,Ransom Township,reported,United States,,,,,41.4483,-75.7375,Mudiita Ransom Township Data Center Campus,"Announced and effectively abandoned within the same month (July 2026). Part of the property may instead be used for the Old Forge Pumped Storage Project, filed with FERC on July 7, 2026 by Renewable Energy Aggregators Inc. Recorded as cancelled because the named incorporator disclaimed any intent to proceed and the project's marketing sites were taken down; no formal withdrawal filing was located.",Mudiita Land Venture LLC,reported,750.0,planned_maximum,930.0,acre,2026-08-17,Compute Atlas,mudiita-ransom-township-lackawanna-pa,https://baxtel.com/news/ransom-township-could-host-930-acre-data-centre-campus,,planned
KY,Pineville,reported,United States,,,,,36.7620301,-83.6949176,Murray Industries Pineville Data Center,"Lexington-based Murray Industries proposes a hyperscale data center on land along the Bell–Knox county line that its owner bought three years ago to mine coal and that retains electrical infrastructure from that use. The owner describes the investment as 'billions of dollars' (no specific figure published) and says newer closed-loop cooling would use far less water than older designs. Status is recorded as proposed, not under construction: the utilities' PSC filing reports substation construction at the site, but the data center itself is subject to a two-year county moratorium. The exact parcel has not been publicly identified, so coordinates are the Pineville (county seat) centroid and are approximate only — the site may be several kilometres from this pin.",Murray Industries,reported,360.0,planned_maximum,,,2026-09-21,Compute Atlas,murray-industries-pineville-bell-ky,https://www.wymt.com/2026/06/26/bell-county-residents-pack-courthouse-oppose-data-center-construction/,,planned
MD,Lusby,reported,United States,,,,,38.39,-76.435,Appeal Digital Park,"Four data center buildings of roughly 200,000-220,000 sq ft each, about 70 feet tall, on 133 acres of county-owned I-2 heavy industrial land — the former Dominion Cove Point laydown site — paired with a pledged $30 million regional park on a separate Dominion-donated parcel. Capacity, water and jobs figures are developer-supplied. As of the county's data center page, no site plan application has been filed, and Calvert County's six-month moratorium on data center site plan approvals takes effect Aug. 28, 2026. Re-checked 2026-09-10: status confirmed PROPOSED, no change. Developer's own project page confirms 300 MW capacity (already in existing record, not re-filed) and states timelines remain 'subject to change...dependent upon final design development, regulatory approvals, and other factors' -- i.e. no firmer status yet. Attempted to fetch thebaynet.com's $30M-park and investment-cost coverage twice this run for investmentUsd and community.status but both returned HTTP 429 (rate-limited, not fetched) -- so no investmentUsd or community field is reported; those remain open for a future run against a non-rate-limited mirror.",Natelli Holdings,reported,300.0,planned_maximum,133.0,acre,2026-09-10,Compute Atlas,natelli-appeal-digital-park-lusby-md,https://www.choosecalvert.com/4058/Natelli-Communities,,planned
NC,New Hill,reported,United States,,,,,35.6526,-79.0033,Natelli New Hill Digital Campus,"Proposed 300 MW digital campus in New Hill, Wake County. Single-tracker source → confidence reported. Coordinates are the New Hill area centroid.",Natelli Holdings,reported,300.0,planned_maximum,200.0,acre,2026-09-24,Compute Atlas,natelli-new-hill-nc,https://www.blackridgeresearch.com/blog/latest-list-of-biggest-largest-upcoming-data-centers-north-carolina-united-states-us,,planned
ME,Millinocket,confirmed,United States,,,,,45.6501257,-68.7073294,Nautilus Data Technologies Data Center (Former Great Northern Paper Mill / One North),"Site address (1 Katahdin Ave) and 1,400-acre complex size independently confirmed by EPA (sourceIndex 2, a Brownfields cleanup release, not about this project). No source found specifies exactly which 13 acres of the complex were slated for the data center, so precision is approximate rather than exact. The mill site has since been rebranded 'One North' by nonprofit redeveloper Our Katahdin and is pursuing smaller-footprint tenants (biofuels, aquaculture) instead. Coordinates: OpenStreetMap Nominatim building match 'Great Northern Paper Administration Building' at this address (way/355222391), cross-checked against the US Census geocoder (onelineaddress) which landed ~230m away on the same site; OSM building match used per contract preference.",Nautilus Data Technologies,reported,60.0,planned_maximum,,,2026-09-21,Compute Atlas,nautilus-millinocket-me,https://www.bangordailynews.com/2025/04/09/mainefocus/mainefocus-business/300m-data-center-former-millinocket-paper-mill-canceled/,,planned
CA,Stockton,confirmed,United States,,,,,37.9633,-121.3681,Nautilus Stockton 1 Data Center,"6.5 MW of critical IT load across four vaults (1.0–2.5 MW each) in roughly 13,000 sq ft of vault space. Coordinates are the project coordinates printed on the CEQA Notice of Determination (37°57'48""N 121°22'5""W), not a surveyed footprint.",Nautilus Data Technologies,reported,6.5,unknown,,,2026-09-21,Compute Atlas,nautilus-stockton-1-ca,https://nautilusdt.com/stockton-data-center/,,operational
NY,Massena,confirmed,United States,,,,,44.979,-74.73,North Country Collocation Services Massena Data Center (former Reynolds site),"⚠️ ADJUDICATION REQUIRED - POSSIBLE OVERLAP WITH AN EXISTING ROW. NCPR states ""the facility would include three buildings totaling nearly 1.5 million square feet at the former Reynolds site, about eight miles outside of the village of Massena and near the bridge to Canada. The operation would consume 635 megawatts of power. That equates to roughly 70% of the power produced at the Moses-Saunders Power Dam. The developer, North Country Collocation Services, or NCCS, presented its plan to the board."" The former Reynolds Metals plant is the same industrial complex as the 'Alcoa East' site that the existing crypto_mining row coinmint-massena-ny sits on (that row is at 44.9777, -74.7327), and trade press frames this as NYDIG - the current owner of that mining operation - seeking to EXPAND at the Massena site. I have recorded it as a separate proposed data_center because the three buildings, the 635 MW load and the planning-board proceeding are a distinct new project with a distinct developer entity, but if the maintainer prefers one row per site this should be folded into coinmint-massena-ny instead. Coordinates are an approximate placement on that industrial complex derived from the source's description, NOT a surveyed parcel. Confirmed absences (2026-09-09): the fetched sources state no investment figure, no job counts, no acreage, no water-use figure, no utility, and no subsidy or IDA agreement. NOT recorded because unverified in this run: reporting elsewhere describes 316 diesel generators on site and a zoning question referred to the Zoning Board of Appeals over whether a large-scale data center is a permitted use in the industrial zone.",North Country Collocation Services (NCCS),reported,635.0,planned_maximum,,,2026-09-09,Compute Atlas,nccs-massena-reynolds-ny,https://www.northcountrypublicradio.org/news/story/53469/20260522/massena-town-planning-board-takes-no-action-at-data-center-meeting,,planned
CT,Waterford,confirmed,United States,,,,,41.3218,-72.1582,NE Edge Millstone Nuclear Data Center,"Connecticut has no hyperscale data centers. Governor Lamont's administration has since required new data centers to bring their own power generation rather than draw from the grid, and has proposed a PILOT framework in lieu of the prior tax incentive structure. Only one company (Cigna) used Connecticut's data center tax incentive since its enactment.",NE Edge,reported,300.0,planned_maximum,,,2026-07-06,Compute Atlas,ne-edge-millstone-ct,https://ctmirror.org/2024/01/19/millstone-power-plant-ct-data-center-nuclear/,,planned
AL,Birmingham,confirmed,United States,,,,,33.4556,-86.8131,Nebius Birmingham AI Factory (BHM01),"Nebius Group's Birmingham AI Factory (site code BHM01); distinct from nebius-vineland-nj and nebius-independence-mo. Capacity phased: Phase I = 100 MW (targeted H2 2026), Phase II adds 200 MW (full 300 MW by 2027-2028). Land acquisition $90M confirmed (2025-09-30); ~$855M in construction permits issued (April 2026) with $2.1B more under review; total capex described as 'tens of billions' (a projection) - so investmentUsd is omitted. ~100-125 projected permanent jobs (in notes, not jobs). Site: former Regions Lakeshore Operations Center (~80 acres) acquired from UAB, Regions Bank, and U.S. Steel; general contractor Hoar Construction. Coordinates address-approximate (201 Milan Pkwy, Oxmoor Corporate Park).",Nebius Group,reported,300.0,planned_maximum,80.0,acre,2026-09-28,Compute Atlas,nebius-bhm01-birmingham-al,https://nebius.com/birminghamal,,planned
MO,Independence,confirmed,United States,,,,,39.089,-94.342,Nebius AI Factory (Independence),"Nebius Group's (Nasdaq: NBIS) first gigawatt-scale US data center project. Located in Eastgate Commerce Center, off Little Blue Parkway and Missouri Highway 78 in eastern Independence. Up to 10 buildings planned. Phase 1 operational target Q2 2027; full campus completion 2028–2029. Projected $30–50M annual tax revenue for Independence. Separate Nebius facility exists at former Kansas City Star printing press building ~20 miles west (not this record). Coordinates approximate for Eastgate Commerce Center in eastern Independence. The $150.6B bond authorization is a Missouri Chapter 100 IDRB structure; bonds are privately issued and owned by Nebius — no city credit exposure.",Nebius Group,reported,1200.0,planned_maximum,400.0,acre,2026-08-24,Compute Atlas,nebius-independence-mo,https://nebius.com/newsroom/nebius-breaks-ground-on-gigawatt-scale-ai-factory-in-independence-missouri,,planned
NJ,Vineland,confirmed,United States,,,,,39.4862,-74.992,Nebius Vineland Data Center,"Phase-1 (~100 MW) completed summer 2025 in approximately 20 weeks from March 2025 announcement; full campus buildout targeting November 2026. Total design capacity cited as 'up to 300 MW' in Nebius press releases (sourceRef 0); DataOne CEO and local/community coverage consistently cite 350 MW; long-term campus potential described as approaching 1 GW. Coordinates are approximate (site: South Lincoln and Sheridan Avenues, East Vineland; Baxtel lists 805 Sheridan Ave). DataOne is the developer/builder — BSO's data center unit (launched 2024) backed by Ardian; CEO Charles-Antoine Beyney; this is DataOne's first US site (previously Grenoble and Lyon, France). Nebius is the ~10-year tenant; Microsoft GPU infrastructure agreement commencing late 2025 under multi-year AI infrastructure deal. Facility is 100% privately funded; DataOne declined a $6.2M city equipment loan amid community backlash. Distinct from Nebius's Independence, MO (Kansas City) site. NJDEP air permit pending as of early 2026; construction proceeded ahead of final permit issuance. DataOne stated 200+ permanent full-time jobs; construction job count not disclosed.",Nebius Group,reported,100.0,unknown,106.0,acre,2026-09-21,Compute Atlas,nebius-vineland-nj,https://nebius.com/newsroom/nebius-accelerates-us-expansion-adding-up-to-300-mw-capacity-at-new-data-center-in-new-jersey,,operational
NJ,Vineland,confirmed,United States,,,,,39.4862,-74.992,Nebius Vineland Data Center,"Phase-1 (~100 MW) completed summer 2025 in approximately 20 weeks from March 2025 announcement; full campus buildout targeting November 2026. Total design capacity cited as 'up to 300 MW' in Nebius press releases (sourceRef 0); DataOne CEO and local/community coverage consistently cite 350 MW; long-term campus potential described as approaching 1 GW. Coordinates are approximate (site: South Lincoln and Sheridan Avenues, East Vineland; Baxtel lists 805 Sheridan Ave). DataOne is the developer/builder — BSO's data center unit (launched 2024) backed by Ardian; CEO Charles-Antoine Beyney; this is DataOne's first US site (previously Grenoble and Lyon, France). Nebius is the ~10-year tenant; Microsoft GPU infrastructure agreement commencing late 2025 under multi-year AI infrastructure deal. Facility is 100% privately funded; DataOne declined a $6.2M city equipment loan amid community backlash. Distinct from Nebius's Independence, MO (Kansas City) site. NJDEP air permit pending as of early 2026; construction proceeded ahead of final permit issuance. DataOne stated 200+ permanent full-time jobs; construction job count not disclosed.",Nebius Group,reported,300.0,planned_maximum,106.0,acre,2026-09-21,Compute Atlas,nebius-vineland-nj,https://nebius.com/newsroom/nebius-accelerates-us-expansion-adding-up-to-300-mw-capacity-at-new-data-center-in-new-jersey,,planned
WI,Green Bay,reported,United States,,,,,44.5155,-87.995,Netsonic Green Bay Data Center,"Carrier-neutral colocation facility operating in Green Bay since 1996, veteran-owned. The operator advertises nearly 4 MW of available power capacity on 1200-amp 480-volt service, 60 tons of redundant Liebert cooling, N+1 power, an on-site generator with roughly 96 hours of runtime, and a 9,000+ sq ft expansion. Services span standard colocation, AI/GPU high-density colocation and ASIC miner hosting at $0.075/kWh. Figures are operator-published and not independently verified, so no capacityMw value is recorded. Coordinates are a best-effort geocode of the street address.",Netsonic (Dynamic Ventures LLC),reported,4.0,unknown,,,2026-09-21,Compute Atlas,netsonic-green-bay-wi,https://www.netsonic.net/datacenter.php,,operational
OH,Piketon,confirmed,United States,,,,,39.06,-83.02,PORTS-Pike Technology Campus,"Officially ""PORTS-Pike Technology Campus""; formerly tracked under the pre-announcement Ohio entity New Day Data Centers LLC, a name that appears nowhere in the SEC S-1 or SB Energy’s own announcements. Developer/operator is SB Energy (SoftBank-controlled); the DOE lease was signed 2026-02-26 by its subsidiary Pike County Portsmouth DC LLC. CAPACITY - three distinct figures that must not be conflated: 8.0 GW-IT of contracted compute (8,024 MW-IT; NVIDIA guarantees the initial 4.25 GW-IT with an option on the remaining 3.78 GW-IT), 10 GW of gross power load (the capacityMw.planned value here), and 9.2 GW of new gas generation. OFFTAKE: on 2026-08-17 SB Energy subsidiaries signed 17 twenty-year triple-net leases with OpenAI, with rent commencement conditioned on interconnection and generation being available; NVIDIA provided a residual-value guaranty capped at $105B and separately bought $1.5B of non-voting stock. LAND: landAcres is intentionally omitted - the DOE lease covers 189 acres (Batch 1) on which ""one data center building is expected to be constructed"", while the S-1 places the buildings ""across several thousand acres of private property""; the widely-cited 3,700/3,777 acres is the whole federal reservation, which also hosts the separately tracked Oklo Aurora project, Centrus and the DUF6 plant. INVESTMENT: investmentUsd intentionally omitted - $10B (DOE, March) and $30-40B (project site) describe the same ~800 MW first phase and cannot both be right, the $67.2B total appears only as one trade outlet’s unattributed rollup, and the S-1 states no total capex. SUBSIDIES: none awarded - the Ohio Tax Credit Authority minutes record no award, no JobsOhio award was found, and Ohio paused new data-centre tax exemptions in May 2026; a county PILOT is under negotiation because the leased federal land yields no property tax. STATUS: early civil works began after the 2026-03-20 groundbreaking, though the S-1 lists construction as not started, with first capacity in 2028 and full buildout 2032. Distinct from oklo-aurora-pike-county-oh on the same broader site - do not merge or double-count.",SB Energy,reported,10000.0,planned_maximum,,,2026-09-01,Compute Atlas,new-day-ports-technology-campus-piketon-oh,https://constructionreviewonline.com/67-2b-ports-technology-campus-gains-fast-41-status-advancing-ohio-ai-megaproject/,,planned
NM,Lovington,reported,United States,,,,,32.7,-103.3,Lea County Data Center,"Land-option signed for approximately 3,500 acres near Lovington. Gas (>2GW) plus nuclear (5GW+) powered. First power targeted 2028; still pre-construction.","New Era Energy & Digital, Inc.",reported,7000.0,planned_maximum,3500.0,acre,2026-09-15,Compute Atlas,new-era-energy-digital-lea-county-data-center-nm,https://www.datacenterdynamics.com/en/news/new-era-plans-7gw-ai-data-center-in-lea-county-new-mexico-powered-by-gas-and-nuclear/,,planned
UT,Provo,reported,United States,,,,,40.23373,-111.65871,Newfold Digital Utah County Data Center,"Subsidies checked at the municipal tier (2026-09-05): no site-level subsidy found. Provo has 3 RDA and 5 CDA project areas; no participation agreement, TIF, or incentive naming Newfold Digital or Ace Data Center (the building's owner) was found in any of them. The site's East Bay-area address does not match the published prose description of the downtown-core project areas, but that exclusion rests on boundary descriptions, not a parcel-level GIS overlay. Utah's EDTIF programme excludes data centres and the UCA 59-12-104 exemption is self-executing.",Newfold Digital,reported,3.0,unknown,,,2026-08-15,Compute Atlas,newfold-digital-provo-ut,https://d36oiwf74r1rap.cloudfront.net/wp-content/uploads/2026/04/Data-Center-Growth-FS-Apr2026.pdf,,operational
FL,,reported,United States,,,,,30.55,-81.68,NextNRG Nassau County Data Center & Energy Campus,"1,600-acre site (1,200 acres energy / 400 acres data center), 50MW starter phase, with a 6,000-acre expansion option. Nassau County is pursuing a 12-month moratorium in response. Re-checked 2026-09-10: Nassau County officials state they have no information about this project beyond NextNRG's original press release. CORRECTION-CANDIDATE, not independently verified this session (firstcoastnews.com 403'd on fetch): multiple secondary outlets report NextNRG's CEO has since said the company intends a solar/battery-storage project on the site rather than a data center. Recommend a follow-up fetch of a primary/verbatim source before changing status to cancelled.",NextNRG,reported,200.0,planned_maximum,,,2026-09-10,Compute Atlas,nextnrg-nassau-county-data-center-energy-campus-fl,https://www.datacenterdynamics.com/en/news/nextnrg-secures-lease-for-energy-and-data-center-campus-in-nassau-county-florida/,,planned
TX,Hubbard,reported,United States,,,,,31.824001,-96.776243,Nexus Hubbard Data Center & Power Campus,"612 MW first-phase data center campus on ~2,000 acres on the outskirts of Hubbard (Hill County), between Highway 171 and County Road 3369; behind-the-meter natural gas generation. Led by CEO/managing partner Ivan Van der Walt. TCEQ air permit applications filed Dec 2025 (183046, PSDTX1700, GHGPSDTX269); ~500 MW targeted online late 2026; publicly stated eventual full-buildout target ~7.7 GW. No end-user customer publicly identified. Coordinate anchored on the city of Hubbard; exact parcel not confirmed.",Nexus Data Centers,reported,612.0,planned_maximum,2000.0,acre,2026-08-25,Compute Atlas,nexus-hubbard-campus-hill-county-tx,https://www.datacenterdynamics.com/en/news/600mw-natural-gas-powered-data-center-campus-proposed-in-hubbard-texas/,,planned
NY,Niagara Falls,reported,United States,,,,,43.0885,-79.0603,Niagara Digital Campus,"Site is near the historic Adams Power Plant and the NYPA Robert Moses Niagara Power Plant (2,675 MW combined capacity). Phase I planned as ~282,000 sq ft over 24 months from groundbreaking. Economic impact estimated at $2B over 20 years per MRB Group analysis commissioned by NFR. Developed by Niagara Falls Redevelopment (NFR, controlled by Milstein family) in partnership with Urbacon. NO STATUS CHANGE. The 4 June 2026 City Council vote settled an eminent-domain lawsuit and transferred 10 acres to the city; the mayor states explicitly it was not a data-center approval and that there is no timeline for work to begin. Remains proposed.",Urbacon Data Centre Solutions,reported,135.0,planned_maximum,142.0,acre,2026-09-09,Compute Atlas,niagara-digital-campus-niagara-falls-ny,https://baxtel.com/data-center/urbacon-niagara-digital-campus,,planned
NJ,Wall Township,confirmed,United States,,,,,40.1615781,-74.0531626,NJFX Cable Landing Station Campus,"64,000 sq ft Tier 3 cable-landing-station colocation campus with 12 MW, four subsea cables landing on site and 35+ active network operators. On 2 December 2025 NJFX announced a completed basis of design for a 10 MW high-density AI data hall ('Project Cool Water') with 8 MW of usable IT load, an expected 1.25 PUE and liquid-to-the-chip cooling (AFC chillers, CDUs, hot-aisle containment, fan-wall configuration), backed by an executed electric utility load letter with a $3 million deposit and power targeted by end of 2026. The 10 MW hall is a design milestone, not yet built, so it is not added to capacityMw. Coordinates are the OSM building mapped under the operator's legal name; the campus's published mailing address is 1410 Wall Church Road, which OSM records against a nearby address point, so no street value is asserted.",NJFX,reported,12.0,unknown,10.0,acre,2026-09-21,Compute Atlas,njfx-wall-township-nj,https://njfx.net/ecosystem-of-carriers/campus-detail/,,operational
NJ,Wall Township,confirmed,United States,,,,,40.1615781,-74.0531626,NJFX Cable Landing Station Campus,"64,000 sq ft Tier 3 cable-landing-station colocation campus with 12 MW, four subsea cables landing on site and 35+ active network operators. On 2 December 2025 NJFX announced a completed basis of design for a 10 MW high-density AI data hall ('Project Cool Water') with 8 MW of usable IT load, an expected 1.25 PUE and liquid-to-the-chip cooling (AFC chillers, CDUs, hot-aisle containment, fan-wall configuration), backed by an executed electric utility load letter with a $3 million deposit and power targeted by end of 2026. The 10 MW hall is a design milestone, not yet built, so it is not added to capacityMw. Coordinates are the OSM building mapped under the operator's legal name; the campus's published mailing address is 1410 Wall Church Road, which OSM records against a nearby address point, so no street value is asserted.",NJFX,reported,10.0,planned_maximum,10.0,acre,2026-09-21,Compute Atlas,njfx-wall-township-nj,https://njfx.net/ecosystem-of-carriers/campus-detail/,,planned
KY,Hopkinsville,reported,United States,,,,,36.8657852,-87.489412,North Campbell Land Co. Hopkinsville 50 MW Data Center,"A proposed second Hopkinsville facility, separate from the operator's existing ~15 MW bitcoin mine at the Holland Substation. The location, footprint, construction cost and development schedule have not been disclosed, so the coordinates are the Hopkinsville city centroid and are approximate only — the actual site is unknown. A draft Hopkinsville zoning amendment developed after this proposal surfaced would prohibit 'hyper-scale' facilities of 75 MW or more and set setbacks by size class; a special-called public hearing was held July 27, 2026.",North Campbell Land Co. (Sphere 3D),reported,50.0,planned_maximum,,,2026-09-21,Compute Atlas,north-campbell-land-hopkinsville-50mw-christian-ky,https://hoptownchronicle.org/hopkinsville-weighs-limits-on-data-centers-as-crypto-mine-proposes-expansion/,,planned
GA,Maysville,reported,United States,,,,,34.2527233,-83.5613446,Northern Data Maysville Data Center,Sited in the Maysville Industrial Park in Jackson County (Maysville straddles the Jackson/Banks county line). Investment and megawatt figures circulating in regional coverage could not be retrieved from a primary page this session and are not recorded. Coordinates are approximate to Maysville.,Northern Data Group,reported,120.0,planned_maximum,63.0,acre,2026-09-23,Compute Atlas,northern-data-maysville-jackson-ga,https://wgtjradio.com/maysville-rezoning-controversy-just-got-more-controversial/,,planned
SC,Spartanburg,reported,United States,,,,,34.923066,-81.851905,NorthMark Strategies Spartanburg High-Performance Computing Center,"Adaptive reuse of the former Kohler manufacturing facility in Spartanburg County, developed by NorthMark Strategies through its subsidiary Valara Holdings. This is a DIFFERENT Spartanburg County site from the tracked Greenidge record at 300 Jones Road. Coordinates are an approximate geocode of the South Pine Street address reported in local coverage; no parcel-level source was retrieved. Subsidies checked 2026-09-10: Spartanburg County Council approved a tax incentive package for the project, but the article does not give a FILOT dollar figure or program name -- only projected resulting property-tax revenue ($10.5M in 2026 rising to $15M/yr 2029-2045). Not filing a structured subsidies entry since no incentive amount is stated; flagging for a follow-up pass that can find the actual FILOT ordinance.",Valara Holdings (NorthMark Strategies),reported,450.0,planned_maximum,,,2026-09-13,Compute Atlas,northmark-valara-spartanburg-sc,https://spectrumlocalnews.com/sc/south-carolina/news/2026/04/23/south-carolina-news-data-center-power-generation-scdes,,planned
CA,Fairfield,reported,United States,,,,,38.2898329,-121.9607882,NorthPoint Fairfield Data Center (Vanden Road Industrial Campus),"300-acre industrial campus between Vanden Road and North Gate Road in northeast Fairfield, near the Vacaville border. The Fairfield Planning Commission approved a master development permit for a 4.6-million-sq-ft industrial park here in 2023; the 150 MW data-center figure comes from developer/broker (Jones Lang LaSalle and NorthPoint) presentation materials for that broader park, and no data-center-specific application had been filed as of this reporting. Canon Partners (itself controlled by Andrews Lando & Associates and Stroud Properties) is also named as a co-developer. PG&E began an infrastructure/engineering cost study around Q3 2025 and issued an engineering agreement in December 2025. A public hearing would still be required before any data-center-specific approval. Coordinates are geocoded to Vanden Road in Fairfield only (no confirmed parcel or street address), so treat the pin as a rough area marker.",NorthPoint Development,reported,150.0,planned_maximum,300.0,acre,2026-09-12,Compute Atlas,northpoint-fairfield-data-center-solano-ca,https://www.vallejosun.com/developers-planning-data-center-for-fairfield-industrial-park/,,planned
NM,Albuquerque,reported,United States,,,,,35.0,-106.63,Innova Data Center (Mesa del Sol),"Navajo Nation-owned colocation and HPC facility in the Mesa del Sol development in south Albuquerque; ~130,000 sq ft building on a 30-acre site with 8 MW available and a full-buildout potential of 80,000 sq ft of white space. A projected $100-150 million figure in the source is for the full campus build-out, not a booked site investment, so investmentUsd is deliberately omitted. Ownership should be re-verified before any future edit — the cited source is from 2015 and describes what NOVA built, not necessarily who operates it today. Coordinate is a Mesa del Sol locality approximation.","NOVA Corporation (Diné Development Corporation, Navajo Nation); operated by Innava Data Solutions",reported,8.0,unknown,30.0,acre,2026-09-15,Compute Atlas,nova-innova-data-center-albuquerque-nm,https://www.datacenterknowledge.com/archives/2015/06/29/navajo-owned-data-center-offers-way-to-diversify-tribes-revenue-base-beyond-casinos,,operational
CO,Colorado Springs,confirmed,United States,,,,,39.0130116,-104.8164434,Novva Colorado Springs Data Center,"Novva acquired the campus (a 190,000 sq ft data center built in 2005 with 6 MW of designed capacity, plus an industrial building) for $38.5 million, announced 2021-08-31, and committed over $200 million to expand it. The operator's current facility page lists 40 MW, 122,000 sq ft of data hall plus 55,000 sq ft of office, on a 68-acre campus with 37 acres available for expansion. investmentUsd records the stated campus expansion commitment, not the acquisition price.",Novva Data Centers,reported,40.0,unknown,68.0,acre,2026-08-26,Compute Atlas,novva-colorado-springs-co,https://www.novva.com/media-center/novva-data-centers-acquires-colorado-springs-campus/,,operational
NV,North Las Vegas,confirmed,United States,,,,,36.266299,-115.0478715,Novva Las Vegas Data Center,"Building area is stated as 275,000 sq ft in the 2022 announcement and 246,328 sq ft on Novva's current facility page; both figures are left uncollapsed here. Distinct from the operator's separate ~205-acre Apex Industrial Park land position. Coordinates are a street-level OpenStreetMap geocode of Nicco Way.",Novva Data Centers,reported,100.0,unknown,20.0,acre,2026-09-11,Compute Atlas,novva-las-vegas-nicco-way-nv,https://www.novva.com/data-center-facilities/las-vegas/,,operational
AZ,Mesa,confirmed,United States,,,,,33.3717,-111.6747,Novva Mesa Data Center Campus,"Located near Ellsworth and Warner roads, southeast Mesa. Five data halls, 1.3M sq ft data hall space, 200,000 sq ft office, two-phase buildout over ~10 years. Sixth Novva campus nationally, first in Arizona. Architectural design honors Hohokam heritage. Coordinates approximate. Public-reception check (2026-09-10): Checked Novva's own announcement page (2026-09-10); it markets design amenities ('dedicated acreage offering public pathways for the community') but documents no actual public hearing, resident feedback, or official statement of support/opposition. No community-reception record found in this source.",Novva Data Centers,reported,300.0,planned_maximum,160.0,acre,2026-09-23,Compute Atlas,novva-mesa-az,https://www.novva.com/media-center/novva-data-centers-announces-new-campus-in-mesa/,,planned
CA,San Francisco,confirmed,United States,,,,,37.72315,-122.398467,Novva San Francisco (400 Paul Avenue),"182,000 sq ft data hall plus 56,000 sq ft office/operations building in Bayview's industrial corridor, across Paul Avenue from Digital Realty SFO10 / 200 Paul Avenue. 36 MW is planned critical load; 9 MW operational as of summer 2026.",Novva Data Centers,reported,9.0,unknown,7.5,acre,2026-09-21,Compute Atlas,novva-san-francisco-400-paul-avenue-ca,https://www.novva.com/data-center-facilities/san-francisco-ca/,,operational
CA,San Francisco,confirmed,United States,,,,,37.72315,-122.398467,Novva San Francisco (400 Paul Avenue),"182,000 sq ft data hall plus 56,000 sq ft office/operations building in Bayview's industrial corridor, across Paul Avenue from Digital Realty SFO10 / 200 Paul Avenue. 36 MW is planned critical load; 9 MW operational as of summer 2026.",Novva Data Centers,reported,36.0,planned_maximum,7.5,acre,2026-09-21,Compute Atlas,novva-san-francisco-400-paul-avenue-ca,https://www.novva.com/data-center-facilities/san-francisco-ca/,,planned
NV,McCarran,confirmed,United States,,,,,39.53,-119.44,Novva Tahoe Reno Data Center,"300,000 sq ft, 60 MW data center on a 20-acre campus at 1 Astro Way in the Tahoe-Reno Industrial Center (McCarran / Storey County). Six 10 MW data halls served by an on-campus 100 MW NV Energy substation; water-free direct-to-chip cooling. Coordinates are an approximate TRIC-area geocode (exact parcel point not published).",Novva Data Centers,reported,60.0,planned_maximum,20.0,acre,2026-09-24,Compute Atlas,novva-tahoe-reno-storey-county-nv,https://www.prnewswire.com/news-releases/novva-data-centers-announces-the-launch-of-tahoe-reno-data-center-302500299.html,,planned
UT,West Jordan,confirmed,United States,,,,,40.57389,-112.04576,Novva West Jordan Campus,"Subsidies checked at the municipal tier (2026-09-04): no site-level subsidy, for a structural reason rather than a search miss. West Jordan's Redevelopment Agency lists six active project areas, all bounded well east of this campus; under Title 17C an agency may only act within a designated project area, so no participation agreement is available at this location under the current project-area map. The city's own 2025 post on the expansion discusses tax value in generic terms and names no incentive or agreement.",Novva Data Centers,reported,200.0,unknown,100.0,acre,2026-09-21,Compute Atlas,novva-west-jordan-ut,https://www.novva.com/data-center-facilities/utah/,,operational
UT,West Jordan,confirmed,United States,,,,,40.57389,-112.04576,Novva West Jordan Campus,"Subsidies checked at the municipal tier (2026-09-04): no site-level subsidy, for a structural reason rather than a search miss. West Jordan's Redevelopment Agency lists six active project areas, all bounded well east of this campus; under Title 17C an agency may only act within a designated project area, so no participation agreement is available at this location under the current project-area map. The city's own 2025 post on the expansion discusses tax value in generic terms and names no incentive or agreement.",Novva Data Centers,reported,175.0,planned_maximum,100.0,acre,2026-09-21,Compute Atlas,novva-west-jordan-ut,https://www.novva.com/data-center-facilities/utah/,,planned
WV,Point Pleasant,confirmed,United States,,,,,38.87,-82.1,Monarch Compute Campus,"Nscale backed by $2B NVIDIA investment. Microsoft LOI covers 430,000 Vera Rubin NVL72 GPUs in multi-year framework agreement. 8 GW ceiling for full site; capacityMw.planned reflects 2028 phase target of 2 GW. Acquired from AIPCorp (Fidelis New Energy / 8090 Industries). Coordinates are approximate for north of Point Pleasant, Mason County. subsidies: no PILOT or county tax-abatement agreement was found in any source fetched this session; the project is instead reported as making community donations ($450,000 combined to Mason County Sheriff's Dept, EMS and the Economic Development Authority in April 2026; $500,000 to Mason County Schools reported August 2026) rather than receiving incentives. address: could not resolve a precise street address. Multiple sources place the site 'north of Point Pleasant along WV-62 near Camp Conley' in Mason County, but no source gives a house number or parcel ID, so location.street is left unfilled rather than approximated from a road name.",Nscale,reported,2000.0,planned_maximum,2250.0,acre,2026-09-15,Compute Atlas,nscale-monarch-mason-county-wv,https://www.nscale.com/press-releases/nscale-west-virginia-ai-factory,,planned
VA,Ashburn,reported,United States,,,,,39.0227436,-77.4548911,NTT Ashburn VA1 Data Center,"12.6MW, first of nine on the 224MW campus, confirmed operational via datacentermap.com and NTT site.",NTT Global Data Centers,reported,12.6,unknown,,,2026-09-21,Compute Atlas,ntt-ashburn-va1-data-center-va,https://services.global.ntt/en-us/services-and-products/global-data-centers/global-locations/americas/ashburn-va-1-data-center,,operational
VA,Ashburn,reported,United States,,,,,39.0250127,-77.4576402,NTT Ashburn VA2 Data Center,"14MW, second of nine on the 224MW campus.",NTT Global Data Centers,reported,14.0,unknown,,,2026-09-21,Compute Atlas,ntt-ashburn-va2-data-center-va,https://services.global.ntt/en-us/services-and-products/global-data-centers/global-locations/americas/ashburn-va-2-data-center,,operational
VA,Ashburn,reported,United States,,,,,39.0183033,-77.472611,NTT Ashburn VA5 Data Center,"32MW, became operational 2020, fifth of nine on the 224MW campus.",NTT Global Data Centers,reported,32.0,unknown,,,2026-09-21,Compute Atlas,ntt-ashburn-va5-data-center-va,https://services.global.ntt/en-us/services-and-products/global-data-centers/global-locations/americas/ashburn-va-5-data-center,,operational
IL,Itasca,reported,United States,,,,,41.9879619,-88.0072217,NTT Chicago CH1 Data Center,"255 Pierce Rd, Itasca, 36MW/126,000 sqft, opened 2019.",NTT Global Data Centers,reported,36.0,unknown,,,2026-09-21,Compute Atlas,ntt-chicago-ch1-data-center-il,https://services.global.ntt/en-us/services-and-products/global-data-centers/global-locations/americas/chicago-ch1-data-center,,operational
IL,Itasca,reported,United States,,,,,41.9890149,-88.0072131,NTT Chicago CH2 Data Center,"Confirmed via NTT's own Chicago CH2 facility page (services.global.ntt), 255 Pierce Rd, Itasca, IL; opened 2023, 36MW/126,000 sq ft. NTT markets it as supporting AI/HPC workloads, so classified mixed_use rather than confirmed (no dedicated GPU-cluster tenant named).",NTT Global Data Centers,reported,36.0,unknown,,,2026-09-21,Compute Atlas,ntt-chicago-ch2-data-center-il,https://services.global.ntt/en-us/services-and-products/global-data-centers/global-locations/americas/chicago-ch2-data-center,,operational
AZ,Mesa,reported,United States,,,,,33.3025,-111.62,NTT Global Data Centers Mesa — Pacific Proving Technology Park,"investmentUsd is $300M land purchase only; total buildout investment is substantially higher. NE corner of Pecos and Crismon roads, far SE Mesa. Seven two-story buildings totaling 1.7M sq ft + warehouse + office. NTT's second Phoenix-area campus (existing 102-acre, 240MW campus is ~4 miles north on Elliot Road). Phase 1 targeted November 2028. Coordinates approximate for Pecos/Crismon intersection. Status refresh 2026-08-08: the Planning & Zoning Board recommended approval 4-0 in mid-May 2026; the article (updated 2026-06-08) said the proposal ""will likely be heard in late July or mid-August by council"". No fetched source records a Council vote, so the status stays ""proposed"" — the 2026-07-20 date carried in earlier notes was an expected hearing date, not a decision.",NTT Global Data Centers,reported,360.0,planned_maximum,173.0,acre,2026-08-08,Compute Atlas,ntt-global-mesa-az,https://www.datacenterdynamics.com/en/news/ntt-acquires-173-acre-planned-data-center-park-in-mesa-arizona-for-300m/,,planned
OR,Hillsboro,reported,United States,,,,,45.5496803,-122.9373872,NTT Hillsboro HI1 Data Center,"4050 NE Evergreen Rd; 36MW, first of a planned 5-building/126MW campus; building acquired from SunPower in 2019. Previously operated under NTT's legacy US brand, RagingWire (now retired).",NTT Global Data Centers,reported,36.0,unknown,,,2026-07-23,Compute Atlas,ntt-hillsboro-hi1-data-center-or,https://services.global.ntt/en-us/newsroom/ntt-ltd-to-expand-us-data-center-footprint-to-hillsboro-oregon,,operational
AZ,Mesa,reported,United States,,,,,33.3536663,-111.6124114,NTT Phoenix PH1 Data Center,"10256 E Elliot Rd, Mesa; 36MW, 126,000 sqft.",NTT Global Data Centers,reported,36.0,unknown,,,2026-09-21,Compute Atlas,ntt-phoenix-ph1-data-center-az,https://services.global.ntt/en-us/services-and-products/global-data-centers/global-locations/americas/phoenix-ph1-data-center,,operational
CA,Sacramento,reported,United States,,,,,38.6504319,-121.4891868,NTT Sacramento CA1 Data Center,"12.6MW, 1625 West National Dr, Sacramento. Previously operated under NTT's legacy US brand, RagingWire (now retired).",NTT Global Data Centers,reported,12.6,unknown,,,2026-09-21,Compute Atlas,ntt-sacramento-ca1-data-center-ca,https://services.global.ntt/en-us/services-and-products/global-data-centers/global-locations/americas/sacramento-ca-1-data-center,,operational
CA,Santa Clara,reported,United States,,,,,37.3690532,-121.9553378,NTT Silicon Valley SV1 Data Center,"16MW, 160,000 sqft, operational since 2021, seismic base-isolation design, at 1160 Walsh Ave.",NTT Global Data Centers,reported,16.0,unknown,,,2026-09-21,Compute Atlas,ntt-silicon-valley-sv1-data-center-ca,https://services.global.ntt/en-us/services-and-products/global-data-centers/global-locations/americas/silicon-valley-sv1-data-center,,operational
VA,Petersburg,confirmed,United States,,,,,37.193,-77.376,NuVu County Drive Data Center Campus,"Three-building campus on a 75-acre undeveloped site between I-95 and County Drive, in a federal opportunity zone. An LLC tied to NuVu purchased the site in November 2025 for $4.12 million. Details came from Petersburg city documents released under FOIA. The live publisher page is bot-walled, so the cited source is the Wayback Machine capture actually retrieved. Coordinates are an approximate geocode of the cited street address, not a parcel-confirmed point.",NuVu Real Estate,reported,300.0,planned_maximum,75.0,acre,2026-09-09,Compute Atlas,nuvu-county-drive-petersburg-va,http://web.archive.org/web/20260721131420/https://richmondbizsense.com/2026/07/21/documents-reveal-details-on-data-center-projects-in-petersburgs-pipeline/,,planned
NJ,Mahwah,confirmed,United States,,,,,41.078373,-74.15293,NYSE Data Center (Mahwah),"NYSE's own matching-engine data center, opened for trading August 9, 2010 (per Computerworld and Data Center Knowledge). 400,000 sq ft total, roughly 100,000 sq ft of raised-floor colocation space planned across four pods. Heavily fortified: a river/moat around the perimeter, bomb-sniffing dogs, and an interior 'building within a building.' Inflect's listing names the facility 'EuronextNJ1.' Coordinates are a geocode of the street address embedded in Inflect's own page, not a confirmed parcel boundary, hence approximate.",New York Stock Exchange,reported,2.2,unknown,,,2026-09-21,Compute Atlas,nyse-mahwah-data-center-nj,https://inflect.com/building/1700-macarthur-boulevard-mahwah/new-york-stock-exchange/datacenter/euronextnj1,,operational
MI,Auburn Hills,confirmed,United States,,,,,42.675,-83.215,Oakland University Campus Computing Facility,"Proposed shared university/industry colocation facility on OU's campus (Auburn Hills/Rochester border); site shifted from Parking Lot 35 to Parking Lot 37 to increase distance from a campus hall, a nature preserve, and a Native American heritage site. Cleveland-based Fairmount Properties funds construction, operations, and eventual decommissioning; OU pays nothing and gains an 8x expansion of its own computing capacity. Board of Trustees voted 7-0-1 to proceed into due diligence, design, and construction phases (June 2026); published timeline has due diligence running Oct 2026-June 2027, design July 2027-Fall 2028. Coordinates are an approximate campus-area estimate, not parcel-geocoded. Status re-check, NO change: the only 2026 milestone on the university's own timeline is a Board of Trustees authorization to proceed into due diligence and design (June 2026, already before the record's 2026-08-08 basis). A governing-board authorization is not a municipal permit and no construction start is claimed, so the record stays 'proposed'.",Fairmount Properties (with Oakland University),reported,26.0,planned_maximum,15.0,acre,2026-09-21,Compute Atlas,oakland-university-computing-auburn-hills-mi,http://oakland.edu/data-infrastructure/,,planned
CT,Beacon Falls,reported,United States,,,,,41.442318,-73.064334,Beacon Falls Data Center Campus (1 Lopus Road),"O&G Industries (master developer) is marketing a 44+/49-acre former gravel-pit site off Lopus Road beside Route 8 for a 294,000 sq ft data center campus: 100 MW ultimate capacity (listing specs say 112.5 MW), sold as AI/cloud capacity and powered by utility service plus Class I fuel cells (33 fuel cells, per the Courant) with carbon capture. As of 2026-09-21 no formal application had been filed with the town. Residents approved a 32 MW data center on the same property in 2022, but it never materialized. aiClassification is not set: the AI framing comes from a marketing listing, not a committed tenant.",O&G Industries,reported,100.0,planned_maximum,,,2026-09-30,Compute Atlas,og-industries-beacon-falls-ct,https://agencycre.com/properties/one-of-the-northeasts-most-significant-planned-ai-digital-infrastructure-developments-beacon-falls-data-center/,,planned
GA,Rincon,confirmed,United States,,,,,32.296,-81.2354,Project Camellia (OpenAI Effingham County Campus),"Four data center buildings on roughly 1,400 acres inside the 2,600-acre Savannah Gateway Industrial Hub near Rincon. Effingham County values the project at $20B; OpenAI's VP of Compute Strategy has said full build-out will exceed $30B. Permanent staffing is described as ~400 at the 2028 opening rising to about 1,000 by 2032. Part of OpenAI's Stargate program.",OpenAI,reported,3200.0,planned_maximum,1400.0,acre,2026-09-23,Compute Atlas,openai-project-camellia-effingham-ga,https://www.effinghamcounty.org/902/Project-Camellia-OpenAI-Data-Center,,planned
IA,Cedar Rapids,confirmed,United States,,,,,41.9439273,-91.6736877,Oppidan Cedar Rapids Data Center,"Just north of Highway 30 on the southwest side. Over 98,000 sq ft, no city incentives, construction expected to start in fall 2026 or early spring 2027 depending on equipment availability. Permit documents name the applicant entity as CLOP Cedar Rapids, IA LLC. The Gazette reports the facility is intended for networking, signal boosting and storage rather than AI training or inference, so no aiClassification value is recorded — the existing enum cannot express 'assessed, not AI.' Oppidan built a comparable 60,000 sq ft, 5 MW facility in Des Moines in 2024, which is tracked separately.",Oppidan,reported,10.0,planned_maximum,,,2026-09-16,Compute Atlas,oppidan-cedar-rapids-ia,https://www.kcrg.com/2026/07/08/cedar-rapids-confirms-third-data-center-planned-southwest-side/,,planned
SC,Graniteville,reported,United States,,,,,33.5637483,-81.8078887,"Clop Aiken Data Center (Sage Mill, Graniteville)","60,000 sq ft facility on 13 acres adjacent to Sage Mill Industrial Park, north of Fields Cemetery Road. Status recorded as permitted on the sourced county-council FILOT approval; one aggregator lists it as under construction, which no source read this session confirms. FILOT amount is not disclosed, so subsidies carries the program only. Coordinate is the Graniteville town centroid (approximate) — no street number is published. Separate site from the tracked Meta Aiken campus.",Oppidan Investment Company (Clop Aiken SC LLC),reported,15.0,planned_maximum,13.0,acre,2026-09-22,Compute Atlas,oppidan-clop-aiken-graniteville-sc,https://wgac.com/2025/06/10/aiken-county-gives-green-light-to-32m-data-center-project-in-graniteville/,,planned
IA,Des Moines,confirmed,United States,,,,,41.5868,-93.625,Oppidan Des Moines Data Center,"60,000 sq ft, 5 MW LEED-certified data center delivered design-build by The Weitz Company for developer Oppidan. Construction started summer 2023 and completed May 2024. Oppidan's first data center in Iowa, and the model for its larger Cedar Rapids project. A street address (5900 Thornton Ave) appears in third-party listings but could not be confirmed on a page fetched this session, so it is not recorded here.",Oppidan,reported,5.0,unknown,,,2026-09-16,Compute Atlas,oppidan-des-moines-ia,https://www.weitz.com/projects/oppidan-data-center/,,operational
NV,Paradise,reported,United States,,,,,36.07533,-115.20061,Oppidan Post Road Data Center (Paradise),"Single-storey 61,600 sq ft building (about 6,300 sq ft of office), 29 ft tall, on 9.5 developed acres of a 12.3-acre site; battery storage and electrical rooms at the western end. Property owner of record is Post Road Capital Real Estate Fund LP. Distinct from Oppidan's separate 5 MW Reno (North Valleys) project. Single-source, hence confidence 'reported'. Coordinate is interpolated between US Census-geocoded anchor addresses on the same block of W Post Road (4275, 4310, 4555, 4625) because neither Census nor Nominatim resolves 4460 directly; a plain street-centroid geocode placed it about 1 km off.",Oppidan Investment Company,reported,5.0,planned_maximum,12.3,acre,2026-09-24,Compute Atlas,oppidan-paradise-post-road-clark-county-nv,https://nevbex.com/2025/03/10/oppidan-paradise-data-center-approval/,,planned
CA,San Jose,confirmed,United States,,,,,37.2673552,-121.7935875,865 Embedded Way Data Center (Oppidan / Rockpoint),"Rockpoint Group bought the parcel in 2022; Oppidan is the applicant. Site is next to Coyote Creek, ~1.3 miles from PG&E's Santa Teresa substation per The Real Deal.",Oppidan (with Rockpoint Group),reported,18.0,planned_maximum,10.0,acre,2026-09-21,Compute Atlas,oppidan-rockpoint-865-embedded-way-san-jose-ca,http://web.archive.org/web/20260813091228/https://www.sanjoseca.gov/your-government/departments-offices/planning-building-code-enforcement/planning-division/data-center-and-other-large-energy-use-projects,,planned
OR,Hillsboro,reported,United States,,,,,45.5437211,-122.8944315,Oracle Hillsboro Data Center,"Single-tenant Oracle Cloud Infrastructure facility of approximately 91,000 sq ft with around 7.0 MW of total electrical utility capacity. Baxtel dates the building to 2001. No Oracle site is currently tracked in Oregon.",Oracle,reported,7.0,unknown,,,2026-09-05,Compute Atlas,oracle-hillsboro-or,https://dcpulse.com/project/oracle-3295-ne-83rd-ave-hillsboro-oregon-data-center,,operational
OH,Oregon,reported,United States,,,,,41.649,-83.4614,Oregon Industrial Park Data Center Campus,"Proposed ~168-acre, up-to-8-building data-center campus at Wynn Rd & Corduroy Rd in the Oregon Industrial Park (Toledo area) — Lucas County's first tracked site. The city assembled parcels for site developer Capacity LLC (~$2–3B, ~500 MW at build-out); in late July 2026 officials publicly named Vantage Data Centers as the prospective operator, but the city administrator said no decisions are finalized and a citizen group ('United Neighbors of Oregon') is petitioning for a November 2026 referendum. Confidence 'reported' given operator-in-transition and unbuilt status; coordinates approximate.",Capacity LLC (Vantage Data Centers named as prospective developer),reported,500.0,planned_maximum,,,2026-09-21,Compute Atlas,oregon-industrial-park-data-center-lucas-oh,https://oregonohio.org/oregon-industrial-park-information-on-data-centers/,,planned
MI,Westland,confirmed,United States,,,,,42.331172,-83.419408,Otava Metro Detroit Data Center,Carrier-neutral standalone facility. The street address comes from Otava's own PeeringDB registration; the capacity and square footage from Otava's site. Otava (formerly Online Tech) does not appear anywhere in the tracked MI set.,Otava,reported,1.2,unknown,,,2026-09-14,Compute Atlas,otava-metro-detroit-westland-mi,https://www.otava.com/data-center-michigan/,,operational
MI,Flint Township,confirmed,United States,,,,,42.9687373,-83.7796697,Otava Mid-Michigan Data Center (5225 Exchange Drive),"Otava's third Michigan site (the tracker already carries Ann Arbor and Metro Detroit/Westland). 32,500 sq ft total with 22,500 sq ft of raised floor plus an 8,000 sq ft workplace-recovery building; originally constructed by EDS as General Motors' disaster-recovery data center. 1.5 MW figure is from a third-party listing (Inflect), not Otava.",Otava,reported,1.5,unknown,,,2026-09-21,Compute Atlas,otava-mid-michigan-flint-township-mi,https://www.otava.com/data-center-michigan/,,operational
PA,Nesquehoning,confirmed,United States,,,,,40.8564,-75.8283,Panther Creek HPC/AI Data Center Campus,"An HPC/AI data center campus in pre-construction design at the Panther Creek waste-coal power plant site in Nesquehoning, Carbon County, with T5 Data Centers providing pre-construction design, development-approval and construction guidance. This is a separate data_center record from the already-tracked Panther Creek plant / crypto-mining operation at the same site, following the same convention as the split Homer City generation and campus records. Trade reports of a 350 MW firm power contract by 2028 (scalable toward 500 MW+) and of a special exception permit from the Nesquehoning Planning Commission were not confirmed in the sources cited here, so capacityMw and a 'permitted' status are omitted.",Bitfarms Ltd.,reported,350.0,planned_maximum,103.95,acre,2026-09-21,Compute Atlas,panther-creek-hpc-ai-campus-nesquehoning-pa,https://investor.bitfarms.com/news-releases/news-release-details/bitfarms-announces-partnership-t5-data-centers-advance-hpcai,,planned
DE,St. Georges,rumored,United States,,,,,39.5593065,-75.6542782,St. Georges Business Park & Lighthouse Farms,"Confidence is 'rumored' rather than 'reported' because sources disagree on whether the ultimate use will be a data center: county filings and press describe a mixed-use industrial park (distribution/fulfillment/warehouse) for which Delaware zoning also happens to permit data centers, and coverage attributes to the developer's engineering firm only that 'the developer may be planning to build a data center' — not a confirmed data-center project. A Delmarva Power internal project list obtained via FOIA (Technical.ly, sourceIndex 2) separately lists a 300 MW 'St. Georges/Frightland Area' project 'pending cluster study analysis'; this record treats it as the same site given the shared name/geography, though the FOIA-based list does not itself name Parkway Gravel Inc., so treat the capacityMw.planned=300 figure with that caveat. Square footage progression (2.5M sq ft → 3.2M sq ft) is not recorded in a dedicated field since it describes the broader mixed-use park, not a confirmed data-center footprint. Location precision is approximate: geocoded to the unincorporated place of St. Georges, DE (OSM); some press coverage instead characterizes the site as 'in Middletown' given proximity. The specific parcel south of the C&D Canal off US Route 13 did not resolve via geocoding.",Parkway Gravel Inc.,reported,300.0,planned_maximum,,,2026-09-12,Compute Atlas,parkway-gravel-st-georges-de,https://spotlightdelaware.org/2025/12/16/two-new-castle-county-industrial-projects-may-become-data-centers/,,planned
IA,Hull,reported,United States,,,,,43.1888,-96.1333,PathOne Sioux County Data Center (Hull),"Proposed redevelopment of the former Bison Renewable Energy property at 3071 330th Street near Hull, south of the Highway 18 and 75 intersection (Perkins Corner). Built in 10 MW blocks: an initial 10 MW facility in roughly 40,000 sq ft, with PathOne asking Sioux County to cap any project at the site at no more than 25 MW. A fully developed site would occupy fewer than 30 acres. Estimated investment is a range of $100 million to $375 million, so no single investmentUsd figure is recorded. No tenant has been identified. Permanent jobs are given as a 10-20 range and are therefore recorded in prose rather than as a jobs count.",PathOne Data Centers,reported,25.0,planned_maximum,30.0,acre,2026-08-14,Compute Atlas,pathone-hull-ia,https://www.ktiv.com/2026/08/12/residents-seek-more-details-potential-sioux-county-data-center/,,planned
AL,Fairfield,confirmed,United States,,,,,33.4916836,-86.9150283,Patmos Fairfield Colocation Data Center,"Retrofit of a former Walmart Supercenter in Fairfield into a colocation data center. WBRC states: ""Patmos would bring around 50 long-term jobs, plus roughly 120 construction workers during the build"" and ""If approved, construction could start in September, with the first phase completed by January or February 2027 and a larger expansion planned for 2028."" CAPACITY AND INVESTMENT DELIBERATELY OMITTED — WBRC explicitly does not disclose either; an aggregator (servercountry.org) lists a ""Fairfield Colocation Data Center"" at 45 MW, which is NOT verified here and not cited. COORDINATES ARE THE FAIRFIELD MUNICIPAL CENTROID, not the building: the source identifies the site only as ""the former Walmart Supercenter"", no street address, and an Overpass query over the Fairfield bounding box returned no Walmart-named or former-retail building in OSM. Tighten this before mapping. STATUS is ""proposed"" — construction was conditional on approval as of 13 Aug 2026; if the September 2026 groundbreaking happened, this should move to under_construction, which is worth re-checking since that date has now passed. This is a genuinely distinct site from qts-marvel-bessemer-al (different operator, different city) though both sit in the same Birmingham-west corridor.",Patmos,reported,45.0,planned_maximum,,,2026-09-28,Compute Atlas,patmos-fairfield-al,https://www.wbrc.com/2026/08/13/hundreds-pack-fairfield-town-hall-over-proposed-data-center-inside-former-walmart/,,planned
MO,Kansas City,reported,United States,,,,,39.0997,-94.5786,Patmos KC Star Building Campus,"~$1B redevelopment of the former Kansas City Star building into a ~35 MW data center, Jackson County. Distinct (downtown KC, Jackson County) from the Lambda/Google/Meta Kansas City sites. Single-tracker source → confidence reported. Coordinates are the Kansas City centroid.",Patmos Hosting,reported,35.0,planned_maximum,5.0,acre,2026-08-24,Compute Atlas,patmos-kansas-city-mo,https://www.blackridgeresearch.com/blog/latest-list-new-ai-proposed-upcoming-data-center-projects-missouri-usa,,planned
WV,,confirmed,United States,,,,,39.554,-77.882,Bedington Campus,"Falling Waters District, Berkeley County WV eastern panhandle — adjacent to Maryland border. 1.9 million sq ft at full buildout. Penzance (DC/NoVA developer) is also developing a Fairfax County VA campus reportedly pre-leased to Amazon. Coordinates approximate for Falling Waters area. Re-checked 2026-09-10: status unchanged (proposed). Most recent coverage found (wvgazettemail article, published 2026-02-28, updated 2026-09-04) reports no groundbreaking, permit, or construction start yet; a tenant announcement was still described as pending later in 2026. address remains unresolved: checked governor.wv.gov, WV Division of Economic Development, SEDC, and county/trade press coverage — all describe only '548 acres in the Falling Waters District of Berkeley County' with no house number or parcel ID; Berkeley County GIS/assessor records were not reachable this session, so location.street is left unfilled rather than approximated. CONFIRMED ABSENCE (2026-09-10): the Governor's office states explicitly that no state funding was used for Bedington Campus. HB 2014's revenue-sharing formula (50% Personal Income Tax Reduction Fund / 30% host county / 10% all counties per capita / 5% Electric Grid Stabilization and Security Fund / 5% Economic Enhancement Grant Program) is a distribution of the taxes the facility itself will generate, not an incentive granted to the facility, so it is not recorded as a subsidy. No county-level PILOT or abatement agreement was found in sources checked this session (governor.wv.gov, WV DED, SEDC).",Penzance Management,reported,600.0,planned_maximum,548.0,acre,2026-09-15,Compute Atlas,penzance-bedington-berkeley-county-wv,https://governor.wv.gov/article/governor-morrisey-announces-4-billion-private-investment-west-virginias-first-high-impact,,planned
OR,Boardman area (Tower Road),reported,United States,,,,,45.7113177,-119.8262349,Percheron Data Center,"Rowan Digital Infrastructure (formerly Rowan Green Data, a Quinbrook/Birch Infrastructure JV) is developing a single unified campus on a 275-acre parcel in Morrow County, OR: four buildings totaling 1.125M sq ft, 300MW planned capacity by mid-2027. County approved rezoning Sept 2023 (East Oregonian, DCD). This is the canonical record for the campus; osm_ids 1501824327/328/329 are near-identical coordinates (within ~0.2km) almost certainly representing OSM nodes for the same single campus/buildings and are dropped as duplicates. Capacity re-sourced 2026-08-08: Rowan's own portfolio page states ""300 MW"" on ""275AC"" with phased buildout completing by 2030. Public-reception check (2026-09-10): Checked baxtel.com's project page (2026-09-10). Important correction: a Gov. Tina Kotek data-center land-sale cancellation reported elsewhere concerns a DIFFERENT project near Salem, OR (developer Verrus) -- NOT Percheron/Morrow County -- and must not be attributed to this record. No community reaction, hearing, or official statement specific to Percheron/Boardman was found; the page states only that the project is under construction with planned 2027 completion.",Rowan Green Data (DBA Rowan Digital Infrastructure),reported,300.0,planned_maximum,275.0,acre,2026-09-10,Compute Atlas,percheron-data-center-or,https://baxtel.com/data-center/rowan-percheron,,planned
NY,Massena,reported,United States,,,,,44.953,-74.86,ZeroC / Petawatt Holdings Data Center Site (417 County Route 42),"Site preparation (brush clearing) and a ~$30M substation were approved in Feb 2025 to hold a NYISO queue position; the deed is in ZeroC Data Centers' name with Petawatt as majority shareholder. Applicant estimated a ~900,000 sq ft building and an employment ratio of 40–60 people per 100 MW, and offered to guarantee no cryptocurrency mining. Two containers of crypto mining were on the parcel at the time. NYISO queue shows a 200 MW request (#1213, 2021) and a later 300 MW request (#1731, March 2025) at the Dennison 115 kV substation. No building application found this session. Coordinates are a road-level geocode of County Route 42 near Dennison Road, not a confirmed parcel point.","ZeroC Data Centers LLC (majority-owned by Petawatt Holdings, Inc.)",reported,200.0,planned_maximum,14.0,acre,2026-09-21,Compute Atlas,petawatt-zeroc-massena-ny,https://www.massena.us/AgendaCenter/ViewFile/Minutes/_02202025-1061,,planned
AZ,Phoenix,reported,United States,,,,,33.4165398,-112.0116833,phoenixNAP PHX02,"Second phoenixNAP data center, on a 6.54-acre parcel at 3221 E. Elwood St., across the street from the operator's 2010 facility. AZBEX reports 530,000 sq ft, roughly 15,000 racks at about 44 kW density, and initial capacity of 30 MW with potential to increase to 50 MW. Coordinates are geocoded from the cited street address (Nominatim and US Census geocoder agree to ~10 m); they are not parcel-confirmed.",phoenixNAP,reported,50.0,planned_maximum,6.54,acre,2026-09-10,Compute Atlas,phoenixnap-phx02-phoenix-az,https://azbex.com/planning-development/new-data-center-planned-in-south-phoenix/,,planned
OR,Portland,reported,United States,,,,,45.5215436,-122.680704,Pittock Block (PTOR1),"Carrier hotel in downtown Portland: 302,262 sq ft, 8 MW capacity, five on-site generators providing 7 MW of backup, 16 fiber carriers, 170+ service providers, seven subsea cable landings and an AWS Direct Connect location. Home of the Pittock Internet Exchange (NWAX).",1547 Critical Systems Realty,reported,8.0,unknown,,,2026-09-05,Compute Atlas,pittock-block-portland-or,https://1547realty.com/data-centers/portland/,,operational
PA,Allenwood,reported,United States,,,,,41.1161,-76.9011,PNK Great Stream Commons Data Center Campus (Allenwood),"Three data centers totalling roughly 1 million square feet and up to 300 MW: a conversion of a vacant warehouse at Great Stream Commons plus two new facilities. Data centers are not a listed use in the township ordinance, so a curative amendment and conditional use are required. Coordinates are a street-level geocode of Enterprise Boulevard in the industrial park.",PNK Group,reported,300.0,planned_maximum,,,2026-09-25,Compute Atlas,pnk-great-stream-commons-gregg-township-union-pa,https://www.wkok.com/gregg-township-to-decide-data-center-proposal/,,planned
WA,Richland,reported,United States,,,,,46.348,-119.279,PNNL AI Data Center,"Battelle, which operates PNNL for the Department of Energy, issued a request for information for an on-premises next-generation AI compute data center to train and operationalize large language models for scientific and national government missions. Roughly 2 MW at a possible 2028 launch, with potential future expansion to about 40 MW. This would be DOE-funded and DOE-operated, not a private operator building on federal land. No construction decision has been made — this is an RFI-stage proposal only. Coordinates are an approximate geocode of the PNNL campus in Richland. Public-reception check (2026-09-10): Checked The Spokesman-Review's coverage (2026-09-10) of this DOE Genesis Mission-linked project; it covers technical specs and funding, with no resident, community-group, or elected-official reaction documented.",Battelle Memorial Institute (Pacific Northwest National Laboratory),reported,2.0,planned_maximum,,,2026-09-10,Compute Atlas,pnnl-ai-data-center-richland-wa,https://www.spokesman.com/stories/2026/apr/26/ai-data-center-with-a-different-mission-being-cons/,,planned
NC,Sanford,reported,United States,,,,,35.48778,-79.17833,PointOne Lower Moncure Road Data Center (Lee County),"Applicant of record Jonathon Rhine; property owned by Cary-based Helix Ventures; the campus is reported to be operated by Dallas-headquartered CyrusOne. Phase 1 is roughly 56 acres and 300,000 sq ft of the 428.85-acre application, with a 90 MW IT load. About 150 residents spoke against it at a July 2026 county commissioners meeting. The $900M figure is the reported value of the Phase 1 building, not the whole 430-acre program.",PointOne,reported,90.0,planned_maximum,428.85,acre,2026-09-10,Compute Atlas,pointone-lower-moncure-road-lee-county-nc,https://sandhills.news/2026/06/08/lee-county-pointone-data-center/,,planned
VA,Remington,reported,United States,,,,,38.53,-77.8,Remington Technology Park,"Strongest of the Fauquier speculative cluster: approved status (not merely filed/on-hold), specific street address given by the county database. Confidence set to 'confirmed' on that basis. Fauquier planning-database roundup; long-standing (2018-approved) Remington Technology Park — verify against any existing record before elevating.",PointOne Holdings Inc.,reported,600.0,planned_maximum,234.0,acre,2026-08-16,Compute Atlas,pointone-remington-technology-park-fauquier-va,https://www.fauquiernow.com/news/data-center-database-where-projects-stand-across-fauquier-county/article_18be50e8-49f6-11ef-95cf-3b45407fea55.html,,planned
TX,,reported,United States,,,,,30.8938,-102.8796,Poolside Project Horizon AI Campus,"2 GW AI training campus on a 568-acre parcel of the Mitchell family's Longfellow Ranch in Pecos County, near Fort Stockton. Coordinate anchored on Fort Stockton (nearest named town in coverage); exact parcel not publicly disclosed. CoreWeave was original anchor tenant (15-year, 250 MW lease, 40,000 Nvidia GB300 GPUs) but terminated the lease in late March 2026 after Poolside's Series C funding round failed to close; site reported idle as of mid-2026. Not a community finding, but material and worth flagging for maintainer review: CoreWeave (the announced anchor tenant) mutually terminated its agreement for Project Horizon around April 2026 after Poolside failed to stand up its first GPU cluster on schedule, and Poolside's associated ~$2B Nvidia-led funding round also fell through. As of late July 2026 Poolside was seeking a replacement partner (reportedly including Google) for up to 400MW, with no anchor tenant signed as of that reporting. The record's status ('proposed') isn't necessarily wrong, but the originally announced 2GW/CoreWeave deal that justified the record no longer stands as described. The dispatching brief for this run scoped only 'community' fields -- flagging this rather than silently omitting it, since fields.community does not fit this fact.",Poolside AI,reported,2000.0,planned_maximum,568.0,acre,2026-09-10,Compute Atlas,poolside-project-horizon-pecos-county-tx,https://poolside.ai/blog/announcing-project-horizon,,planned
OK,Inola,reported,United States,,,,,36.1487,-95.5097,Potentia Oklahoma Campus 02 (Inola),"Roughly 1,850 acres in Rogers County bounded by 4190 Road and 4200 Road, adjacent to the Port of Inola and existing high-voltage transmission serving the Sofidel plant. Reporting describes recorded deeds, site clearing and HV substation work, and a Building 1 target of Q2 2027; the 2.0 GW figure comes from a third-party tracker, not the developer. Coordinates are approximate to the town of Inola, not a parcel-confirmed point.","Potentia, Inc.",reported,2000.0,planned_maximum,1850.0,acre,2026-09-10,Compute Atlas,potentia-oklahoma-campus-02-inola-ok,https://www.joecrivelli.com/p/the-data-center-coming-to-inola-oklahoma,,planned
VA,Spotsylvania,reported,United States,,,,,38.17,-77.66,PowerHouse 95,"Campus located at approximately 4189 Turner Ct, Spotsylvania County, VA along the I-95/Hwy 17 corridor; coordinates are approximate. Three 300 MW substations planned (800 MW total); first substation delivering 150 MW targeted for Q4 2025. Up to 8 buildings, 3.5 million sq ft. Phased delivery Q3 2025–Q4 2027. Joint venture between PowerHouse/AREP and Harrison Street. Harrison Street managing director explicitly cited 'high-powered computing, AI, and other advancements' as the demand driver for this campus class, supporting likely AI classification. Named tenant not disclosed. Dominion Energy utility attribution is inferred from service territory: Dominion's Tributary 230 kV project was approved by Virginia SCC (June 30, 2024) specifically to serve growing Spotsylvania data center demand; PH95 press materials do not name the utility directly. Investment amount, job figures, and water draw not disclosed in any sourced press materials. Joint venture: American Real Estate Partners (AREP) and Harrison Street.",PowerHouse Data Centers,reported,800.0,planned_maximum,145.0,acre,2026-08-26,Compute Atlas,powerhouse-95-spotsylvania-va,https://www.powerhousedata.com/news/powerhouse-breaks-ground-on-800mw-data-center-campus-in-spotsylvania-county-virginia,,planned
VA,Ashburn,reported,United States,,,,,39.0195992,-77.4504568,PowerHouse ABX-1,"Confirmed via PowerHouse's own site: delivered October 2023, sold in Q4 2024 to a third party. Kept as a real, distinct, currently-existing facility that PowerHouse itself still profiles in its portfolio; ownership transfer does not remove it from the map, but a future pass should confirm the new owner/name if PowerHouse's page is eventually retired.",PowerHouse Data Centers,reported,60.0,unknown,,,2026-09-21,Compute Atlas,powerhouse-abx-1-va,https://www.powerhousedata.com/data-center/powerhouse-abx-1,,operational
NC,Charlotte,confirmed,United States,,,,,35.2271,-80.8431,PowerHouse Charlotte Campus,"120-acre, ~300 MW campus in Charlotte, Mecklenburg County. Distinct operator/parcel from the separately-tracked Digital Realty Charlotte site. Coordinates are the Charlotte centroid. Partner: American Real Estate Partners (AREP).",PowerHouse Data Centers,reported,300.0,planned_maximum,120.0,acre,2026-09-10,Compute Atlas,powerhouse-charlotte-nc,https://www.datacenterdynamics.com/en/news/powerhouse-acquires-120-acres-in-charlotte-north-carolina-for-300mw-campus/,,planned
VA,Chester,confirmed,United States,,,,,37.3554,-77.4416,Chirisa Technology Park — Richmond (Chester),"Chester, Chesterfield County — first phase of a Blue Owl / Chirisa / PowerHouse JV: initial 50 MW (2025) → 120 MW facility, with a ~1 GW eventual plan (in notes). $600M construction loan closed. Distinct parcel from Google's Midlothian (Chesterfield) campus. Coordinates are the Chester area centroid. The $600M is a construction loan (financing) and the $5B is the multi-site JV total - neither is this campus's capex -> investmentUsd omitted. 800-1,200 jobs projected over 5-7 years spanning construction and operations -> jobs honest-zero. Virginia law bars per-company data-center subsidy disclosure -> subsidy honest-zero. Joint venture with Chirisa Technology Parks and Blue Owl Real Estate.",PowerHouse Data Centers,reported,120.0,planned_maximum,,,2026-07-08,Compute Atlas,powerhouse-chirisa-chester-va,https://www.prnewswire.com/news-releases/blue-owl-chirisa-technology-parks-and-powerhouse-data-centers-announce-first-phase-of-5-billion-joint-venture-development-partnership-302233967.html,,planned
TX,Westlake,confirmed,United States,,,,,32.9972,-97.2083,PowerHouse Circle T Data Center Campus,"Four-building campus (300,000 sq ft each) at the NE corner of US-377 and Westport Parkway; owner of record Circle T Owner LP. Local Westlake planning-and-zoning approval obtained as of August 2026.",PowerHouse Data Centers,reported,300.0,planned_maximum,87.96,acre,2026-09-08,Compute Atlas,powerhouse-circle-t-westlake-tx,https://westlaketx.portal.civicclerk.com/event/194/files/agenda/5473,,planned
VA,Chester,reported,United States,,,,,37.360586,-77.3256869,PowerHouse CTP-02,"50MW build-to-suit at Chirisa Technology Parks' Meadowville Technology Parkway campus (Chesterfield County), JV of PowerHouse, Chirisa, and Blue Owl Real Estate; broke ground 2024/2025, CoreWeave is the confirmed GPU/AI-cloud tenant (28MW deal Sept 2023 plus this expansion). PowerHouse's own portfolio page lists 'CTP-02 and CTP-03' as a platform entry; baxtel independently corroborates PowerHouse CTP-02 as a named facility at this campus. Joint venture with Chirisa Technology Parks and Blue Owl Real Estate.",PowerHouse Data Centers,reported,50.0,planned_maximum,,,2026-07-23,Compute Atlas,powerhouse-ctp-02-va,https://www.bisnow.com/national/news/data-center/coreweave-data-center-in-virginia-lands-600m-loan-127230,,planned
IN,Hobart,reported,United States,,,,,41.5322592,-87.2550353,PowerHouse Hobart,"Operator lists up to six buildings, up to two stories, 1,890,000 sq ft developable on 170 acres, max utility power 450 MW, power delivery Q2 2027 and construction/delivery 2027–2030. PowerHouse Data Centers is wholly owned by American Real Estate Partners (AREP). Distinct from the separately tracked AWS Hobart campus — different developer and a different stated capacity; no street address is published, so coordinates are the city of Hobart.",PowerHouse Data Centers,reported,450.0,planned_maximum,170.0,acre,2026-09-13,Compute Atlas,powerhouse-hobart-lake-county-in,https://www.powerhousedata.com/data-center/powerhouse-hobart,,planned
KY,Louisville,reported,United States,,,,,38.1953,-85.8485,PowerHouse Data Centers – Louisville (Camp Ground Road),"Address: 6001 Camp Ground Road, Louisville, KY; near Shively and the Rubbertown industrial district, less than 1 mile from the Ohio River. 153 acres confirmed by DCD. 1.6M sq ft total campus across seven buildings. Operator discussing tenants including major hyperscalers (Google, Amazon, Microsoft named in reports). End tenant not publicly disclosed at time of research. Fix: removed unconfirmed '50-year' duration from tax exemption description — program exists per Kentucky 2024 legislation but specific term length was not confirmed by any fetched source.",PowerHouse Data Centers,reported,402.0,planned_maximum,153.0,acre,2026-09-22,Compute Atlas,powerhouse-louisville-ky,https://www.datacenterdynamics.com/en/news/planning-commission-recommends-approval-for-16m-sq-ft-planned-data-center-in-louisville-kentucky/,,planned
PA,Carlisle,confirmed,United States,,,,,40.2015,-77.1889,PAX — Pennsylvania Digital I,"'Pennsylvania Digital I' (PAX) in Carlisle, Cumberland County: a ~700-acre, three-campus development delivering 1.35 GW (expandable to 1.8 GW — in notes), each campus with six buildings and a 450 MW substation. The $15B is the project value across all three campuses (in notes). Near-term 300 MW by Q2 2027. Coordinates are the Carlisle area centroid. The $15B figure is the three-campus JV total, not broken out per campus -> investmentUsd omitted. Pennsylvania's data-center sales-tax exemption eligibility is likely but no confirmed award or LERTA designation was found. Partner: Pennsylvania Data Center Partners.",PowerHouse Data Centers,reported,1350.0,planned_maximum,700.0,acre,2026-08-02,Compute Atlas,powerhouse-pax-carlisle-pa,https://www.globenewswire.com/news-release/2025/07/15/3115977/0/en/pennsylvania-data-center-partners-and-powerhouse-data-centers-launch-joint-venture-to-build-next-gen-1-35-gw-hyperscale-data-center-campus-in-carlisle-pennsylvania.html,,planned
KY,Carrollton,confirmed,United States,,,,,38.68,-85.16583,Carrollton Industrial Campus,"Developers (Poe Companies and PowerHouse Data Centers, the same partnership behind the existing record powerhouse-louisville-ky) have secured purchase options and completed initial site studies but had not started construction as of the 2026-09-10 source check; 'it's unclear when construction ... will begin.' Data center footprint is reported as roughly 300 of the 500 total acres; 342 acres of the site are owned by Carrollton Utilities, adjacent to its regional wastewater treatment plant. An economic-impact analysis projects about $93.2M in local tax revenue, over $64M of it to Carroll County Public Schools; the developer also received $3.7 million in Kentucky Business Investment (KBI) incentive funding (year not stated in source, so omitted from the subsidies field).",PowerHouse Data Centers / Poe Companies,reported,800.0,planned_maximum,500.0,acre,2026-09-15,Compute Atlas,powerhouse-poe-carrollton-industrial-campus-carroll-county-ky,https://finance.yahoo.com/technology/articles/louisville-based-developer-plans-9-144212137.html,,planned
TX,Grand Prairie,confirmed,United States,,,,,32.62,-97.02,PowerHouse Grand Prairie Campus,"1.8 GW DFW-area campus (Grand Prairie): 24 buildings across three phases with an on-site 1.8 GW switchyard. Grand Prairie spans Dallas/Tarrant/Ellis counties; the campus is in the Ellis County (southern) portion. Coordinates reflect the southern Grand Prairie / Ellis County zone. Provident cited 'at least $5B in direct construction impact' over the multi-year build-out (Bisnow) and ~$300M for one 360,000-sq-ft building (Dallas Innovates) - neither a confirmed campus capex pledge -> investmentUsd omitted. Ellis County adopted Chapter 312 abatement guidelines (~Oct 2025, $50M threshold); no executed abatement agreement for this campus was found.",PowerHouse Data Centers,reported,1800.0,planned_maximum,,,2026-07-08,Compute Atlas,powerhouse-provident-grand-prairie-tx,https://www.datacenterdynamics.com/en/news/powerhouse-and-provident-to-develop-18gw-campus-in-dfw-texas/,,planned
NV,McCarran,reported,United States,,,,,39.5602824,-119.4990959,PowerHouse Reno Campus,"Three two-story powered-shell buildings totalling 900,000 sq ft on 49 acres, developed with parent American Real Estate Partners (AREP). The 65 MW figure is the campus figure in PowerHouse's own groundbreaking release; a facility directory separately lists a 200 MW figure for the site, which is not recorded here because it was not read on a primary page this session.",PowerHouse Data Centers,reported,65.0,planned_maximum,49.0,acre,2026-08-29,Compute Atlas,powerhouse-reno-storey-county-nv,https://www.powerhousedata.com/news/powerhouse-breaks-ground-on-reno-data-center,,planned
TX,Uhland,reported,United States,,,,,29.87,-97.85,PowerHouse Caldwell County Data Center,"Within the larger Caldwell Valley Technology Park megasite near Austin/San Antonio - a distinct operator/parcel from Tract's own 1,515-acre/2,000MW land holding in the same park (existing tracked entry tract-caldwell-valley-uhland-tx); do not conflate the two. ~700MW figure from a single-source tracker, not independently verified, so omitted from capacityMw. PowerHouse has filed a petition to move the site from Town of Uhland jurisdiction to Caldwell County jurisdiction (lighter TX zoning authority at the county level). Coordinates are approximate.",PowerHouse Data Centers,reported,4000.0,planned_maximum,500.0,acre,2026-08-16,Compute Atlas,powerhouse-uhland-caldwell-county-tx,https://www.datacenterdynamics.com/en/news/powerhouse-looking-to-build-500-acre-data-center-near-austin-texas/,,planned
KS,Kansas City,reported,United States,,,,,39.147,-94.635,Project Yardbird,"Converts the decommissioned Quindaro coal Power Station (BPU) in the Quindaro neighborhood of Kansas City, KS. $13.6M option to buy (May 2025), currently in due diligence.",PowerTransitions,reported,200.0,planned_maximum,,,2026-07-17,Compute Atlas,powertransitions-project-yardbird-ks,https://www.kcur.org/housing-development-section/2026-01-29/wyandotte-county-data-centers-would-require-a-lot-of-power-will-that-raise-your-energy-bill,,planned
GA,Mystic,reported,United States,,,,,31.6224192,-83.3351929,Project Arrowhead (Premier Data Center Development Irwin County Campus),"Five-building campus totalling 4.22 million sq ft on approximately 1,000 acres outside Mystic. First phase targeted 2030, full build-out 2034. The $6bn figure is stated as an upper bound (""up to $6 billion""), not a committed investment. Part of the land was previously earmarked for the Irwin Forward Tech Park proposal, withdrawn in March 2026. A DRI filing is a review trigger, not an approval — no rezoning or interconnection award is confirmed. Coordinates are the Mystic community centroid (OSM Nominatim), not a parcel.","Premier Data Center Development, LLC",reported,1250.0,planned_maximum,1000.0,acre,2026-09-23,Compute Atlas,premier-project-arrowhead-irwin-ga,https://baxtel.com/news/plans-filed-for-1-2gw-data-center-campus-in-irwin-county-georgia,,planned
AZ,Avondale,confirmed,United States,,,,,33.44,-112.35,Avondale Campus,"5-building, 66.5-acre campus; groundbreaking on first 3 buildings May 2026.",Prime Data Centers,reported,240.0,planned_maximum,66.5,acre,2026-09-10,Compute Atlas,prime-avondale-az,https://primedatacenters.com/news/prime-data-centers-breaks-ground-on-three-buildings-at-its-240mw-phoenix-campus-advancing-3billion-dollar-investment-in-avondale/,,planned
TX,Dallas,reported,United States,,,,,32.8379581,-96.8784007,Prime DFW01-01,"Confirmed via https://primedatacenters.com/locations/dallas/ — DFW01-01 at 1515 Round Table Dr, Dallas, TX, operational, 8MW/107,000 sq ft, enterprise multi-tenant. Kept as the canonical entry for this facility name; see osm_id 1461896928 (dropped as duplicate). AI/HPC (likely): Prime's own DFW01-01 Dallas tech sheet lists this specific building's 'Performance: AI-ready' and 'Cooling: Closed air loop and liquid'.",Prime Data Centers,reported,8.0,unknown,,,2026-07-24,Compute Atlas,prime-dfw01-01-tx,https://primedatacenters.com/locations/dallas/,,operational
CA,Vernon,reported,United States,,,,,34.0014335,-118.2303092,Prime Data Centers LAX01,"Opened November 14, 2024; 33MW of critical IT power at full build-out across six data halls, 100% leased at opening to two initially-unnamed AI companies. Lambda was named as a tenant via a separate press release approximately one year later (November 13, 2025), leasing 21MW of the 33MW total for NVIDIA Blackwell-based AI infrastructure - these are two distinct announcements, not one event. One of at least three independent data-center developments in Vernon (a small, ~200-resident, all-industrial city), alongside a separate Digital Realty land purchase (4400 Pacific Blvd) and the DataBank/Goodman Group 'Vernon LA Campus' - driven by Vernon Public Utilities offering industrial power at roughly half the rate of neighboring investor-owned utilities.",Prime Data Centers,reported,33.0,unknown,,,2026-09-21,Compute Atlas,prime-lax01-vernon-ca,https://primedatacenters.com/news/prime-opens-los-angeles-data-center/,,operational
IL,Elk Grove Village,confirmed,United States,,,,,42.0224688,-87.9621839,Prime ORD Chicago Campus,"Site-level figures, not entity-wide: the $1B and 175MW are stated for this Elk Grove Village campus at full build-out across three buildings; first building ORD-01 is 384,000 sq ft and up to 72MW. Status reflects the most recent sourced stage (2022 groundbreaking) — no fetched source confirms a live date, so this may lag reality. Distinct from the tracked TA Realty Elk Grove Village site (different operator, different parcel/acreage). Coordinates geocoded from the published street address.",Prime Data Centers,reported,175.0,planned_maximum,,,2026-09-10,Compute Atlas,prime-ord-elk-grove-village-il,https://www.prnewswire.com/news-releases/prime-data-centers-breaks-ground-on-1b-chicago-data-center-campus-in-elk-grove-village-301681170.html,,planned
CA,Sacramento,confirmed,United States,,,,,38.671,-121.399,Prime Data Centers SMF02,"Address: 2408 AK Street, McClellan Park, Sacramento, CA 95652. Coordinates approximate (McClellan Business Park). Adjacent to operational SMF01 (8MW at 2407 AK Street). Combined campus: 26MW across 215,000 sq ft on 8.6 acres. Marketed for hyperscale and AI-ready deployments. Certifications: ISO 27001, SOC 2 Type 2.",Prime Data Centers,reported,18.0,planned_maximum,8.6,acre,2026-09-29,Compute Atlas,prime-smf02-sacramento-ca,https://primedatacenters.com/news/prime-data-centers-breaks-ground-on-second-sacramento-data-center-expanding-regional-campus-footprint/,,planned
GA,Marietta,reported,United States,,,,,33.926145,-84.4857377,1155 Powers Ferry Place Data Center (Prime Storage conversion),"A retrofit of a portion of an existing ~90,000 sq ft Prime Storage building on roughly 11 acres, rather than new construction. Rezoning application filed 2026-05-19 and tabled in July before approval in August. Coordinates come from the geocoded street address.",Prime Storage (Prime Group Holdings) — end user undisclosed,reported,18.0,planned_maximum,11.0,acre,2026-09-10,Compute Atlas,prime-storage-powers-ferry-place-marietta-ga,https://www.atlantanewsfirst.com/2026/08/13/marietta-city-council-approves-zoning-second-data-center-heated-meeting/,,planned
MD,Silver Spring,confirmed,United States,,,,,39.058994201626,-76.965681665201,12401 Prosperity Drive Data Center,"Coordinates confirmed via US Census geocoder (exact match on 12401 Prosperity Dr, Silver Spring, MD 20904; county is Montgomery per standard MD zip-to-county geography, not stated by either source). This is a previously-existing colocation facility (built 2009; operated historically as ByteGrid MDC1/MDC2 and later as Lincoln Rackhouse, brand retired 2024) acquired by a Sansone Group / Priseda partnership in an off-market deal reported at $28.8M (RE Business Online, announced Aug 2025); Priseda is both co-owner and operator. The property's own site states a 214,000 SF 'ultra secure' facility with ~50,000 SF of data hall available for lease and a phased power build-out to '35.2 MW gross by end of 2027' -- recorded as capacityMw.planned since that figure is the forward target, not a confirmed current operational total (no source fetched this run states the pre-upgrade operational MW). aiClassification omitted: no source names AI/GPU/HPC use at this site. Distinct from and not to be confused with the existing ainet-cybernap-glen-burnie-md record (different operator, different county).",Sansone Group / Priseda,reported,35.2,planned_maximum,,,2026-09-21,Compute Atlas,priseda-prosperity-drive-silver-spring-md,https://www.pdcproperty-silverspring.com/,,planned
SC,,reported,United States,,,,,32.7,-80.62,Project Boulder,"Near the ACE Basin (Ashepoo-Combahee-Edisto estuary). Would be South Carolina's first gigawatt-scale data center if built; speculative, no named tenant. Coordinates are approximate.",Eagle Rock Partners,reported,1000.0,planned_maximum,860.0,acre,2026-09-10,Compute Atlas,project-boulder-colleton-county-sc,https://scdailygazette.com/2025/12/19/gigawatt-data-center-proposal-draws-opposition-from-sc-lowcountry-residents-politicians/,,planned
MI,Van Buren Township,confirmed,United States,,,,,42.23,-83.44,Project Cannoli,"Google confirmed evaluating the site. Coordinates are approximate. Developer: Panattoni Development Co. Status re-check, NO change: only PRELIMINARY site plan approval has been granted (February 2026, already before the record's 2026-08-08 basis). The final site plan vote is still pending, so the record correctly remains 'proposed'.",Google,reported,1000.0,planned_maximum,282.0,acre,2026-09-21,Compute Atlas,project-cannoli-van-buren-township-wayne-county-mi,https://planetdetroit.org/2026/06/whitmer-data-center-backlash-2026-election/,,planned
IL,Yorkville,confirmed,United States,,,,,41.7,-88.461,Project Cardinal Data Center Campus,"Coordinates approximate NW of IL Rt 47 and Galena Rd in Yorkville; exact parcel spans ~1,037 acres. 14 two-story buildings at 17 million sq ft total. No confirmed hyperscale tenant named. Companion project 'Project Steel' (Prologis, 540 acres, 24 buildings) also approved in same Yorkville corridor. First data center operational target: 2029.",Pioneer Development LLC,reported,1800.0,planned_maximum,1037.0,acre,2026-08-03,Compute Atlas,project-cardinal-yorkville-il,https://www.yorkville.il.us/906/Project-Cardinal-Data-Center-Campus-Anne,,planned
GA,Columbus,reported,United States,,,,,32.5487503,-84.7399283,Project Ruby (Upatoi Data Center Campus),"865 acres in northeast Muscogee County (Upatoi), $5.18 billion, 600 MW — a draw exceeding current power usage for all of Columbus. Columbus Water Works is named as the treated-water supplier. The overlay-district vote is a zoning tool, not project approval. Coordinates are approximate to Upatoi.",Undisclosed end user (site pursued by Choose Columbus / Development Authority of Columbus),reported,600.0,planned_maximum,865.0,acre,2026-09-10,Compute Atlas,project-ruby-upatoi-muscogee-ga,https://www.aol.com/articles/columbus-council-votes-rules-allow-144112000.html,,planned
IN,Eagle Creek Township,reported,United States,,,,,41.31,-87.3,Project Shirley,"Unincorporated, SR-2/Clay St. 4 buildings across 160 largely agricultural acres. Coordinates are approximate.",Sentinel Data Centers,reported,500.0,planned_maximum,160.0,acre,2026-07-09,Compute Atlas,project-shirley-eagle-creek-township-lake-county-in,https://www.latitudemedia.com/news/in-indiana-an-anatomy-of-data-center-opposition/,,planned
GA,Thomson,reported,United States,,,,,33.4663248,-82.5026089,Project Azalea (Thomson Data Center Campus),"Six data center buildings at 2660–2358 Randall Hunt Road, Thomson; potential completion 2029. Developed by Project Turbo, LLC, the same entity behind the separately tracked Gainesville/Hall County proposal — this is a distinct McDuffie County site, not that project. Coordinates are the Thomson city centroid (OSM Nominatim); the street is recorded without a number because the parcels span an address range.","Project Turbo, LLC (developer; end user undisclosed)",reported,400.0,planned_maximum,200.0,acre,2026-09-23,Compute Atlas,project-turbo-llc-project-azalea-thomson-ga,https://baxtel.com/news/200-acre-project-azalea-data-center-approved-near-augusta-georgia,,planned
GA,LaGrange,reported,United States,,,,,33.039291,-85.0313269,Project West (Troup County Data Center Campus),"Six buildings at 252,000 sq ft each, $9.7 billion over eight years, 600 MW, with its own substation and 570 projected jobs at an average of $80,000. This is a separate site from Google's LaGrange data center, which is at 411 Pegasus Parkway off I-85 and was announced in April 2026 by Google itself; the tracked google-lagrange-ga record covers that one. Coordinates are approximate to LaGrange.",Undisclosed data center developer (landowner Joshua Harrelson),reported,600.0,planned_maximum,513.0,acre,2026-09-10,Compute Atlas,project-west-lagrange-troup-ga,https://www.ajc.com/news/business/massive-97-billion-data-center-proposed-in-troup-county/V7BUTU4FJ5GHRJDIN2XFJ4AWXM/,,planned
CA,San Jose,reported,United States,,,,,37.381800835839,-121.915780681274,Prologis 326 Charcot Avenue Data Center (North San José),"514,000 sq ft data center plus 30,000 sq ft office at the corner of Zanker Road and Charcot Avenue. This is a separate site from Prologis STEM Park (city-owned land in Alviso) and from Prologis's Silver Creek Valley Road and Rue Ferrari projects. Coordinates come from the US Census geocoder address match.",Prologis,reported,99.0,planned_maximum,,,2026-09-29,Compute Atlas,prologis-326-charcot-avenue-san-jose-ca,https://www.pressdemocrat.com/2026/09/25/tech-san-jose-data-pge-ai-property-economy-build-real-estate-prologis/,,planned
OH,Trenton,confirmed,United States,,,,,39.48,-84.4638,Prologis Project Mila,"Project Mila in Trenton, Butler County (outside Cincinnati): four 220,000 sq ft single-story buildings (880k sq ft total) plus an on-site substation. Planning approved March 2026; construction from fall 2026. Estimated ~100-200 MW (not officially disclosed — omitted from capacity). Distinct from Prologis's Newnan, GA campus. Coordinates are the Trenton area centroid.",Prologis,reported,250.0,planned_maximum,141.0,acre,2026-09-21,Compute Atlas,prologis-mila-trenton-oh,https://www.datacenterdynamics.com/en/news/prologis-details-plans-for-data-center-campus-outside-cincinnati-ohio/,,planned
GA,Newnan,confirmed,United States,,,,,33.3807,-84.7974,Project Sail – Prologis Data Center Campus,"Nine buildings, 4.3 million sq ft. End tenant not publicly identified; project marketed to hyperscalers. Rezoning includes decommissioning and site restoration plan requirement if dormant over one year. Coordinates are Newnan city centroid; actual site is along US-27 southwest of Newnan. A developer-commissioned fiscal study modeled roughly $488M in county and school property-tax abatements over 18 years, but the Coweta County Development Authority reported no incentive negotiations had occurred as of January 2025; no confirmed incentive agreement or job count has been published.",Prologis,reported,900.0,planned_maximum,800.0,acre,2026-07-06,Compute Atlas,prologis-project-sail-coweta-ga,https://www.ajc.com/business/2026/04/coweta-votes-to-turn-this-800-acre-forest-into-17b-data-center-campus/,,planned
CA,San Jose,confirmed,United States,,,,,37.247993,-121.778138,Prologis 5853 Rue Ferrari,"Site Development Permit Amendment converting an existing ~300,000 sq ft warehouse (Parcel #678-05-057, City file H21-006/HA21-006-01) into server-ready R&D space, adding backup generators, transformers, and evaporative cooling chillers. Approved Dec 10 2025 via a Mitigated Negative Declaration w/ Addendum (no significant environmental impacts found); Notice of Determination posted Dec 18 2025. No tenant named yet — next steps are leasing, tenant-improvement permits, and utility interconnection before server halls activate. 140 jobs projected (not delivered) — omitted from jobs numeric. Distinct from the already-tracked prologis-silver-creek-valley-san-jose-ca record and prologis-stem-park-zanker-road-san-jose-ca (this same batch) — different parcels.",Prologis,reported,49.0,planned_maximum,17.4,acre,2026-09-21,Compute Atlas,prologis-rue-ferrari-san-jose-ca,https://ceqanet.lci.ca.gov/2022010266/2,,planned
CA,San Jose,reported,United States,,,,,37.25,-121.79,Prologis Silver Creek Valley Road Data Center,"5977 Silver Creek Valley Road, South San Jose. Three-story facility, 516,000 sq ft. Permit filed July 2026; ~2-year buildout once approved. Prologis states it will self-fund substation/transmission costs. Distinct from Prologis's already-tracked Project Sail, Project Cardinal, and Project Mila entries. Coordinates are approximate.",Prologis,reported,99.0,planned_maximum,15.0,acre,2026-09-29,Compute Atlas,prologis-silver-creek-valley-san-jose-ca,https://www.datacenterdynamics.com/en/news/prologis-files-to-build-99mw-data-center-in-san-jose-california/,,planned
CA,San Jose,reported,United States,,,,,37.423,-121.943,Prologis STEM Park,"159-acre city-owned parcel at Hwy 237 & Zanker Road, North San Jose (bounded by Los Esteros Energy Center, Artesian Slough, Hwy 237, and the Silicon Valley Advanced Water Purification Center). Prologis selected as preferred developer by San Jose City Council (unanimous vote, Nov 18 2025) over Catellus-Deca and Trammell Crow proposals; CEQA review and ground-lease negotiation still pending as of source dates — not yet approved. 'STEM Park' = Sustainable Technology, Engineering and Manufacturing Park: four 99MW data-center buildings (1.68M sq ft total, capacityMw above) plus a separate ~785,000 sq ft / 100MW advanced-manufacturing component (not counted in capacityMw, different use). PG&E has committed initial 250MW via dual feed from the Los Esteros 230kV substation within 30-36 months. ~$25B investment widely reported (DCD et al.) but not confirmed directly by Prologis — omitted from investmentUsd. Projected 6,000+ jobs and $30M/yr city tax revenue are projections tied to a not-yet-approved project, not delivered counts — omitted from jobs numeric. A separate, already-tracked Prologis site (prologis-silver-creek-valley-san-jose-ca) and another new Prologis San Jose site (prologis-rue-ferrari-san-jose-ca, this same batch) are distinct parcels, not duplicates.",Prologis,reported,396.0,planned_maximum,159.0,acre,2026-07-26,Compute Atlas,prologis-stem-park-zanker-road-san-jose-ca,https://www.datacenterdynamics.com/en/news/400mw-prologis-data-center-campus-chosen-as-preferred-project-on-city-owned-land-in-san-jose-california/,,planned
WY,Glenrock,reported,United States,,,,,42.87,-106.15,Prometheus Hyperscale Falls Ranch Data Center Campus,"1.5GW campus proposed on the Falls Ranch property spanning the Natrona/Converse county line near I-25, roughly 10 miles east of Casper. Site plan still in flux as of July 2026, with developers weighing an alternate parcel south of I-25; targeted operational by 2028.",Prometheus Hyperscale,reported,1500.0,planned_maximum,940.0,acre,2026-09-14,Compute Atlas,prometheus-hyperscale-casper-wy,https://cowboystatedaily.com/2025/10/09/casper-lands-massive-1-5-gigawatt-data-center-project-on-nearby-ranch/,,planned
WY,Evanston,confirmed,United States,,,,,41.27,-110.81,Prometheus Hyperscale Atlas Industrial Park Data Center Campus,"506-acre 'Atlas Industrial Park' campus about 8-12 miles east of Evanston near the Silver Eagle refinery on County Road 180, south side of I-80 (Section 13, T15N R119W). Approved for 1.25GW initial IT capacity with a stated development path to 5GW; only the confirmed initial figure is recorded here.",Prometheus Hyperscale,reported,1250.0,planned_maximum,506.0,acre,2026-09-14,Compute Atlas,prometheus-hyperscale-evanston-wy,https://www.prnewswire.com/news-releases/prometheus-hyperscale-secures-unanimous-conditional-use-permit-approval-from-uinta-county-commissioners-302803665.html,,planned
TX,,reported,United States,,,,,32.65,-96.36,Prometheus Hyperscale Kaufman County Campus,"Four liquid-cooled buildings on ~500 acres west of Dallas between Talty and Post Oak Bend City, Kaufman County; behind-the-meter Jenbacher J620 gas generation plus an Engie North America battery storage tie-in. Distinct operator/site from the Flexential Talty campus in the same county. First facility targeted for 2026 operation.",Prometheus Hyperscale,reported,200.0,planned_maximum,500.0,acre,2026-09-21,Compute Atlas,prometheus-hyperscale-kaufman-county-tx,https://www.greenvillechronicle.com/s/4925/Prometheus-Hyperscale-Plans-200MW-AI-Data-Center-Campus-in-Kaufman-County.php,,planned
UT,Cedar City,reported,United States,,,,,37.6775,-113.0619,Antelope Data Center (Project Antelope),"West of Cedar City along Antelope Springs Road; permit deemed vested ahead of the county's 180-day data center moratorium; development planned in phases over 8-10 years; up to 6.75M sq ft at full buildout. Subsidies checked at the municipal tier (2026-09-04): no site-level subsidy. Iron County Planning Commission minutes for the 4 June 2026 conditional-use approval state ""This CUP is not tied to any tax incentives or reimbursements"", and no Iron County community-reinvestment project area was found covering this site, which lies in unincorporated Iron County outside Cedar City's municipal limits. The applicant's consultant told the commission their tax-revenue estimate was modelled both ""with the Inland Port incentives and without"", which is a future incentive being contemplated by the developer, not an awarded one.",Pronghorn Development LLC,reported,1500.0,planned_maximum,640.0,acre,2026-09-04,Compute Atlas,pronghorn-antelope-cedar-city-ut,https://www.stgeorgeutah.com/news/planning-commission-approves-conditional-use-permit-for-proposed-iron-county-data-center/article_0a818ae9-8496-4e3e-87e0-53a09ee256c5.html,,planned
NC,,reported,United States,,,,,35.0462,-78.8394,PRSM Group Cumberland County AI Data Center (undisclosed industrial park),"The developer declined to disclose the site beyond 'an industrial park, not near residences', so coordinates are a Cumberland County-level approximation only. The end user is an unnamed PRSM client, not PRSM itself. Developer said he does not expect the project to advance before a moratorium is enacted.",PRSM Group,reported,225.0,planned_maximum,50.0,acre,2026-09-10,Compute Atlas,prsm-group-cumberland-county-nc,https://www.cityviewnc.com/stories/data-center-proposal-emerges-as-county-holds-hearing-on-moratorium/,,planned
CA,City of Industry,confirmed,United States,,,,,33.9926096,-117.9278263,Puente Hills Mall Redevelopment Data Center,Mid-sized (10 MW) data center within a larger mall redevelopment; property sold August 2024. Location is the mall centroid (approximate). Distinct from the Raeden proposal at 110 Marcellin Drive already tracked.,"Puente Hills Land Venture, LLC",reported,10.0,planned_maximum,,,2026-09-21,Compute Atlas,puente-hills-mall-data-center-city-of-industry-ca,https://investigatela.org/2026/03/02/city-of-industry-discussed-data-center-sites-months-before-zoning-vote/,,planned
IN,Charlestown,reported,United States,,,,,38.4517,-85.67,QLEVR Charlestown Data Center,"A 55,000 sq ft, 3 MW facility on 12 acres in Shadow Lake Industrial Park, with a stated 14-16 month construction period. The developer did not request tax abatements and says it will pay for any required utility upgrades.",QLEVR LLC,reported,3.0,planned_maximum,12.0,acre,2026-09-01,Compute Atlas,qlevr-charlestown-clark-county-in,https://www.newsandtribune.com/news/data-center-proposed-for-charlestowns-shadow-lake-park/article_b0967582-6664-4499-a2b4-44dfcfa4702a.html,,planned
VA,Sterling,reported,United States,,,,,38.9995277,-77.4501109,QTS Ashburn 1,"Confirmed DC1 at 22271 Broderick Drive, Sterling VA (operational); DC2 at 22280 Randolph Drive under construction as part of same campus.",QTS Data Centers,reported,55.0,unknown,,,2026-09-21,Compute Atlas,qts-ashburn-1-va,https://q.com/data-centers/ashburn-1/,,operational
GA,Atlanta,reported,United States,,,,,33.7776897,-84.4211544,QTS Atlanta 1 (Atlanta-Metro DC1),"Confirmed 4-building mega campus at 1033 Jefferson St NW etc, Atlanta, GA. This is the primary Atlanta 1 campus entry; candidate 1007825570 (Atlanta DC2) is on the same campus, kept as a separate co-located building only because it's independently confirmed as a distinct 72MW building, not because it's a distinct campus.",QTS Data Centers,reported,278.0,planned_maximum,,,2026-08-16,Compute Atlas,qts-atlanta-1-atlanta-metro-dc1-ga,https://q.com/data-centers/atlanta/,,planned
CO,Aurora,reported,United States,,,,,39.7113,-104.7241,QTS Aurora-Denver Data Center Campus (DEN1),"1160 N. Gun Club Rd, Aurora, CO 80018; eastern Aurora near E-470. Former JPMorgan data center site. Four-building campus on 67 acres. Colorado's first hyperscale facility at this scale. Coordinates based on Gun Club Rd address. Investment amount and specific job counts (previously $1B, 500 construction, 77 permanent) removed — not confirmed by cited sources. QTS Data Centers is owned by Blackstone (2021 take-private). As of 2026-07-08, one of the campus's three buildings is complete, a second is nearly finished, and site work has begun on the third. A July 2025 permit application seeks 98 additional diesel backup generators on top of the existing 40.",QTS Data Centers,reported,177.0,planned_maximum,67.0,acre,2026-09-30,Compute Atlas,qts-aurora-co,https://www.datacenterdynamics.com/en/news/qts-plans-15m-sq-ft-expansion-at-henrico-virginia-campus-and-denver-build-out/,,planned
GA,Blakely,confirmed,United States,,,,,31.3763,-84.9346,QTS Project Blue Hole,"Project Blue Hole in Blakely, Early County; DRI filed 2026, ~12M sq ft at full buildout by ~2035. ~1 GW+ is an estimate of ultimate scale (in notes). Coordinates are the Blakely area centroid. QTS Data Centers is owned by Blackstone (2021 take-private).",QTS Data Centers,reported,1000.0,planned_maximum,,,2026-09-23,Compute Atlas,qts-blue-hole-blakely-ga,https://www.datacenterdynamics.com/en/news/qts-targets-two-data-center-campuses-in-georgia/,,planned
IA,Cedar Rapids,confirmed,United States,,,,,41.932,-91.718,QTS Cedar Rapids Data Center Campus,"Coordinates approximate for Big Cedar Industrial Center; parcel is adjacent to Google's campus in the same 1,391-acre industrial park. $10B investment is total planned across 7 phases over up to 25 years; minimum $250M per phase, each requiring a 300,000 sq ft building. 7 buildings planned at full build-out. Permanent jobs figure is minimum per phase. QTS Co-CEO Tag Greason stated the completed seven-building campus will ultimately draw about 1,050 MW of power from Alliant Energy (planned, full build-out). QTS Data Centers is owned by Blackstone (2021 take-private).",QTS Data Centers,reported,1050.0,planned_maximum,612.0,acre,2026-09-16,Compute Atlas,qts-cedar-rapids-ia,https://cedar-rapids.org/news_detail_T6_R2180.php,,planned
CO,Colorado Springs,reported,United States,,,,,38.9220674,-104.8426568,QTS Colorado Springs Data Center,"249,958 sq ft on a 21-acre site with 14 MW+ of critical building capacity, per the operator's own location page. Distinct site from the QTS Aurora-Denver campus already tracked. Capacity recorded as 14 MW (operator states '14 MW+').",QTS Data Centers,reported,14.0,unknown,21.0,acre,2026-08-26,Compute Atlas,qts-colorado-springs-co,https://q.com/data-centers/colorado-springs/,,operational
UT,Fairfield,reported,United States,,,,,40.26217,-112.093,QTS Eagle Mountain II,"Sweetwater Industrial Park Community Reinvestment Project Area #3 (Eagle Mountain Redevelopment Agency, Title 17C): 61% of Real Property Tax Increment plus 74% of Personal Property Tax Increment, reimbursed per Phase for 20 years per phase (not to exceed 40 years total), from Utah County, Alpine School District, Eagle Mountain City, Central Utah Water Conservancy District, and the Unified Fire Service Area. The signed CRA Participation Agreement's Participant is QTS Eagle Mountain I, LLC — there is no separate agreement naming ""QTS Eagle Mountain II, LLC."" This parcel (38:707:0002, 98.043 acres) is covered by the Sweetwater CRA #3 agreement with QTS Eagle Mountain I, LLC, which explicitly includes this parcel's acreage: the Agreement's own recitals and the amended Project Area's Table 1 Parcel List define the ~193-acre Project Area, and its terms, as spanning both the QTS Eagle Mountain I parcel (38:707:0001, 95.153 acres) and the QTS Eagle Mountain II parcel by acreage. A 2nd Amendment (approved August 20, 2024) changed only the payment mechanics — allowing personal-property reimbursements to be paid directly to QTS's colocation end-clients — and did not alter the 61%/74%/20yr/40yr terms.",QTS Data Centers,reported,650.0,planned_maximum,,,2026-08-15,Compute Atlas,qts-eagle-mountain-ii-fairfield-ut,https://d36oiwf74r1rap.cloudfront.net/wp-content/uploads/2026/04/Data-Center-Growth-FS-Apr2026.pdf,,planned
UT,Eagle Mountain,reported,United States,,,,,40.3155,-111.9847,QTS Eagle Mountain Data Center Campus,Groundbreaking was October 2025; the third of three initial buildings topped out (structural completion) on 2026-04-20. Not yet operational; no delivery date confirmed.,QTS Data Centers,reported,200.0,planned_maximum,193.0,acre,2026-08-16,Compute Atlas,qts-eagle-mountain-ut,https://eaglemountain.gov/qts-begins-construction-on-new-datacenter-campus-in-eagle-mountain/,,planned
NJ,East Windsor,confirmed,United States,,,,,40.279249,-74.547551,QTS East Windsor,"52-acre campus with 70 MW+ critical power capacity. QTS states plans for long-term operations in East Windsor plus one additional data center on the site, described as a further $600 million QTS investment — that figure is for the planned future building, not this facility, so it is not recorded as investmentUsd. Coordinates are the operator-supplied registry point; no parcel-level geocode is published for the street address.",QTS Data Centers,reported,70.0,unknown,52.0,acre,2026-09-21,Compute Atlas,qts-east-windsor-nj,https://q.com/data-centers/east-windsor/,,operational
NJ,East Windsor,confirmed,United States,,,,,40.279249,-74.547551,QTS East Windsor,"52-acre campus with 70 MW+ critical power capacity. QTS states plans for long-term operations in East Windsor plus one additional data center on the site, described as a further $600 million QTS investment — that figure is for the planned future building, not this facility, so it is not recorded as investmentUsd. Coordinates are the operator-supplied registry point; no parcel-level geocode is published for the street address.",QTS Data Centers,reported,70.0,planned_maximum,52.0,acre,2026-09-21,Compute Atlas,qts-east-windsor-nj,https://q.com/data-centers/east-windsor/,,planned
OR,Hillsboro,reported,United States,,,,,45.5588149,-122.9277661,QTS Hillsboro 1,"Confirmed at 4951 NE Huffman St, Hillsboro, OR 97124, 25-acre multi-building campus.",QTS Data Centers,reported,20.0,unknown,25.0,acre,2026-09-21,Compute Atlas,qts-hillsboro-1-or,https://q.com/data-centers/hillsboro-1/,,operational
OR,Hillsboro,reported,United States,,,,,45.55888,-122.92961,QTS Hillsboro 2,,QTS Data Centers,reported,180.0,planned_maximum,51.0,acre,2026-08-15,Compute Atlas,qts-hillsboro-2-or,http://q.com/data-centers/hillsboro-2/,,planned
TX,Irving,reported,United States,,,,,32.8972479,-96.9826475,QTS Irving 1,"Confirmed 6-building campus on Longhorn Dr, Irving, TX, 165MW+ critical capacity, 56 acres.",QTS Data Centers,reported,165.0,planned_maximum,56.0,acre,2026-09-21,Compute Atlas,qts-irving-1-tx,https://q.com/data-centers/irving/,,planned
AL,Bessemer,reported,United States,,,,,33.44,-86.97,QTS Bessemer (Project Marvel),"Codename: Project Marvel. 18-building hyperscale campus on Red Ridge near I-459 and I-20/59 interchange in Bessemer (Jefferson County). Announced capacity: up to 1,200 MW at full build-out — reported as a planned ceiling, roughly 9% of Alabama Power's current generating capacity; recorded as capacityMw.planned = 1200 (an announced 'up to' full-build-out ceiling, consistent with how the dataset records other announced full-build-out figures). Investment: reported at $14–14.5B across sources (Logistics Land Investment anticipated 'close to $14.4B'; WBRC reported $14.5B at November 2025 rezoning; DCD reported ~$14B); no single firm company-confirmed figure exists — treated as a projected cost range and excluded from investmentUsd. Land: ~1,607.42 acres total after two rezoning rounds (initial ~700 acres November 2025 + 914-acre expansion April 2026). QTS affiliate purchased land from TPA Group affiliate for $431.73M. Chapter 9B statutory eligibility would have provided a 30-year abatement estimated at $500M+; QTS committed not to seek local property tax incentives (per WBRC July 2026) — subsidy excluded as eligibility does not equal award and QTS renounced pursuit. Full buildout timeline: 7+ years. Birmingham Business Alliance estimated ~$4B net benefit over 30 years; Bessemer City Schools projected ~$25M/year. AI framing not officially confirmed by QTS or the city as of July 2026 — size and scale (hyperscale, cloud/AI demand framing in QTS statement) support 'likely' classification. Coordinates are approximate for the Red Ridge parcel area. Jobs: ~1,000 construction and ~330 permanent are projected figures for the proposed (not-yet-built) campus (WBRC, Nov 2025) — recorded as projections in notes, not structured jobs fields, per data-rigor policy. QTS Data Centers is owned by Blackstone (2021 take-private). STATUS JUDGEMENT SURFACED, NOT APPLIED: Bessemer approved land-use rezonings for this campus in November 2025 and again (914 acres) in April 2026, which under the wave's rule that a rezoning approval means permitted could argue for permitted rather than proposed. I did not change it, because the record's own cited source dated 2026-07-02 postdates both rezonings and still describes the campus as proposed, and no building permit or site-preparation start was found in any source fetched this run. A maintainer should decide whether a rezoning alone promotes this record.",QTS Data Centers,reported,1200.0,planned_maximum,1607.0,acre,2026-09-09,Compute Atlas,qts-marvel-bessemer-al,https://www.wbrc.com/2026/07/02/qts-confirms-plans-proposed-data-center-campus-bessemer/,,planned
FL,Sweetwater,confirmed,United States,,,,,25.7915329,-80.3795596,QTS Miami (MIA1),"1-acre / ~37,000-38,000 sq ft legacy colocation facility positioned around South American/Caribbean connectivity. Address (11234 NW 20th St) is commonly listed as ""Miami"" per USPS mailing-city convention, but independently resolves to Sweetwater city, Miami-Dade County via both the US Census Bureau Geocoder and OpenStreetMap Nominatim (same building/parcel, ~90m agreement) -- corrected here per dataset precedent (cf. iron-mountain-mia-1-miami-fl, tracked under city Westview). DC OIX-2 certified per a March 2022 QTS press release. No AI/HPC/GPU-specific marketing found; owned by Blackstone (Infrastructure Partners + BREIT) since the 2021 QTS acquisition. QTS Data Centers is owned by Blackstone (2021 take-private).",QTS Data Centers,reported,2.0,unknown,1.0,acre,2026-09-21,Compute Atlas,qts-mia1-sweetwater-fl,https://q.com/data-centers/miami/,,operational
OH,New Albany,confirmed,United States,,,,,40.06378,-82.75793,QTS New Albany 1,"1225-1235 Beech Road SW, New Albany — in the Licking County section of the New Albany Business Park, the same submarket as CyrusOne's and Vantage's Licking County sites nearby. First of two adjacent QTS buildings (see also QTS New Albany 2); 885,600 sq ft. Combined QTS New Albany 1+2 investment ~$1.5B, enabled by a New Albany City Council Community Reinvestment Area tax agreement. 144MW is planned capacity; no operational MW disclosed. No AI/HPC-specific marketing found — QTS materials describe generic hyperscale/enterprise colo (""QTS Freedom Design""). QTS Data Centers is owned by Blackstone (2021 take-private).",QTS Data Centers,reported,144.0,planned_maximum,56.0,acre,2026-07-18,Compute Atlas,qts-new-albany-1-franklin-county-oh,https://www.datacenterdynamics.com/en/news/qts-plans-four-building-data-center-campus-in-new-albany-ohio/,,planned
OH,New Albany,confirmed,United States,,,,,40.05491,-82.75685,QTS New Albany 2,"Beech Road SW, New Albany — second of two adjacent QTS buildings on the adjacent Licking County campus to QTS New Albany 1 (combined 93 acres, ~1.5M sq ft, ~$1.5B investment, 222MW planned total). 612,600 sq ft. 78MW is planned capacity; no operational MW disclosed. No AI/HPC-specific marketing found. QTS Data Centers is owned by Blackstone (2021 take-private).",QTS Data Centers,reported,78.0,planned_maximum,37.0,acre,2026-07-18,Compute Atlas,qts-new-albany-2-franklin-county-oh,https://www.datacenterdynamics.com/en/news/qts-plans-four-building-data-center-campus-in-new-albany-ohio/,,planned
AZ,Phoenix,reported,United States,,,,,33.4644344,-111.994808,QTS Phoenix 2,"Five-building campus at 1200, 1250, 1400, 1450 and 1500 N 40th Street, Phoenix. The '210 MW+' figure is the campus's stated critical power at full build, recorded as planned rather than operational because the operator does not say how much is energized today. Note that qtsdatacenters.com now redirects to q.com. Coordinates geocoded from 1400 N 40th St via Nominatim.",QTS Data Centers,reported,210.0,planned_maximum,80.0,acre,2026-09-21,Compute Atlas,qts-phoenix-2-az,https://q.com/data-centers/phoenix-2/,,planned
NJ,Piscataway,reported,United States,,,,,40.5569431,-74.4839173,QTS Piscataway 1,"Confirmed at 101 Possumtown Road, Piscataway, NJ 08854, 65MW+ critical power, 38-acre campus.",QTS Data Centers,reported,65.0,unknown,38.0,acre,2026-09-14,Compute Atlas,qts-piscataway-1-nj,https://q.com/data-centers/piscataway/,,operational
CA,Sacramento,reported,United States,,,,,38.6463763,-121.4862686,QTS Sacramento,"Confirmed operational, 1100 N Market Blvd, Sacramento, CA 95834, 7-acre campus, 4MW+ critical power.",QTS Data Centers,reported,4.0,unknown,7.0,acre,2026-09-21,Compute Atlas,qts-sacramento-ca,https://q.com/data-centers/sacramento/,,operational
CA,Santa Clara,reported,United States,,,,,37.3939862,-121.9783207,QTS Santa Clara 1,"Confirmed 4-acre multi-building QTS campus at 2805 Mission College Blvd, Santa Clara, CA. Candidate 58708529 is the same campus, ~0.1km away; kept this one, dropped the other as duplicate.",QTS Data Centers,reported,7.5,unknown,4.0,acre,2026-08-16,Compute Atlas,qts-santa-clara-1-ca,https://q.com/data-centers/santa-clara/,,operational
MT,Billings,reported,United States,,,,,45.823,-108.7,Big Sky Digital Infrastructure Campus,"5,100-acre site in Yellowstone County between Broadview and Billings ('north of Billings'). Shovel-ready powered land; grid power expected 2027. Interconnection application filed May 2026 for 1,100 MW. Backed by EnCap Investments (~$2.7B under management). Construction planned to begin 2026. Coordinates approximate between Billings and Broadview.",Quantica Infrastructure,reported,1000.0,planned_maximum,5000.0,acre,2026-07-06,Compute Atlas,quantica-bsdi-billings-mt,https://www.datacenterdynamics.com/en/news/encap-backed-quantica-details-plans-for-1gw-campus-in-montana/,,planned
NC,Enfield,reported,United States,,,,,36.18,-77.66889,Project Q — Quiet Data Centers Enfield (Halifax County),"County-owned 251-acre industrial site off Trestle Road near U.S. 301 outside Enfield; the data center campus itself is described as roughly 14–15 acres with a 90,000–100,000 sq ft building. Phase 1 about 38 MW, final about 88 MW. Minimum contractual commitment is a $250M taxable investment and 50 permanent jobs; the company said the eventual investment could approach $1 billion — that larger figure is aspirational, not committed.",Quiet Data Centers Halifax Inc.,reported,88.0,planned_maximum,251.0,acre,2026-09-10,Compute Atlas,quiet-data-centers-enfield-halifax-county-nc,https://www.rrdailyherald.com/news/local/data-center-proposal-draws-questions-concerns-at-public-hearing/article_adb332bd-e1fd-52f6-b8af-32e9a86d475e.html,,planned
TX,Denton,reported,United States,,,,,33.2148,-97.1331,QumulusAI Denton Modular Data Center,"Up to eight prefabricated modules on ~4 leased acres near Western Boulevard/Jim Christal Road, next to the RD Wells substation; approved January 2026, city land lease ~$20k/yr for 10 years. Designed for AI and cryptomining workloads, closed-loop water-free cooling, PUE target 1.1. Site is ~1.9 miles from the existing Core Scientific Denton facility already tracked -- different operator, different parcel.","QumulusAI, Inc.",reported,20.0,planned_maximum,4.0,acre,2026-09-21,Compute Atlas,qumulusai-denton-tx,https://baxtel.com/data-center/qumulusai-denton-tx,,planned
OK,Oklahoma City,confirmed,United States,,,,,35.4676,-97.5164,RACK59 Data Center,"capacityMw deliberately omitted: the operator's own site advertises 175 MW while third-party listings report ~40 MW, and no filing reconciles the two. Coordinates are an Oklahoma City centroid approximation; the street address is exact.",RACK59,reported,175.0,unknown,,,2026-09-21,Compute Atlas,rack59-oklahoma-city-ok,https://rack59.com/,,operational
FL,Sweetwater,confirmed,United States,,,,,25.7871,-80.3839,RadiusDC Miami I,"Carrier-neutral, telecom-focused colocation facility with an 11-provider meet-me-room; originally built for Telefonica's own use (""KeyCenter"" lineage), sold to Asterion in 2019, passed through Nabiax and Actis-owned NextStream before IPI Partners-backed RadiusDC acquired it (announced Aug 13, 2024). 3.2 MW operational with an announced expansion to 9.2 MW expected in 2026 (sources disagree on exact quarter -- H1 2026 vs Q3 2026); RadiusDC also cites 15+ MW as long-term site potential, which is aspirational and not a disclosed capacity figure -- omitted as a data point. Financial terms of the acquisition were not disclosed. City is confirmed as Sweetwater via the Miami-Dade County parcel record (APN 25-3031-021-0013); one aggregator (datacenters.com) labels a same-site legacy Telefonica listing ""Doral,"" likely a stale pre-rebrand mislabel outweighed by the parcel record and primary press coverage.",RadiusDC,reported,3.2,unknown,,,2026-08-02,Compute Atlas,radiusdc-miami-i-sweetwater-fl,https://www.prnewswire.com/news-releases/radiusdc-announces-acquisition-of-network-centric-data-center-in-miami-302220596.html,,operational
FL,Sweetwater,confirmed,United States,,,,,25.7871,-80.3839,RadiusDC Miami I,"Carrier-neutral, telecom-focused colocation facility with an 11-provider meet-me-room; originally built for Telefonica's own use (""KeyCenter"" lineage), sold to Asterion in 2019, passed through Nabiax and Actis-owned NextStream before IPI Partners-backed RadiusDC acquired it (announced Aug 13, 2024). 3.2 MW operational with an announced expansion to 9.2 MW expected in 2026 (sources disagree on exact quarter -- H1 2026 vs Q3 2026); RadiusDC also cites 15+ MW as long-term site potential, which is aspirational and not a disclosed capacity figure -- omitted as a data point. Financial terms of the acquisition were not disclosed. City is confirmed as Sweetwater via the Miami-Dade County parcel record (APN 25-3031-021-0013); one aggregator (datacenters.com) labels a same-site legacy Telefonica listing ""Doral,"" likely a stale pre-rebrand mislabel outweighed by the parcel record and primary press coverage.",RadiusDC,reported,9.2,planned_maximum,,,2026-08-02,Compute Atlas,radiusdc-miami-i-sweetwater-fl,https://www.prnewswire.com/news-releases/radiusdc-announces-acquisition-of-network-centric-data-center-in-miami-302220596.html,,planned
TN,Nashville,confirmed,United States,,,,,36.27987,-86.7837,RadiusDC Nashville I,,RadiusDC,reported,12.0,planned_maximum,12.0,acre,2026-09-21,Compute Atlas,radiusdc-nashville-i-tn,https://www.radius-dc.com/newsroom-and-events/radiusdc-breaks-ground-on-largest-data-center-in-nashville,,planned
IN,Plainfield,reported,United States,,,,,39.7416036,-86.35343,RadiusDC Plainfield Campus (Indy I / Indy II),"Two buildings marketed as Indy I and Indy II, roughly 100,000 sq ft and 12 MW each (200,000 sq ft / 24 MW total), concurrently maintainable N+1, up to 400 W/sq ft, 24 hours of on-site fuel. Status is recorded as proposed because both trackers read this session list the campus as planned while the operator page markets in-service data-hall specifications; the two are in tension and a permit-level source would be needed to resolve it.",RadiusDC,reported,24.0,planned_maximum,,,2026-09-13,Compute Atlas,radiusdc-plainfield-hendricks-county-in,https://www.radius-dc.com/location/indianapolis,,planned
MI,Detroit,confirmed,United States,,,,,42.32854,-83.053799,Raeden Detroit Carrier Hotel (615 W Lafayette),"Carrier hotel in the former Detroit News Building, a Bedrock-owned property, at the intersection of long-haul fiber routes. Raeden's own site lists a 500 kVA UPS for this site; the 0.4 MW figure is the Bedrock press release's, recorded as stated without conversion. PeeringDB registers the facility as ""Raeden Michigan 1"".",Raeden,reported,0.4,unknown,,,2026-09-14,Compute Atlas,raeden-detroit-carrier-hotel-mi,https://www.bedrockdetroit.com/press-releases/bedrock-and-raeden-partner-to-bring-first-carrier-hotel-to-downtown-detroit/,,operational
MI,Gibraltar,reported,United States,,,,,42.106282080203,-83.196799127817,Gibraltar Data Center (former McLouth Steel site),"100 MW proposal on the former McLouth Steel plant site (operated from the 1950s to 1996, now a steel processing site) at 27800 W. Jefferson Ave., with an adjacent Superfund property at 28000 W. Jefferson. Status remains 'proposed', not 'cancelled': the application is blocked by the moratorium and is the subject of active litigation, not a denial. CONFIRMED ABSENCES: no acreage, investment figure, water figure, or job count is stated in either source. The '80,000 households' comparison is the source's characterisation of the 100 MW draw, not an additional measured figure. Coordinates are the US Census geocoder's match for the street address named in the source; the parcel is not confirmed.",Raeden (with Cal Realty / Ferragon Corp.),reported,100.0,planned_maximum,,,2026-09-21,Compute Atlas,raeden-gibraltar-mclouth-mi,https://planetdetroit.org/2026/08/gibraltar-faces-data-center-lawsuit/,,planned
MI,Detroit,reported,United States,,,,,42.332695679242,-83.047534477833,Raeden One Campus Martius (1050 Woodward),"Second Raeden Detroit site, separate from the 615 W Lafayette carrier hotel. 3 MW is described by the operator as ""scalable power"" (design capacity), so it is recorded as planned rather than operational. Single-operator sourcing — confidence held at reported. Coordinates are an address geocode, not a parcel-confirmed footprint.",Raeden,reported,3.0,planned_maximum,,,2026-09-14,Compute Atlas,raeden-one-campus-martius-detroit-mi,https://raeden.com/data-centers/detroit/,,planned
CO,Colorado Springs,confirmed,United States,,,,,38.8339,-104.8214,Raeden Project Taurus,"50 MW data center at the former Intel plant in Colorado Springs, El Paso County. Coordinates are the Colorado Springs area centroid.",Raeden,reported,50.0,planned_maximum,,,2026-08-26,Compute Atlas,raeden-taurus-colorado-springs-co,https://www.datacenterdynamics.com/en/news/50mw-data-center-could-be-built-in-colorado-springs/,,planned
NY,Lysander,rumored,United States,,,,,43.17,-76.39,Ranalli Lysander Data Center,"Early-stage proposal on ~120 acres in Lysander, Onondaga County, with a grid interconnection request of up to 300 MW. Very early / single-source → confidence rumored. Coordinates are the Lysander area centroid. NO STATUS CHANGE — the status moved AWAY from advancing, not toward it. Lysander adopted a six-month data-center moratorium on 2026-05-07 after organised opposition, so the project remains proposed with no local approval. Community reception is documented as opposition ('Citizens Against Lysander Data Center'); the record already carries a community value so I have not proposed overwriting it. Note the acreage differs between sources (124 acres in the Eagle News piece, 120 in Rockefeller) — not resolved, and landAcres is already populated.",Ranalli,reported,300.0,planned_maximum,120.0,acre,2026-09-21,Compute Atlas,ranalli-lysander-ny,https://cleanview.co/public/data-centers/new-york/2042/ranalli-lysander-data-center,,planned
CA,Inyokern,reported,United States,,,,,35.631817,-117.807864,RB Inyokern Data Center,"Unincorporated Kern County site south of West Inyokern Road (Hwy 178) and west of North Brown Road (APNs 084-010-43, -44, -45 portion; broader ~95-acre study area across 19 APNs). The CEC SPPE docket formally governs 40 diesel backup generator sets rated to 99 MW combined backup capacity, described by the CEC as not electrically interconnected to the transmission or distribution grid; primary power is a separate 115 kV interconnection to Southern California Edison. Proposer entities per the primary CEC filing: Intuva Inc. and Valley Wide Engineering & Construction, alongside applicant R&L Capital, Inc. (CEO Robbie Barker). Unconfirmed pending a direct read of the CEC Basis-of-Design filing: press claims of '6 modular data halls' and on-site canopy solar. Jobs figures are inconsistent across sources (30-60 permanent, 1,600 temporary construction, and a softer 530-total-including-indirect claim, all secondary/company-sourced) and are omitted from the structured jobs field for that reason. Investment (~$250M) is a company estimate reported by Tehachapi News, not seen in a primary filing. A Phase I cultural resources survey found no CRHR-eligible or tribal cultural resources (NAHC response negative, 2026-03-16). Distinct from the already-tracked Golden Valley Technology Hub (Beacon/CRC, Elk Hills) - different operator, site, capacity, and power model. Coordinates are an approximate road-intersection geocode near North Brown Road, not a parcel-confirmed point.","R&L Capital, Inc.",reported,99.0,planned_maximum,55.54,acre,2026-09-29,Compute Atlas,rb-inyokern-data-center-ca,https://www.energy.ca.gov/powerplant/backup-generating-system/rb-inyokern-data-center,,planned
TX,,confirmed,United States,,,,,32.03,-97.13,Project Aquila,"Unincorporated Hill County, near Hillsboro, ~55 mi south of Fort Worth. $80M+ land acquisition. A $61.75M ERCOT 'Batch Zero' capacity deposit was due July 24, 2026. Coordinates are approximate.","RCM Hill, LLC",reported,1235.0,planned_maximum,800.0,acre,2026-07-24,Compute Atlas,rcm-hill-project-aquila-hill-county-tx,https://www.kwtx.com/2026/05/28/illegal-under-texas-law-data-center-developer-files-lawsuit-against-hill-county-moratorium/,,planned
KS,Kansas City,reported,United States,,,,,39.132358,-94.88035,Project Red Wolf,"400-acre, 6-building campus west of Kansas Speedway (13000 Parallel Parkway). Zoning approval failed a vote and drew a lawsuit; contested, decision pending in 2026.",Red Wolf DCD Properties LLC,reported,600.0,planned_maximum,400.0,acre,2026-07-26,Compute Atlas,red-wolf-dcd-properties-project-red-wolf-ks,https://www.datacenterdynamics.com/en/news/600mw-data-center-campus-proposed-outside-kansas-city-kansas/,,planned
UT,Cottonwood Heights,reported,United States,,,,,40.633117,-111.809456,Regence BlueCross BlueShield Salt Lake City Data Center,"Subsidies checked at the municipal tier (2026-09-08): no site-level subsidy found. Cottonwood Heights' Community Development and Renewal Agency (CDRA, established 2006) has created exactly one project area in its history — the Canyon Centre CDA at 3700 East 7000 South, a different site — and its dedicated financial analysis (LRB Public Finance Advisors, Feb 2024) does not mention this address or Regence. No Cottonwood Heights or Salt Lake County filing found naming Regence in connection with an incentive, subsidy, RDA, or abatement. Utah's EDTIF programme excludes data centres and the UCA 59-12-104 exemption is self-executing. Note: no source confirms this address houses a data center rather than Regence's general Utah corporate/insurance office.",Regence BlueCross BlueShield,reported,2.0,unknown,,,2026-08-15,Compute Atlas,regence-salt-lake-city-ut,https://d36oiwf74r1rap.cloudfront.net/wp-content/uploads/2026/04/Data-Center-Growth-FS-Apr2026.pdf,,operational
IL,Chicago,reported,United States,,,,,41.7466434,-87.5379905,Related Digital South Works Campus (8080 S DuSable Lake Shore Drive),"Data center occupies the north side of the former U.S. Steel South Works property; the adjacent 128-acre Illinois Quantum & Microelectronics Park is a separate use on the same property and its acreage is NOT this facility's. Coordinates are the OSM address node for 8080 S Lake Shore Drive, not a parcel-confirmed footprint.",Related Digital,reported,1000.0,planned_maximum,,,2026-09-25,Compute Atlas,related-digital-8080-lake-shore-chicago-il,https://www.related.com/press-releases/2025-03-27/related-companies-accelerates-push-data-centers-capitalization-related,,planned
WY,Cheyenne,confirmed,United States,,,,,41.13,-104.735,Related Digital Cheyenne Data Center Campus,"115-acre campus in the Cheyenne Business Parkway; up to 302 MW of critical IT capacity across the full campus. CoreWeave is the anchor tenant under a long-term lease for 88 MW of critical IT capacity — the 88 MW is the leased slice, not the campus total. Phase I projected to generate over $250 million in tax revenue to Wyoming and Cheyenne in its first 15 years. Coordinates approximate the Cheyenne Business Parkway, not a parcel-confirmed point.",Related Digital,reported,302.0,planned_maximum,115.0,acre,2026-09-14,Compute Atlas,related-digital-cheyenne-wy,https://www.related-digital.com/news/related-digital-breaks-ground-on-302-mw-data-center-campus-in-cheyenne-wyoming,,planned
AR,Jonesboro,confirmed,United States,,,,,35.81538,-90.6893576,Ritter Communications Data Technology Center,"Neither Ritter release gives the Data Technology Center's street address; both say only 'Jonesboro.' The pin is an OpenStreetMap geocode of Ritter's published Jonesboro address, 2400 Ritter Drive (OSM now labels that point 'RightFiber', Ritter's rebranded business), used as a company-campus-level approximation. The DTC has NOT been confirmed to sit at that address, so no street or postalCode is recorded. The two Ritter releases give different square footage (8,882 SF at groundbreaking, 8,544 SF at opening) and different rack counts (60 vs 82 full racks) - both are recorded verbatim in statusHistory rather than reconciled. Small (0.75 MW) carrier/colocation facility, comparable in scale to the already-tracked TierPoint Little Rock record.",Ritter Communications,reported,0.75,unknown,,,2026-09-15,Compute Atlas,ritter-communications-data-technology-center-jonesboro-ar,https://www.rittercommunications.com/newsroom/data-technology-center-opens,,operational
NY,Tonawanda,reported,United States,,,,,43.037,-78.887,Riverview Innovation & Technology Campus,"Site: former Tonawanda Coke Corporation coke-manufacturing plant (operated 1917-2018; TCC bankruptcy), 3875 & 3800 River Road, Town of Tonawanda, Erie County NY - 140 acres. Brownfield developer Jon M. Williams completed acquisition Oct. 10, 2019 and has led an estimated $100M remediation; Honeywell (successor to Allied Chemical/TCC predecessor) also involved. 500,000 sq ft facility proposed. Coordinates are approximate for the River Road parcel. Note: one source names 'Niagara County' but Buffalo News, BTPM, and WBEN independently and consistently identify this as the Town of Tonawanda, Erie County (distinct from the separate City of North Tonawanda in Niagara County) - Erie County used here per majority/independent-source cross-check. NO STATUS CHANGE. As of June 2026 the SEQRA/site-plan review was paused pending NYISO and National Grid results; no permit or construction approval exists. Remains proposed. CONFIRMED ABSENCE (re-checked 2026-09-10, reporting dated 2026-07): the Riverview project had not requested any IDA subsidy as of this reporting, and Erie County's executive has said he would not support the county IDA granting it tax breaks.",Riverview Innovation & Technology Campus,reported,300.0,planned_maximum,140.0,acre,2026-09-21,Compute Atlas,riverview-innovation-tech-campus-tonawanda-ny,https://www.wkbw.com/news/local-news/northtowns/developer-proposed-2b-ai-data-center-on-river-road-not-on-hold-process-temporarily-delayed,,planned
OR,Cascade Locks,reported,United States,,,,,45.6678863,-121.8963113,Roundhouse Cascade Locks Data Center,"Proposed $100 million, up-to-30 MW facility on land leased from the Port of Cascade Locks, cancelled in July 2023. Distinct from the tracked Abundant Mines crypto operation, which is a separate tenant at the same port. Coordinates are approximate (Port of Cascade Locks).",Roundhouse Digital Infrastructure,reported,30.0,planned_maximum,,,2026-09-05,Compute Atlas,roundhouse-cascade-locks-or,https://baxtel.com/data-center/roundhouse-cascade-locks-or,,planned
MD,Adamstown,confirmed,United States,,,,,39.265,-77.394,Rowan Digital Infrastructure Frederick Campus (Bauxite I),"Rowan (Quinbrook Infrastructure Partners + Birch Infrastructure JV) serves as AWS hyperscale host at Quantum Frederick. Three campuses planned on-site total; Bauxite I is Phase 1 at 300MW. 777,150 sq ft total campus footprint. Coordinates approximate for same Quantum Frederick campus area as Aligned record. Location.city set to Adamstown per the more recent, project-specific Frederick News-Post coverage (2025-11-11, via Yahoo Finance); the 2021 Maryland Dept. of Commerce announcement had said ""near Buckeystown"" — recorded here so the choice is auditable rather than looking arbitrary. AWS is the confirmed tenant of Bauxite I on this former Alcoa Eastalco Works site — AWS's first Maryland data center; no source confirms go-live as of this pass.",Rowan Digital Infrastructure,reported,300.0,planned_maximum,151.0,acre,2026-08-26,Compute Atlas,rowan-digital-frederick-md,https://www.datacenterdynamics.com/en/news/rowan-secures-12bn-for-maryland-data-center-campus-build-out/,,planned
TX,Temple,confirmed,United States,,,,,31.0982,-97.3428,Rowan Project Temple,"300 MW campus in Temple, Bell County; $3B financing secured, operations targeted 2027. Distinct from Rowan's separately-tracked Frederick, MD campus. Coordinates are the Temple area centroid. The '$3B' figure is green debt financing (May 2026), not campus capex; the abatement cites a ~$700M minimum investment floor -> investmentUsd omitted. ~600 construction / ~40 permanent jobs projected (abatement requires >=48 permanent) -> jobs honest-zero.",Rowan Digital Infrastructure,reported,300.0,planned_maximum,700.0,acre,2026-09-08,Compute Atlas,rowan-temple-tx,https://rowan.digital/news/rowan-powers-texas-growth-as-construction-begins-on-300-mw-temple-data-center/,,planned
AL,Montgomery,confirmed,United States,,,,,32.37803,-86.303007,RSA Dexter Avenue Datacenter,"Carrier-neutral colocation facility in the RSA Dexter Avenue Building near the Alabama state capitol: nearly 42,000 square feet of data center space across six data halls with more than 300 card-access racks. The recorded 2 MW is RSA's stated total UPS capacity (approximately 10 minutes of runtime at full load), backed by two 2.5 MW generators and triple 1500 kVA transformers; cooling is four 360-ton chillers. Infrastructure is described as 2N or N+1 with true A/B feeds to each rack and row. RSA owns the facility; day-to-day operations are managed by NTT DATA, so the operator field records the owner. Heat-rejection method is not stated, so no cooling type is recorded.",The Retirement Systems of Alabama,reported,2.0,unknown,,,2026-09-15,Compute Atlas,rsa-dexter-avenue-montgomery-al,https://www.rsa-al.gov/real-estate/office-building-portfolio/rsa-datacenter/,,operational
KY,Russell,reported,United States,,,,,38.5173028,-82.6976631,Rubix Ashland Works Data Center Campus,"Proposed on roughly 425 acres of the former AK Steel Ashland Works brownfield (now Cleveland-Cliffs property) along the Ohio River; reporting says the majority of the project area falls inside the City of Russell in Greenup County, with the remainder in Boyd County. Rubix Data Centers is a subsidiary of Barcelona-based Submer Group. Infrastructure investment is reported as a range of $8–12 billion, so no single investmentUsd figure is asserted. The company says construction would employ thousands and the operating facility 200 people at an average salary of $125,000, and that Russell could expect tens of millions of dollars in local property tax revenue. Coordinates are the Russell city centroid and are approximate — the mapped Ashland Works footprint extends east into Boyd County, roughly 3 km from this pin. Separate from, and roughly twice the size of, the TeraWulf Muskie campus already tracked at EastPark in the same corner of the state.",Rubix Data Centers (Submer Group),reported,2000.0,planned_maximum,425.0,acre,2026-09-15,Compute Atlas,rubix-ashland-works-russell-greenup-ky,https://www.route-fifty.com/artificial-intelligence/2026/07/developer-proposes-hyperscale-data-center-former-eastern-kentucky-steel-mill/414960/,,planned
AZ,Eloy,reported,United States,,,,,32.7783292,-111.6023,Southwest Crossing Data Park,"122 acres at the southeast corner of Houser and Estrella roads east of Interstate 10; three buildings totalling more than 855,000 sq ft at 400 MW. The $687.5M figure is stated as construction cost for this site specifically. Coordinate derived from the OSM geometries of Houser Road and Estrella Road.","Ryan Companies US, Inc.",reported,400.0,planned_maximum,122.0,acre,2026-09-23,Compute Atlas,ryan-companies-southwest-crossing-data-park-eloy-az,https://azbex.com/planning-development/ryan-companies-2msf-industrial-plan-pivots-to-687m-data-center/,,planned
MT,Butte,confirmed,United States,,,,,45.9965283,-112.6981966,Sabey Data Centers Butte Campus (Montana Connections),"Sabey withdrew/terminated its buy-sell agreement on 2026-05-13 after REC Silicon exercised a right of first refusal (dating to 1996) over part of the 606.5-acre Montana Connections parcel in April 2026. The project had planned an initial 50MW of power under a non-binding LOI with NorthWestern Energy for 2027, with scalability to 250MW+ by 2029 -- the higher figure is an aspirational scale-up target, not recorded in capacityMw. Butte-Silver Bow officials said afterward they were working with Sabey to identify an alternative parcel within or adjacent to the same industrial park; no replacement site was confirmed in sources checked this run (2026-09-13). Coordinate is a road-level OSM Nominatim geocode of German Gulch Road near the Ramsay/Ramsay-Butte area (Silver Bow County), not a confirmed parcel boundary.",Sabey Data Centers,reported,50.0,planned_maximum,,,2026-09-13,Compute Atlas,sabey-butte-mt,https://baxtel.com/data-center/sabey-butte-montana,,planned
IN,Decatur Township,confirmed,United States,,,,,39.7,-86.28,Sabey Decatur Technology Park,"More than one million sq ft, 250MW over a 5-year period. Coordinates are approximate.",Sabey Data Centers,reported,250.0,planned_maximum,130.0,acre,2026-08-05,Compute Atlas,sabey-decatur-technology-park-marion-county-in,https://www.datacenterdynamics.com/en/news/sabey-targets-indianapolis-for-250mw-data-center-campus/,,planned
VA,Ashburn,reported,United States,,,,,39.0144996,-77.4799874,Sabey Intergate.Ashburn (Building A),"Per June 2025 Business Wire release, Building A (21735 Red Rum Drive) broke ground as the final phase of the Ashburn campus expansion; expected operational 2026, will be Sabey's first 3-story DC at 54MW total campus capacity. AI/HPC (likely): Sabey's own Ashburn page markets Building A as air/liquid/hybrid-cooled and '>100 kW per Rack - Capable of handling high-density deployments' with liquid cooling enabled.",Sabey Data Centers,reported,54.0,planned_maximum,,,2026-07-24,Compute Atlas,sabey-intergate-ashburn-building-a-va,https://www.businesswire.com/news/home/20250624907578/en/Sabey-Data-Centers-Breaks-Ground-on-Final-Phase-of-Ashburn-Campus-Expansion,,planned
NY,New York,confirmed,United States,,,,,40.7106,-74.0013,"SDC Manhattan (Intergate.Manhattan), 375 Pearl Street","Net-new relative to the two existing aggregate carrier-hotel rows: 375 Pearl Street is a separate building from 60 Hudson Street and 32 Avenue of the Americas, and is single-owner (Sabey), not a multi-tenant carrier hotel, so this is not a named tenant inside an already-aggregated building. Operator states ""18 MW of aggregate power delivered to the campus"" and a ""222k Square Feet Dedicated Data Center Footprint""; trade press reports a larger planned build-out figure, which is deliberately NOT recorded here because the operator's own page states 18. Coordinates geocoded from the street address the operator publishes (375 Pearl Street, New York, NY 10038), hence approximate. No subsidy, investment, jobs, or AI-workload statement found on the operator page.",Sabey Data Centers,reported,18.0,unknown,,,2026-09-09,Compute Atlas,sabey-intergate-manhattan-ny,https://sabeydatacenters.com/locations/new-york-data-center,,operational
WA,Quincy,reported,United States,,,,,47.247,-119.83,Sabey Intergate.Quincy Campus,"Sabey's Quincy campus (SDC Quincy / Intergate.Quincy), launched in 2011 at 2200 M Street NE, now spans more than 525,000 sq ft across five purpose-built buildings (A, B, D, E and one more). This is a distinct campus from Sabey's Intergate.Columbia in East Wenatchee (4405 Grant Road) already tracked, and from the Intergate.East and Intergate.West campuses in the Seattle area. Coordinates are an approximate geocode of the campus address.",Sabey Data Centers,reported,70.0,unknown,,,2026-09-05,Compute Atlas,sabey-intergate-quincy-campus-wa,https://baxtel.com/data-center/sabey-intergate-quincy-building-b,,operational
OR,Umatilla,reported,United States,,,,,45.919,-119.339,SDC Umatilla Campus,"Two-building, 714,540 sq ft multi-tenant campus. Groundbreaking originally Q1 2025, revised to 2024 per DCD; construction start as of July 2026 not independently confirmed. Investment figures conflicting across sources ($520M in one report, ~$950M in another); investmentUsd omitted. Coordinates are Umatilla city centroid. Planned capacity revised from 100 MW to 150 MW: the campus is described as designed to support more than 150 megawatts. Sabey's own materials give a more conservative ""120 MW+"", which is consistent rather than contradictory.",Sabey Data Centers,reported,150.0,planned_maximum,60.0,acre,2026-09-05,Compute Atlas,sabey-umatilla-or,https://www.datacenterdynamics.com/en/news/sabey-data-centers-purchases-60-acres-in-umatilla-oregon-for-100mw-facility/,,planned
NE,Hallam,reported,United States,,,,,40.545,-96.7992,Sagebrush Hallam Hyperscale Campus (proposed),"Land assemblage only — memorandums of purchase agreement with 13 landowners along Southwest 58th Street just west of Hallam, giving exclusivity windows of roughly six months to four years. Sagebrush Infrastructure Partners LLC was acquired by Tel Aviv-based Stark Power in June 2026 as part of a reported 5.6 GW US development pipeline; the Hallam site is one of five planned hyperscale campuses targeting MISO and SPP territory. Coordinates are an approximation of the reported SW 58th Street assemblage west of Hallam; no parcel map has been published. Distinct from the separate 35 MW Monolith/Crusoe proposal inside the Village of Hallam's zoning jurisdiction.",Sagebrush Infrastructure Partners,reported,1700.0,planned_maximum,1400.0,acre,2026-09-16,Compute Atlas,sagebrush-hallam-hyperscale-campus-lancaster-ne,https://www.1011now.com/2026/08/27/data-center-developers-eyeing-land-near-hallam/,,planned
CA,San Diego,reported,United States,,,,,32.8377287,-117.132639,ScaleMatrix San Diego,"ScaleMatrix's own site discloses '5MW aggregate availability; 20MW+ utility upgrade capacity' - the widely-repeated flat '20MW' figure on aggregator sites is the future upgrade ceiling, not installed/operational capacity; cross-validated by an independent SDG&E-sourced interconnection record showing <10MW. A May 2026 expansion added 46,000 sq ft to the ~50,000 sq ft Kearny Mesa campus (~96,000 sq ft total) - this 'doubling' is square footage, not MW capacity. aiClassification set to 'likely': ScaleMatrix markets GPU-as-a-Service explicitly for HPC/deep learning/AI workloads, and this San Diego site is confirmed as the location of a ScaleMatrix/HPE 'Hybrid HPC Center of Excellence.' Address confirmed via a Washington-state LLC filing and parcel records; this is the company's headquarters campus, operating since approximately 2011-2012 in the Kearny Mesa neighborhood of the City of San Diego.",ScaleMatrix,reported,5.0,unknown,,,2026-09-21,Compute Atlas,scalematrix-san-diego-ca,https://www.scalematrix.com/san-diego-data-center.html,,operational
CA,San Diego,reported,United States,,,,,32.8377287,-117.132639,ScaleMatrix San Diego,"ScaleMatrix's own site discloses '5MW aggregate availability; 20MW+ utility upgrade capacity' - the widely-repeated flat '20MW' figure on aggregator sites is the future upgrade ceiling, not installed/operational capacity; cross-validated by an independent SDG&E-sourced interconnection record showing <10MW. A May 2026 expansion added 46,000 sq ft to the ~50,000 sq ft Kearny Mesa campus (~96,000 sq ft total) - this 'doubling' is square footage, not MW capacity. aiClassification set to 'likely': ScaleMatrix markets GPU-as-a-Service explicitly for HPC/deep learning/AI workloads, and this San Diego site is confirmed as the location of a ScaleMatrix/HPE 'Hybrid HPC Center of Excellence.' Address confirmed via a Washington-state LLC filing and parcel records; this is the company's headquarters campus, operating since approximately 2011-2012 in the Kearny Mesa neighborhood of the City of San Diego.",ScaleMatrix,reported,20.0,planned_maximum,,,2026-09-21,Compute Atlas,scalematrix-san-diego-ca,https://www.scalematrix.com/san-diego-data-center.html,,planned
MD,Woodlawn,reported,United States,,,,,39.3196,-76.7448,1500 Woodlawn Drive Data Center Campus,"Redevelopment of the 42-acre former Social Security Administration headquarters campus in Woodlawn, plus an adjacent Rodeway Inn parcel. Construction had been targeted for June/July 2026 before Baltimore County's permit moratorium. Re-checked 2026-09-10: status confirmed PROPOSED, no change -- consistent with 'no development plan submitted as of mid-2026' already in the record. Baltimore County's yearlong data-center permit moratorium (in effect since mid-2026) is set to end January 2027, which is why the June/July 2026 construction target slipped. No new investmentUsd, water, aiClassification, or subsidies figures found this run.",Security Land and Development LP,reported,150.0,planned_maximum,42.0,acre,2026-09-10,Compute Atlas,security-land-woodlawn-baltimore-county-md,https://natureforward.org/woodlawn-data-center-baltimore-md-maryland-data-center-series-pt-2/,,planned
NC,Winston-Salem,reported,United States,,,,,36.10278,-80.26083,Segra Winston-Salem Data Center,"Built 2002 as DataChambers; acquired by North State Communications and now operated under the Segra brand. Directory listings disagree on capacity (about 3.5 MW versus 8 MW) and on building size (about 120,000–140,000 sq ft with roughly 26,000–27,000 sq ft of raised floor), so no capacity figure is asserted here.",Segra,reported,8.0,unknown,,,2026-09-21,Compute Atlas,segra-winston-salem-data-center-nc,https://baxtel.com/data-center/segra-winston-salem,,operational
PA,East Whiteland Township,reported,United States,,,,,40.041,-75.545,Sentinel East Whiteland Data Center,"Site: 13 S. Bacton Hill Rd, former Foote Mineral Superfund site. Coordinates are approximate for the township.",Sentinel Data Centers,reported,300.0,planned_maximum,100.0,acre,2026-09-21,Compute Atlas,sentinel-east-whiteland-chester-county-pa,https://cleanview.co/news/data-centers/sentinel-data-centers-announces-300-mw-sentinel-east-whiteland-data-center-in-pa-20260417,,planned
ME,Jay,reported,United States,,,,,44.5024,-70.2175,"Sentinel Data Centers Androscoggin Mill Campus, Jay","Sentinel Data Centers LLC is headquartered in New York City. JGT2 Redevelopment purchased the former Pixelle Specialty Solutions mill in December 2023. ~425,000 sq ft of obsolete mill buildings demolished; paper machines shipped to Pakistan. In June 2026 Sentinel notified JGT2 of intent not to move forward; no permits were issued and no groundbreaking was held. JGT2 is seeking other operators for the site.",Sentinel Data Centers,reported,82.0,planned_maximum,,,2026-06,Compute Atlas,sentinel-jay-me,https://themainemonitor.org/jay-backs-data-center-plan/,,planned
IL,Chicago,confirmed,United States,,,,,41.8717114,-87.6392312,Serverfarm CH1,"443,000 sq ft eight-storey building with 130,000 sq ft of data halls; 32MW utility power and 21.5MW IT power per the operator. Subsidy value is the state's estimated tax benefit (6.25% of a $285,000,000 investment commitment), not cash received. Coordinates geocoded from the published street address.",Serverfarm,reported,21.5,unknown,,,2026-09-25,Compute Atlas,serverfarm-ch1-chicago-il,https://www.serverfarmllc.com/chicago-data-center/,,operational
AR,Clarksville,confirmed,United States,,,,,35.4673307,-93.4405664,Serverfarm ARK Clarksville Data Center Campus,"Coordinates are an OpenStreetMap geocode of Palmer Road in Clarksville, the road the Arkansas Democrat-Gazette identifies as the site's location ('just north of the city's water treatment plant on Palmer Road'); this is a road-level approximation, not a parcel-confirmed footprint. Reported figures diverge across sources and are NOT reconciled here: acreage is reported as two parcels totaling 135 acres at acquisition (Nov. 2025) and as a 463-acre campus (Aug. 2026); investment is reported as 'at least one billion' (Nov. 2025), $6.6 billion (2026 reporting and Serverfarm's own page) and $8 billion (Arkansas Advocate, May 2026); building count is reported as four (Serverfarm's own page and the 2026 permit reporting), five (Nov. 2025) and six (trade press). Building size is given as 300,000 sq ft each by Serverfarm and 360,000 sq ft each in trade press. The 463-acre and $6.6 billion figures are used above as the most recent reported values. Serverfarm is owned by Manulife Investment Management per trade press not fetched in this pass and so not cited.",Serverfarm,reported,432.0,planned_maximum,463.0,acre,2026-09-15,Compute Atlas,serverfarm-clarksville-ar,https://www.arkansasonline.com/news/2026/aug/12/clarksvilles-data-center-plan-includes-40-natural/,,planned
CA,El Segundo,reported,United States,,,,,33.9217807,-118.3864589,Serverfarm LAX1,"Formerly T5 Data Centers (T5@LA), built 2011 (~$30M construction cost); sold to Serverfarm + NantWorks for $71M in April 2021 and rebranded LAX1. Capacity corrected: Serverfarm's own current site discloses 17.3MW IT capacity / 26MVA utility capacity (not the 22MW figure some discovery leads cite, which conflates the 2021 acquisition press release's '22 MVA' apparent-power figure with real MW); datacenterHawk independently corroborates ~18.3MW commissioned. aiClassification set to 'likely' on the strength of facility-specific 'AI-ready... liquid cooling... 200 W/sq ft' language on Serverfarm's current site, though no named AI/HPC tenant was confirmed. Distinct from an unrelated, separate 2026 community-opposition story at 750 North Nash Street (a different, proposed, since-withdrawn project) - no opposition attaches to this facility.",Serverfarm,reported,17.3,unknown,,,2026-08-02,Compute Atlas,serverfarm-lax1-el-segundo-ca,https://www.serverfarmllc.com/los-angeles-data-center/,,operational
WA,Moses Lake,confirmed,United States,,,,,47.1554,-119.25,TiTAN (Serverfarm Moses Lake),"Former US Titan missile-defense command center repurposed by Serverfarm (ex-Cyxtera MWh1); two buildings totaling 413,000 sq ft; a new 120MW substation sits adjacent to the campus. Distinct site from the tracked Bitfarms and Salcido Wheeler facilities in Moses Lake.",Serverfarm LLC,reported,22.0,unknown,,,2026-08-22,Compute Atlas,serverfarm-titan-moses-lake-wa,https://www.serverfarmllc.com/moses-lake-data-center/,,operational
MA,Westfield,reported,United States,,,,,42.157077,-72.741619,Servistar Realties Westfield Data Center Campus,"Would-be first Massachusetts hyperscale data center: 10-building, 2.7M sq ft campus over a long buildout (191/199 Servistar Industrial Way). Tax exemption secured 2024. Status is early and thin — no confirmed groundbreaking; conflicting signals on whether the project is still active.",Servistar Realties,reported,42.0,planned_maximum,,,2026-07-26,Compute Atlas,servistar-westfield-ma,https://baxtel.com/data-center/westfield-data-center-campus,,planned
WV,Wheeling,reported,United States,,,,,40.1013314,-80.7029667,Silicon Foundation Warwood Data Center and Energy Campus (former Centre Foundry),"Phased plan: Phase 1 a 10-MW modular data center system with battery energy storage targeted for late 2026; Phase 2 expansion to 20–30 MW (reported as ""as much as 100 megawatts"" in 2027 by River News); Phase 3 a 100-MW regional compute hub. capacityMw.planned records the 100-MW full build-out. The foundry operated for more than 180 years until it closed in 2023. Under HB 2014 the project is exempt from county/municipal zoning and building permitting. Coordinates are the OSM address point for 74 Warwood Avenue, not a parcel-confirmed footprint.",Silicon Foundation Energy,reported,100.0,planned_maximum,15.0,acre,2026-09-15,Compute Atlas,silicon-foundation-warwood-wheeling-ohio-county-wv,https://wvpublic.org/story/energy-environment/states-sixth-data-center-announced-near-wheeling/,,planned
AL,Huntsville,confirmed,United States,,,,,34.744816340398,-86.691765682048,Simple Helix Data Center,"Privately held Huntsville colocation operator (founded 2008); this Tier III facility opened July 14, 2017 with 1.1MW of power capacity across two independent, redundant data halls, sited outside the 100-year flood zone, serving enterprise, government and DoD-contractor tenants (colocation, web hosting, DR, managed cloud/IT). A third-party listing found this session (not independently verified/fetched) cites a higher current capacity, plausibly reflecting expansion since 2017 -- only the operator's own opening-day figure is recorded here, so capacityMw is omitted rather than guessed.","Simple Helix, LLC",reported,1.1,unknown,,,2026-09-21,Compute Atlas,simple-helix-huntsville-al,https://prnewswire.com/news-releases/simple-helix-announces-opening-of-new-tier-iii-data-center-in-huntsville-alabama-300488165.html,,operational
IL,Elk Grove Village,reported,United States,,,,,41.9936612,-87.973521,Skybox Chicago I,"30MW, 190,000 SF, LEED Silver, operational/available now. No AI/HPC-specific evidence found on the facility page, so aiClassification left empty.",Skybox Datacenters,reported,30.0,unknown,,,2026-07-23,Compute Atlas,skybox-chicago-i-il,https://www.skyboxdatacenters.com/locations/skybox-chicago,,operational
TX,Katy,reported,United States,,,,,29.802893,-95.7553386,Skybox Houston One,"26MW, 96,129 SF, 20-acre campus at 22000 Franz Rd, Katy TX. Page explicitly describes it as home to some of the world's densest HPC compute environments serving oil & gas and cloud/HPC users, with DoubleDense cooling up to 1000W/SF immersion — real HPC evidence, so aiClassification=likely. AI/HPC (mixed_use): Skybox markets Houston as home to some of the world's densest HPC environments with DoubleDense immersion cooling up to 1000 W/PSF; its own news page confirms a named Skybox Houston I HPC immersion deployment (Shell Energy).",Skybox Datacenters,reported,26.0,unknown,20.0,acre,2026-09-21,Compute Atlas,skybox-houston-one-tx,https://www.skyboxdatacenters.com/locations/skybox-houston,,operational
CA,Santa Clara,reported,United States,,,,,37.36257104275,-121.949979903926,Skybox Santa Clara (1200 Memorex Drive),"Site of the former Memorex headquarters. Four-story data center (472,920 sq ft) with a six-story ancillary office (87,520 sq ft), per Baxtel. Corgan states 60 MW critical load on an 11-acre site; Cleanview gives 9 acres. Operational status conflicts between sources.",Skybox Datacenters,reported,60.0,planned_maximum,,,2026-09-29,Compute Atlas,skybox-santa-clara-1200-memorex-drive-ca,https://www.corgan.com/projects/skybox-santa-clara-data-center,,planned
OK,Mead,reported,United States,,,,,34.0005295,-96.5110921,SmartTec Site 01 (Mead),"Very small GPU colocation site on US-70 in Bryan County: three existing buildings (A 1,500 sq ft compute, B 2,083 sq ft batteries/utilities, C 3,535 sq ft compute), ~5,035 sq ft of gross data-center area. Phase 1A is 8× HGX-class systems, 64 GPUs, ~114 kW IT load — recorded here as 0.114 MW planned. Status is 'proposed' rather than 'under_construction' because as of 2026-09-14 the operator's own schedule puts construction start ten days out. Single-source (operator self-published), so confidence is 'reported'. Coordinates are the town of Mead; the street address did not resolve in OSM.",SmartTec by Z1Power,reported,0.114,planned_maximum,39.39,acre,2026-09-14,Compute Atlas,smarttec-site-01-mead-ok,https://smarttec.dev/site,,planned
MI,Allen Park,reported,United States,,,,,42.2830061,-83.1947008,Allen Park Data Center,"26 MW proposal on Enterprise Drive south of I-94, near homes and Melvindale High School. Status 'cancelled' records the DENIED site plan; the source does not report an appeal or resubmission. CONFIRMED ABSENCES: no acreage, investment figure, or job count is stated in either source. Coordinates are Nominatim's street-level match for Enterprise Drive, the only location the source gives (no house number); the parcel is not confirmed.",Solstice Data,reported,26.0,planned_maximum,,,2026-09-14,Compute Atlas,solstice-data-allen-park-mi,https://planetdetroit.org/2026/06/allen-park-planners-reject-data-center/,,planned
TX,Paris,reported,United States,,,,,33.6609,-95.5555,Soluna Project Annie,"Directory listings give a street address (4210 Old Bonham Rd, Paris, TX 75460) but I could not independently geocode it; lat/lon here is the Paris, TX city centroid — precision should be treated as approximate, not exact, until the address is geocoded.",Soluna Holdings,reported,75.0,planned_maximum,,,2026-08-03,Compute Atlas,soluna-project-annie-paris-tx,https://www.solunacomputing.com/?post_type=news&p=15253,,planned
TX,Rio Hondo,reported,United States,,,,,26.2373,-97.5814,Soluna Project Ellen,,Soluna Holdings,reported,100.0,planned_maximum,,,2026-08-03,Compute Atlas,soluna-project-ellen-rio-hondo-tx,https://www.solunacomputing.com/news/project-ellen-term-sheet/,,planned
TX,Childress,reported,United States,,,,,34.4262,-100.2013,Soluna Project Fei,,Soluna Holdings,reported,100.0,planned_maximum,,,2026-08-03,Compute Atlas,soluna-project-fei-childress-tx,https://www.solunacomputing.com/news/1gw/,,planned
TX,Silverton,reported,United States,,,,,34.4692,-101.3082,Soluna Project Grace,,Soluna Holdings,reported,2.0,planned_maximum,,,2026-08-03,Compute Atlas,soluna-project-grace-silverton-tx,https://www.solunacomputing.com/news/siemens-partnership/,,planned
TX,Raymondville,confirmed,United States,,,,,26.4804,-97.7836,Soluna Project Kati,"Rio Grande Valley, Willacy County; 166 MW clean computing in two phases (scaling toward 300+ MW — in notes), ERCOT-approved, Phase 1 live early 2026. Coordinates are anchored to Raymondville (county seat); the exact parcel is unspecified.",Soluna Holdings,reported,166.0,planned_maximum,,,2026-07-23,Compute Atlas,soluna-project-kati-willacy-tx,https://www.businesswire.com/news/home/20250911683738/en/Soluna-Breaks-Ground-on-its-Largest-Site-to-Date-Project-Kati,,planned
SC,,reported,United States,,,,,33.2122041,-81.6223727,Savannah River Site AI Data Center (Amentum),"NNSA (DOE) announced 2026-07-20 that Amentum was selected to enter negotiations for a phased lease to build a ~1 GW AI data center at the Savannah River Site, paired with ~2 GW of dedicated on-site generation (companion record: srs-energy-generation-savannah-river-site-sc). SRS spans Aiken, Barnwell, and Allendale counties, SC; NNSA has identified 10 candidate tracts within the site but has not publicly designated a specific tract, county, or parcel. Coordinates are the SRS site centroid, not a specific tract — precision approximate. Selection for negotiation is NOT a final lease award; subject to successful negotiation, permitting, and federal safety/security review.",Amentum,reported,1000.0,planned_maximum,,,2026-09-10,Compute Atlas,srs-ai-data-center-savannah-river-site-sc,https://www.energy.gov/nnsa/articles/nnsa-selects-amentum-ai-data-center-and-energy-project-savannah-river-site,,planned
IL,Elk Grove Village,reported,United States,,,,,42.006856,-87.9651767,STACK CHI01,"Confirmed via operator page: 40MW, Elk Grove Village, one of two Chicago-area campuses.",STACK Infrastructure,reported,40.0,unknown,,,2026-09-12,Compute Atlas,stack-chi01-il,https://www.stackinfra.com/locations/americas/chicago/,,operational
TX,Plano,reported,United States,,,,,33.0136764,-96.6925096,STACK DFW01 (Plano),"Operator page lists DFW01 as two operational data centers totalling 80 MW with access to more than a dozen carrier networks, plus a further 48 MW of built-to-suit expansion capacity. No street address is published on the operator page, so coordinates are a city-level geocode.",STACK Infrastructure,reported,80.0,unknown,,,2026-08-26,Compute Atlas,stack-dfw01-plano-tx,https://www.stackinfra.com/locations/americas/dallas-fort-worth/,,operational
TX,Lancaster,reported,United States,,,,,32.5920798,-96.7561083,STACK DFW02 (Lancaster),"193-acre campus in south Dallas County, described by the operator as under development with up to 500 MW available; earlier reporting described a 220 MW first build of six 36 MW data centers across roughly 1.5 million sq ft off E Belt Line Road. Status is recorded as under construction on the strength of the operator's 'under development' framing and committed substation; treat as provisional. Coordinates are a city-level geocode.",STACK Infrastructure,reported,500.0,planned_maximum,193.0,acre,2026-08-26,Compute Atlas,stack-dfw02-lancaster-tx,https://www.stackinfra.com/locations/americas/dallas-fort-worth/,,planned
OR,Hillsboro,reported,United States,,,,,45.5229,-122.9898,STACK Hillsboro Campus,"~75 MW STACK campus in Hillsboro, Washington County, targeted 2029. Single-tracker source → confidence reported. Distinct from STACK's Loudoun, VA campus. Coordinates are the Hillsboro area centroid.",STACK Infrastructure,reported,75.0,planned_maximum,,,2026-07-26,Compute Atlas,stack-hillsboro-or,https://cleanview.co/data-centers/oregon,,planned
WA,Goldendale,reported,United States,,,,,45.8213,-120.8217,STACK Infrastructure Goldendale Data Center,"Identified via a 2022 Puget Sound Energy interconnection filing describing a 958MW STACK data center in 'study phase,' sited on a portion of a 700-acre former aluminum smelter (ex-Lockheed Martin) near the John Day Dam. STACK has not publicly confirmed its involvement.",STACK Infrastructure,reported,958.0,planned_maximum,,,2026-08-22,Compute Atlas,stack-infrastructure-goldendale-data-center-wa,https://www.tricitiesbusinessnews.com/articles/yakamas-protest-clean-energy-project-on-sacred-site,,planned
OH,New Albany,reported,United States,,,,,40.07,-82.8,STACK Infrastructure NAL01 (New Albany),"STACK's New Albany wholesale data center (NAL01), 40 acres, 60 MW, operational — an established site missing from the tracked New Albany operator list. Confirmed on STACK's own New Albany location page (which does not state a street address, so no street is recorded). Coordinates approximate (New Albany). County recorded as Franklin (New Albany's core incorporated county), but note the New Albany cluster straddles the Franklin/Licking line and STACK's page does not state the county.",STACK Infrastructure,reported,60.0,unknown,,,2026-08-05,Compute Atlas,stack-nal01-new-albany-oh,https://www.stackinfra.com/locations/americas/new-albany/,,operational
VA,Ashburn,confirmed,United States,,,,,39.04,-77.49,STACK NVA Loudoun 144MW Hyperscale Campus,"122-acre campus, two 72 MW buildings, near Dulles Airport / Evergreen Mills Rd. Announced Feb 2025. Distinct from Equinix's separately-branded Ashburn portfolio. Powered by an on-site substation with a 100%-renewable commitment. Coordinates are the Ashburn/Dulles area centroid.",STACK Infrastructure,reported,144.0,planned_maximum,122.0,acre,2026-09-21,Compute Atlas,stack-nova-loudoun-va,https://www.stackinfra.com/about/news-press/press-releases/stack-infrastructure-expands-loudoun-county-footprint-with-144mw-hyperscale-campus/,,planned
VA,Sterling,reported,United States,,,,,39.0046933,-77.4417399,STACK NVA01A,"Confirmed at 22080 Pacific Boulevard, Sterling, Loudoun County — 17-18MW, listed on operator's own NVA01 page (site naming appears to have shortened from NVA01A to NVA01).",STACK Infrastructure,reported,18.0,unknown,,,2026-08-16,Compute Atlas,stack-nva01a-va,https://www.stackinfra.com/locations/americas/northern-virginia/nva01/,,operational
VA,Sterling,reported,United States,,,,,39.0046933,-77.4417399,STACK NVA01A,"Confirmed at 22080 Pacific Boulevard, Sterling, Loudoun County — 17-18MW, listed on operator's own NVA01 page (site naming appears to have shortened from NVA01A to NVA01).",STACK Infrastructure,reported,17.0,planned_maximum,,,2026-08-16,Compute Atlas,stack-nva01a-va,https://www.stackinfra.com/locations/americas/northern-virginia/nva01/,,planned
AZ,Avondale,reported,United States,,,,,33.418842,-112.357688,STACK Infrastructure PHX01 Campus,"STACK's west-valley Phoenix campus at 3001 S Litchfield Road, Avondale. The operator states 500 MW and 155 acres across its two Phoenix campuses combined; the 225 MW here is PHX01's own stated capacity and is recorded as planned because the operator does not separate energized from designed capacity. Distinct from the tracked Prime Avondale campus — different operator and parcel. Coordinates geocoded from the cited address (Nominatim and US Census geocoder agree).",STACK Infrastructure,reported,225.0,planned_maximum,,,2026-09-10,Compute Atlas,stack-phx01-avondale-az,https://www.stackinfra.com/locations/americas/phoenix/,,planned
AZ,Phoenix,reported,United States,,,,,33.456212,-111.995301,STACK Infrastructure PHX02 Campus,"Five-building, 51-acre campus in central Phoenix near Sky Harbor. Status is under_construction rather than operational because the operator's marketing page and datacenterHawk's building listing disagree: STACK presents capacity as available, datacenterHawk records Building 1 as not yet commissioned with no leaseable power under construction. Flagged for maintainer review. Coordinates geocoded from 800 N 40th St via the US Census geocoder.",STACK Infrastructure,reported,250.0,planned_maximum,51.0,acre,2026-09-10,Compute Atlas,stack-phx02-phoenix-az,https://www.stackinfra.com/locations/americas/phoenix/phx02/,,planned
OR,Hillsboro,reported,United States,,,,,45.5493273,-122.9278183,STACK POR01,"Confirmed operational, 36MW expansion capacity, part of Portland's 3-campus cluster.",STACK Infrastructure,reported,36.0,unknown,18.0,acre,2026-09-05,Compute Atlas,stack-por01-or,https://www.stackinfra.com/locations/americas/portland/por01/,,operational
OR,Hillsboro,reported,United States,,,,,45.5493273,-122.9278183,STACK POR01,"Confirmed operational, 36MW expansion capacity, part of Portland's 3-campus cluster.",STACK Infrastructure,reported,40.0,planned_maximum,18.0,acre,2026-09-05,Compute Atlas,stack-por01-or,https://www.stackinfra.com/locations/americas/portland/por01/,,planned
OR,Hillsboro,reported,United States,,,,,45.5473758,-122.8973869,STACK POR02,"One of STACK's 3 confirmed operational Portland-area campuses (POR01/02/03, 250MW total).",STACK Infrastructure,reported,24.0,unknown,15.0,acre,2026-09-05,Compute Atlas,stack-por02-or,https://www.stackinfra.com/locations/americas/portland/por02/,,operational
OR,Hillsboro,reported,United States,,,,,45.5541322,-122.9379069,STACK POR03,"Kept as the canonical POR03 entry; three other OSM nodes (1243089554/5/7) are duplicate map nodes for the same campus, dropped below.",STACK Infrastructure,reported,72.0,unknown,,,2026-08-16,Compute Atlas,stack-por03-or,https://www.stackinfra.com/locations/americas/portland/por03/,,operational
OR,Hillsboro,reported,United States,,,,,45.5541322,-122.9379069,STACK POR03,"Kept as the canonical POR03 entry; three other OSM nodes (1243089554/5/7) are duplicate map nodes for the same campus, dropped below.",STACK Infrastructure,reported,200.0,planned_maximum,,,2026-08-16,Compute Atlas,stack-por03-or,https://www.stackinfra.com/locations/americas/portland/por03/,,planned
VA,Falmouth,confirmed,United States,,,,,38.365,-77.485,Stafford Technology Campus,"523.94 acres, up to 23 buildings, 5.8-7.9M sq ft, six 300MW substations; rezoning approved Sept 2025.",STACK Infrastructure,reported,1100.0,planned_maximum,500.0,acre,2026-09-21,Compute Atlas,stack-stafford-technology-campus-va,https://www.staffordcountyva.gov,,planned
CA,San Jose,reported,United States,,,,,37.4027449,-121.891051,STACK SVY01,"SVY01 is STACK's 100MW, 4-building San Jose campus (buildings SVY01A-D on/near Fortune Drive & Ringwood Ave), actively expanding with a 60MW phase (DCD, 2024). Kept as canonical entry for this campus; the other 3 San Jose OSM nodes below are likely other buildings/map nodes on the same campus and are treated as duplicates absent per-building address confirmation.",STACK Infrastructure,reported,100.0,planned_maximum,,,2026-07-23,Compute Atlas,stack-svy01-ca,https://www.stackinfra.com/locations/americas/silicon-valley/svy01/,,planned
CA,Santa Clara,reported,United States,,,,,37.3619343,-121.9537306,STACK SVY02,"Confirmed via operator page: 48MW, Santa Clara, distinct from the San Jose SVY01 campus.",STACK Infrastructure,reported,48.0,unknown,,,2026-07-23,Compute Atlas,stack-svy02-ca,https://www.stackinfra.com/locations/americas/silicon-valley/svy02/,,operational
CA,Hayward,confirmed,United States,,,,,37.6281336,-122.1195048,STACK SVY03A,"STACK's first tracked East Bay CA site (existing STACK entries stack-svy01-ca/San Jose and stack-svy02-ca/Santa Clara are both South Bay). 300,000 sq ft campus at Production Ave/Investment Blvd: 3-story primary data center building + 1-story secondary building, height 100ft (+8ft variance approved); site plan also shows frontage on Eden Landing Road, treated as the same 11.3-acre parcel, not a separate site. energy.onSiteGenerationMw reflects the CEC SPPE-disclosed backup-generator capacity (28 generators across two yards, docket 23-SPPE-01) - this is NOT a disclosed IT/critical-load figure; no whole-facility IT MW is publicly disclosed anywhere. The 76.6 MW figure supersedes the original CEQA filing's 67.2 MW. Jobs figures (41 permanent, ~380 construction) are single-sourced to local press (Tri City Voice; Hayward Herald ran the same underlying story). Coordinates are a geocoded street-address point, not parcel-confirmed.",STACK Infrastructure,reported,67.2,planned_maximum,11.3,acre,2026-09-29,Compute Atlas,stack-svy03a-hayward-ca,https://ceqanet.lci.ca.gov/2025030999,,planned
CA,San Jose,reported,United States,,,,,37.4028987,-121.8950398,STACK Trade Zone Park (SVYDC 05 / SVYDC 06),"At the corner of Trade Zone Boulevard and Ringwood Avenue (2400 Ringwood Avenue and 1849 Fortune Drive), San Jose — distinct from the tracked STACK Silicon Valley (SVY01/SVY02) and Hayward (SVY03A) sites. Acreage and building square footage appeared only in secondary summaries and are omitted.",STACK Infrastructure,reported,90.0,planned_maximum,,,2026-09-21,Compute Atlas,stack-trade-zone-park-san-jose-ca,https://www.energy.ca.gov/powerplant/tradezonepark,,planned
AK,,reported,United States,,,,,69.84,-148.5,Stak Energy North Slope Data Center,"Preliminary state land lease approval covers 715.4 acres (corrected from 640; one square mile = 640 acres exactly but the approved lease footprint is 715.4 acres per Alaska Beacon). Campus is approximately 26 miles south of Deadhorse/Prudhoe Bay off the Dalton Highway (corrected from 25 miles). Supports AI training, cloud computing, and HPC. 3 GW is the project's claimed ultimate potential; $500M is Phase 1 capital. Coordinates estimated (~26 miles south of Prudhoe Bay 70.2N/148.5W); exact site not publicly disclosed.",Stak Energy,reported,3000.0,planned_maximum,715.0,acre,2026-09-28,Compute Atlas,stak-energy-north-slope-ak,https://alaskapublic.org/news/economy/energy/2026-05-26/alaskas-north-slope-proposed-as-home-for-massive-ai-data-center,,planned
TX,Abilene,reported,United States,,,,,32.4487,-99.7331,Stargate Abilene,,OpenAI / Oracle / Crusoe,reported,300.0,unknown,800.0,acre,2026-09-21,Compute Atlas,stargate-abilene-tx,https://openai.com/index/announcing-the-stargate-project/,,operational
TX,Abilene,reported,United States,,,,,32.4487,-99.7331,Stargate Abilene,,OpenAI / Oracle / Crusoe,reported,1200.0,planned_maximum,800.0,acre,2026-09-21,Compute Atlas,stargate-abilene-tx,https://openai.com/index/announcing-the-stargate-project/,,planned
OH,Lordstown,reported,United States,,,,,41.1745,-80.8534,Stargate Lordstown Campus,"Planned 1,500 MW is a long-term campus ceiling, not a near-term operational figure: a SoftBank spokesperson said the initial SoftBank/OpenAI data center uses ""a small part"" of the 6.2M-sq-ft site, which also hosts a Foxconn/SoftBank hub manufacturing modular data-center equipment. Crescent Dune LLC (a SoftBank affiliate) acquired the site from Foxconn for $375M (Sept 2025, Trumbull County Auditor). SoftBank's ""up to $3 billion"" is a ceiling covering both manufacturing and the data center — no data-center-only investment figure is confirmed.",OpenAI / SoftBank / Oracle,reported,1500.0,planned_maximum,,,2026-07-05,Compute Atlas,stargate-lordstown-oh,https://openai.com/index/five-new-stargate-sites/,,planned
TX,,reported,United States,,,,,30.852,-96.972,Stargate Milam County Campus,,OpenAI / SoftBank (SB Energy),reported,1200.0,planned_maximum,595.0,acre,2026-07-06,Compute Atlas,stargate-milam-county-tx,https://epoch.ai/publications/openai-stargate-where-the-us-sites-stand,,planned
WI,Port Washington,reported,United States,,,,,43.3882,-87.8753,Stargate Lighthouse Campus,,Vantage Data Centers,reported,902.0,planned_maximum,672.0,acre,2026-09-13,Compute Atlas,stargate-port-washington-wi,https://vantage-dc.com/news/openai-oracle-and-vantage-data-centers-announce-stargate-data-center-site-in-wisconsin/,,planned
NM,Santa Teresa,reported,United States,,,,,31.8636,-106.6895,Stargate Project Jupiter,,OpenAI / Oracle / STACK Infrastructure,reported,1000.0,planned_maximum,1400.0,acre,2026-09-03,Compute Atlas,stargate-project-jupiter-dona-ana-nm,https://elpasomatters.org/2025/09/25/stargate-open-ai-oracle-project-jupiter-data-center-dona-ana-new-mexico-el-paso-texas/,,planned
MI,Saline Township,reported,United States,,,,,42.174,-83.8063,Stargate The Barn Campus,"Status re-check, NO change: independently confirmed 'under_construction' - the Michigan Data Center Tracker (baldorilaw.com/resources/michigan-data-center-tracker, retrieved 2026-09-09) lists 'The Barn' campus in Saline Township as 'Under construction · 2026-04', matching the record. subsidies left empty: no site-specific incentive award was found in any fetched source; Michigan's 2024 statutory data center sales/use tax exemptions may apply but no fetched page ties an award to this site, and the MPSC conditions are ratepayer protections, not subsidies.",OpenAI / Oracle / Related Digital,reported,1400.0,planned_maximum,250.0,acre,2026-09-14,Compute Atlas,stargate-saline-township-mi,https://www.datacenterdynamics.com/en/news/oracle-and-openai-start-construction-on-stargate-data-center-campus-in-saline-township-michigan/,,planned
DE,Delaware City,reported,United States,,,,,39.578,-75.593,Project Washington (Starwood Digital Ventures),"Largest proposed data center in Delaware history. 11 two-story buildings, 5 substations, 1 switch station, 516 emergency diesel generators on 580 acres. CZA permit denied February 4, 2026; denial unanimously upheld by Coastal Zone Industrial Control Board March 26, 2026. Appeal to Delaware Superior Court anticipated. Delaware Building Trades Council exclusive union labor agreement in place. Original $9.7B investment figure removed — not confirmed in any cited source. Coordinates approximate for Delaware City area.",Starwood Digital Ventures,reported,1200.0,planned_maximum,580.0,acre,2026-07-06,Compute Atlas,starwood-digital-project-washington-de,https://spotlightdelaware.org/2026/02/04/delaware-city-data-center-faces-major-setback-after-environmental-denial/,,planned
WV,West Columbia,confirmed,United States,,,,,38.9831343,-82.0634753,Project Tamarack,"Announced 2026-09-03 by Gov. Morrisey as a separate, distinct project from Nscale's Monarch Compute Campus (also Mason County, ~20 min drive south near Point Pleasant). Governor's office figure of 'approximately 2.16 gigawatts' converted directly to MW (2,160) -- exact stated figure, not a rounded estimate. Project details at projecttamarack.com (not independently fetched this run).",Starwood Digital Ventures,reported,2160.0,planned_maximum,,,2026-09-22,Compute Atlas,starwood-tamarack-west-columbia-mason-wv,https://www.wdtv.com/2026/09/03/starwood-digital-ventures-announces-data-center-mason-county/,,planned
TN,Memphis,reported,United States,,,,,35.161633,-89.85969,The STEM Practice Sycamore View AI Data Center,"Reported 2026-01-13: 'Nate Golden of Golden Acquisitions' is purchasing the building at 1341 Sycamore View and working with The STEM Practice, described as 'a tech company that works with Oracle,' to build a modular AI data center ('will be modular instead' of a hyperscale build like xAI's Colossus). Timeline per the source: 'the plan is to have part of the data center running by May 1.' A secondary aggregator (datacentermap.com, rate-limited/not independently fetched this run) reports ~9MW at full build-out, 38,500 sq ft across a 4-story redevelopment on a 1.5-acre parcel, and states this is one of four planned STEM Practice sites in Tennessee -- those figures and the multi-site claim are omitted pending a directly-fetched primary source. Coordinates are an OSM-mapped building way at the exact street address.",Golden Acquisitions / The STEM Practice,reported,9.0,planned_maximum,1.5,acre,2026-09-21,Compute Atlas,stem-practice-sycamore-view-memphis-tn,https://www.actionnews5.com/2026/01/14/another-ai-data-center-coming-memphis-sources-say/,,planned
GA,Lovejoy,reported,United States,,,,,33.4516522,-84.343564,Lovejoy Data Center Campus (Stillwater Development),"Fifteen buildings totalling 3.5 million sq ft with 1.25 GW at full build-out, reviewed through the Developments of Regional Impact process before withdrawal. Coordinates come from the geocoded Panhandle Road address and are approximate.",Stillwater Development,reported,1250.0,planned_maximum,,,2026-09-10,Compute Atlas,stillwater-lovejoy-panhandle-road-clayton-ga,https://www.atlantanewsfirst.com/2026/08/07/proposal-clayton-county-data-center-withdrawn/,,planned
FL,Fort Meade,reported,United States,,,,,27.7525,-81.8024,Florida Ecopark AI Data Center Campus,"1,300-acre former phosphate mine site; 200-acre data center footprint. 20-year development agreement approved by Fort Meade City Commission approximately April 15, 2026. Requires 1.2 GW of electricity. No identified lessee or buyer publicly disclosed. Water use reduced in plans from 140,000 to 50,000 gallons daily; Southwest Florida Water Management District approval pending separately. Florida SB 484 signed May 2026 added new state-level data center siting requirements. Coordinates are Fort Meade city centroid; actual site is former phosphate mine outside city limits. Re-checked 2026-09-10: status unchanged at 'proposed'. The 20-year development agreement was unanimously approved by Fort Meade commissioners (2026-04-15), but two resident lawsuits filed 2026-05-14 seek to void that approval and block construction-permit issuance (trial scheduled November 2027), and a recall effort against three commissioners is itself now in litigation (Commissioner Matthew Taylor sued 2026-09-09 to stop the recall). No groundbreaking reported. Exact street address still not found in public reporting (site described only as 'west of US-98' on former phosphate-mine land) - missing:address could not be filled this pass.",Stonebridge (via Florida Ecopark LLC; end tenant undisclosed),reported,1200.0,planned_maximum,200.0,acre,2026-09-10,Compute Atlas,stonebridge-fort-meade-fl,https://www.wusf.org/environment/2026-04-08/fort-meade-is-one-step-closer-to-building-floridas-first-hysperscale-ai-data-center,,planned
UT,Lucin,reported,United States,,,,,41.5,-113.5,Stratos AI Data Center Campus,"Hansel Valley and Locomotive Valley, western Box Elder County near Lucin, UT. 60 planned data centers on initial 10,000-acre phase. 9GW is full-buildout figure; Phase 1 ~3GW. Total cost projected $100B+ at full buildout; only $20M invested as of mid-2026. Designed by Gensler. Environmental permitting via Utah DEQ expected to take ~2 years. MIDA oversight provides state-level approval authority. Coordinates are approximate for western Box Elder County; exact site boundaries unpublished. Subsidies checked at the municipal tier (2026-09-05): no site-level subsidy found. Box Elder County's own Stratos Project Fact Sheet states directly: ""No County funds are required to build the project. All funds will come from the developers and private investors."" A May 2026 MIDA interlocal agreement covers land-use and permitting review governance (a development review committee, subdivision/site-plan requirements), not a tax-increment or abatement arrangement, and MIDA's own project-area records — which could confirm or rule out a tax-increment component — were unreachable this session (mida.utah.gov redirected to an unrelated login page). Utah's EDTIF programme excludes data centres and the UCA 59-12-104 exemption is self-executing.",O'Leary Digital,reported,9000.0,planned_maximum,40000.0,acre,2026-07-23,Compute Atlas,stratos-box-elder-ut,https://www.boxeldercountyut.gov/647/Stratos-Project-Fact-Sheet,,planned
IL,Elk Grove Village,reported,United States,,,,,42.0039,-87.9703,Stream Chicago I (ORDA),"155,189 sq ft facility with 31 MW of utility power; fully leased. Expanded in 2024 by 1.10 acres.",Stream Data Centers,reported,31.0,unknown,,,2026-09-12,Compute Atlas,stream-chicago-i-orda-elk-grove-village-il,https://www.streamdatacenters.com/locations/chicago-data-centers/,,operational
IL,Elk Grove Village,reported,United States,,,,,42.0039,-87.9703,Stream Chicago II (ORDB),"226,000 sq ft facility, 32 MW at full build; fully leased.",Stream Data Centers,reported,32.0,planned_maximum,,,2026-09-25,Compute Atlas,stream-chicago-ii-ordb-elk-grove-village-il,https://www.streamdatacenters.com/locations/chicago-data-centers/,,planned
IL,Elk Grove Village,reported,United States,,,,,42.0039,-87.9703,Stream Chicago III (ORDC),35+ acre hyperscale campus planned for up to 2 million sq ft of data center space; building one to deliver 40 MW. capacityMw records building one only — the campus total is not published.,Stream Data Centers,reported,40.0,planned_maximum,35.0,acre,2026-09-25,Compute Atlas,stream-chicago-iii-ordc-elk-grove-village-il,https://www.streamdatacenters.com/locations/chicago-data-centers/,,planned
TX,Garland,reported,United States,,,,,32.9836243,-96.6542632,Stream Data Centers DFWA (DFW VII),"Operator's own Dallas page lists DFWA (DFW VII) at 1813 Lookout Drive, Garland, TX 75044, status 'Fully Leased' (i.e. operational), 43 MW / 275,000 SF. Official name uses 'DFWA'/'DFW VII', not the OSM tag 'DFWA' alone -- matches.",Stream Data Centers,reported,43.0,unknown,,,2026-07-22,Compute Atlas,stream-data-centers-dfwa-dfw-vii-tx,https://www.streamdatacenters.com/locations/dallas-data-centers/,,operational
AZ,Goodyear,reported,United States,,,,,33.4194907,-112.3599883,"Stream Data Centers PHXA (Phoenix I-VII, Goodyear Campus)","Operator's own Phoenix page names this campus 'PHXA (Phoenix I-VII)' at 2950 S. Litchfield Road, Goodyear, AZ 85338, Maricopa County. 157-acre, 7-building planned campus; 2 of 7 buildings currently operational, remaining 5 under development, so campus-level status is mixed-build but the entity is live/operational overall. Site markets '100% AI-ready infrastructure' but no confirmed GPU/HPC tenant or workload was found, so aiClassification is left empty rather than 'likely' -- marketing language alone is not workload evidence. Note officialName differs from OSM tag 'PHX-1'; corrected to operator's own 'PHXA'. AI/HPC (likely): Stream's own Phoenix/Goodyear campus page carries a facility-specific '100% AI-Ready' key-stat badge alongside its 280 MW critical capacity.",Stream Data Centers,reported,280.0,planned_maximum,157.0,acre,2026-08-31,Compute Atlas,stream-data-centers-phxa-phoenix-i-vii-goodyear-campus-az,https://www.streamdatacenters.com/locations/phoenix/,,planned
NY,Alabama,confirmed,United States,,,,,43.0837,-78.3936,STREAM U.S. Data Centers at STAMP,"Proposed three-building hyperscale campus at the Western New York Science, Technology and Advanced Manufacturing Park (STAMP), Town of Alabama, Genesee County - by capital investment the largest data center proposal found for New York in this run. GCEDC states a ""$19.46 billion"" capital investment and ""$285 million in PILOT/host revenues"" for Genesee County, the Town of Alabama and the Oakfield-Alabama Central School District, with a public hearing ""Thursday, March 19 at 7 p.m. at the Town of Alabama Fire Hall, 2230 Judge Road, Basom, NY 14013."" Investigative Post reports the incentive package as ""$1.46 billion in tax breaks for the creation of 125 jobs,"" of which ""$1.43 billion in sales tax breaks"" and ""a $31 million mortgage tax break""; those two components are recorded as separate subsidy entries rather than the rounded total. capacityMw.planned = 500 records the sentence ""Stream has said it will use 500 megawatts of electricity, more than 80 percent of all the power available at the STAMP industrial park"" - this is stated electricity USE, not a certified IT load or an interconnection award. CONFLICTING FIGURES, recorded honestly: (a) acreage - Investigative Post says the campus spans ""over 90 acres at the 1,250-acre industrial park"" and landAcres is set to 90; an aggregator listing gives 130 acres and was NOT verified, so it is not used. (b) construction jobs - GCEDC's CEO is quoted at ""an additional 1,000 workers temporarily,"" while ""the agency reports on its cost-benefit analysis for the project which says construction will employ more than 16,000""; the lower, attributed figure is recorded. (c) capital cost has moved from ""$6.3 billion a year ago"" to ""$11 billion"" to ""$19 billion""; the GCEDC-published $19.46B is used. Confirmed absences (2026-09-09): no source fetched states a water withdrawal volume for the campus, a confirmed hydropower allocation (the Tonawanda Seneca Nation letter opposes a prospective allocation, which is not the same as one being granted), or a construction start date - so no energy field is recorded. aiClassification is 'likely': the project is universally described as an AI-boom data campus but no fetched source states the workload. Coordinates are geocoded to the Town of Alabama, Genesee County, NOT to a confirmed parcel. This is a REQUESTED figure, not a confirmed/awarded PILOT -- at the time of this reporting (2026-07) Gov. Hochul was considering a moratorium measure that could block it entirely. Flag for hand review: record explicitly as 'requested', not granted. SUBSIDY NOT RECORDED AS A FIELD (maintainer adjudication 2026-09-10): reporting describes a REQUESTED package worth about $1.46bn from the Genesee County IDA for the STAMP site, not an awarded one — at the time of the 2026-07 reporting the Governor was weighing a moratorium measure that could block it entirely. The `subsidies` schema has no granted-versus-requested distinction, so publishing the figure there would present unawarded money as awarded. Recorded here instead; promote it to a `subsidies` entry only once an executed IDA agreement is in hand.",Stream U.S. Data Centers LLC,reported,500.0,planned_maximum,90.0,acre,2026-09-21,Compute Atlas,stream-stamp-alabama-ny,https://www.gcedc.com/news/article/current/2026/03/05/100160/public-hearing-set-for-stream-us-data-centers-project,,planned
NV,McCarran,confirmed,United States,,,,,39.6183,-119.3732,Switch CITADEL Campus,,Switch,reported,250.0,unknown,2000.0,acre,2026-09-24,Compute Atlas,switch-citadel-storey-county-nv,https://www.switch.com/citadel/,,operational
NV,McCarran,confirmed,United States,,,,,39.6183,-119.3732,Switch CITADEL Campus,,Switch,reported,650.0,planned_maximum,2000.0,acre,2026-09-24,Compute Atlas,switch-citadel-storey-county-nv,https://www.switch.com/citadel/,,planned
MI,Gaines Township,confirmed,United States,,,,,42.823,-85.64,Switch Pyramid Campus,"Steelcase Pyramid campus, Gaines Township, Kent County MI (south of Grand Rapids; NOT the city of Wyoming, which is a separate municipality ~5 km north). Total campus target: 1.8M sq ft, 320 MW, ~$5B investment across all phases. Phase 1 (225,000 sq ft white space) and Phase 2 (312,000 sq ft) operational; Phase 3 in planning/early construction as of 2025. Michigan's largest data center by capacity. Coordinates are approximate Pyramid campus location on East Paris Ave, Gaines Township. Status re-check, NO change proposed - but flagging a possible mislabel for a maintainer. This record has the oldest basis in the state (lastUpdated 2025-01) and sits at 'under_construction' while the campus itself has been open and serving customers since 2017, with buildings added incrementally. I did NOT propose 'operational' because the only opening evidence I could fetch predates the record's own 2025-01 basis, so the maintainer may have chosen 'under_construction' deliberately to track the ongoing second/third-building expansion. Deciding this needs a maintainer's intent, not more sources. No cooling or water source was fetchable; switch.com/pyramid renders its specs via JavaScript and returned only a headline.",Switch,reported,225.0,unknown,138.0,acre,2026-09-21,Compute Atlas,switch-pyramid-campus-grand-rapids-mi,https://www.datacenterdynamics.com/en/news/switch-plans-second-expansion-of-pyramid-data-center-campus-in-grand-rapids-michigan/,,under_construction
MI,Gaines Township,confirmed,United States,,,,,42.823,-85.64,Switch Pyramid Campus,"Steelcase Pyramid campus, Gaines Township, Kent County MI (south of Grand Rapids; NOT the city of Wyoming, which is a separate municipality ~5 km north). Total campus target: 1.8M sq ft, 320 MW, ~$5B investment across all phases. Phase 1 (225,000 sq ft white space) and Phase 2 (312,000 sq ft) operational; Phase 3 in planning/early construction as of 2025. Michigan's largest data center by capacity. Coordinates are approximate Pyramid campus location on East Paris Ave, Gaines Township. Status re-check, NO change proposed - but flagging a possible mislabel for a maintainer. This record has the oldest basis in the state (lastUpdated 2025-01) and sits at 'under_construction' while the campus itself has been open and serving customers since 2017, with buildings added incrementally. I did NOT propose 'operational' because the only opening evidence I could fetch predates the record's own 2025-01 basis, so the maintainer may have chosen 'under_construction' deliberately to track the ongoing second/third-building expansion. Deciding this needs a maintainer's intent, not more sources. No cooling or water source was fetchable; switch.com/pyramid renders its specs via JavaScript and returned only a headline.",Switch,reported,320.0,planned_maximum,138.0,acre,2026-09-21,Compute Atlas,switch-pyramid-campus-grand-rapids-mi,https://www.datacenterdynamics.com/en/news/switch-plans-second-expansion-of-pyramid-data-center-campus-in-grand-rapids-michigan/,,planned
NV,McCarran,reported,United States,,,,,39.5140681,-119.4755145,Switch Tahoe Reno 1 (The Citadel Campus),"Citadel Campus, 1 Superloop Circle, McCarran NV 89434, Storey County. Press (PRNewswire/DCD) cites e-commerce/semiconductor + AI/HPC clients at the campus.",Switch,reported,130.0,unknown,,,2026-08-16,Compute Atlas,switch-tahoe-reno-1-the-citadel-campus-nv,https://www.datacentermap.com/usa/nevada/reno/switch-tahoe-reno/,,operational
NV,McCarran,reported,United States,,,,,39.5140681,-119.4755145,Switch Tahoe Reno 1 (The Citadel Campus),"Citadel Campus, 1 Superloop Circle, McCarran NV 89434, Storey County. Press (PRNewswire/DCD) cites e-commerce/semiconductor + AI/HPC clients at the campus.",Switch,reported,650.0,planned_maximum,,,2026-08-16,Compute Atlas,switch-tahoe-reno-1-the-citadel-campus-nv,https://www.datacentermap.com/usa/nevada/reno/switch-tahoe-reno/,,planned
TX,Round Rock,reported,United States,,,,,30.4880189,-97.6725256,Switch: The Rock (Round Rock),"Land purchase from Dell + rezoning approved per DCD and Round Rock city government release; project is Switch's 5th 'Prime' campus, not yet reported as fully operational. AI/HPC (likely): The Rock: exascale data center campus for hyperscale/high-density.",Switch,reported,185.0,planned_maximum,,,2026-08-16,Compute Atlas,switch-the-rock-round-rock-tx,https://www.datacenterdynamics.com/en/news/switch-granted-planning-permission-for-data-center-in-round-rock-texas/,,planned
GA,Alpharetta,reported,United States,,,,,34.0757915,-84.264267,STACK ATL01 (formerly T5@Atlanta),"3200 Webb Bridge Road, Alpharetta GA. Originally T5@Atlanta I; the site passed to STACK Infrastructure when IPI Partners combined the Infomart data centers with selected T5 assets to launch STACK on 2019-01-15 — Data Center Knowledge names Atlanta among the T5 contributions. STACK's own ATL01 page describes 2 buildings (ATL01A 105,000 sq ft, ATL01B 133,000 sq ft) and “20MW of critical capacity”; the record is therefore campus-level. The prior 14 MW single-building figure came from an aggregator directory and is not carried. The record id is unchanged to preserve its URL and history.",STACK Infrastructure,reported,20.0,unknown,,,2026-08-08,Compute Atlas,t5-atlanta-i-ga,https://baxtel.com/data-center/t5-atlanta-i,,operational
GA,Palmetto,reported,United States,,,,,33.548,-84.724,T5 @ Atlanta IV,"City discrepancy: the ledger cited Fairburn, but T5's own page and PR Newswire list Palmetto, GA; DCD describes it as Fairburn/Fulton County with a 91-acre site in Palmetto - site is on the Fairburn/Palmetto border in South Fulton County (I-85 and Gullatt Rd). Capacity: T5's page lists '200 MW available' (Phase 1) while the Aug 2024 land-acquisition PR cites '300 MW' campus total - 300 MW recorded as planned. No tenant disclosed (T5 is a wholesale/build-to-suit developer targeting hyperscalers; page cites AI/liquid-cooling suitability). Phase 1 construction targeted Q2 2027; on-site substation expected 2026. No investment or jobs figure disclosed. Coordinates approximate (I-85/Gullatt Rd corridor).",T5 Data Centers,reported,300.0,planned_maximum,91.0,acre,2026-09-23,Compute Atlas,t5-atlanta-iv-palmetto-ga,https://www.datacenterdynamics.com/en/news/t5-files-to-develop-data-center-campus-outside-atlanta-georgia/,,planned
IL,Northlake,confirmed,United States,,,,,41.9310571,-87.9145933,T5 @ Chicago III (Northlake),"Third T5 site in the Chicago market, distinct from the tracked T5 Chicago II (Elk Grove Village) and T5 Chicago IV (Grayslake). Subsidy value is the state's estimated tax benefit on a $252,000,000 investment commitment. Coordinates geocoded from the published street address.",T5 Data Centers,reported,36.0,planned_maximum,,,2026-09-12,Compute Atlas,t5-chicago-iii-northlake-il,https://www.illinoiscrdc.com/illinoisdatacenters,,planned
IL,Grayslake,confirmed,United States,,,,,42.3442,-88.0417,T5 Chicago IV (CHI IV),"CHI IV in Grayslake, Lake County (~40 mi north of Chicago): up to 1.2 GW IT capacity with 1.6 GW secured ComEd power; envisions 20 × 60 MW buildings, Phase 1 (3 × 60 MW) targeted Q4 2027. Recorded as proposed (announced; no groundbreaking confirmed). Distinct from T5's Palmetto, GA campus. Coordinates are the Grayslake area centroid.",T5 Data Centers,reported,1200.0,planned_maximum,400.0,acre,2026-09-25,Compute Atlas,t5-chicago-iv-grayslake-il,https://www.datacenterdynamics.com/en/news/t5-plans-five-gigawatt-scale-data-center-campuses-announces-chicago-campus/,,planned
IL,Elk Grove Village,reported,United States,,,,,42.0035588,-88.0037711,T5 @ Chicago V (CHI V),"T5's fifth Chicago-area site and fourth in the O'Hare submarket. ⚠ Coordinates are the Elk Grove Village municipal centroid: the seven-acre parcel's street address has not been published, so the pin may be a mile or more from the real footprint and must be corrected before it is treated as a located site.",T5 Data Centers,reported,36.0,planned_maximum,7.0,acre,2026-09-25,Compute Atlas,t5-chicago-v-elk-grove-village-il,https://www.prnewswire.com/news-releases/t5-data-centers-expands-chicago-footprint-with-acquisition-of-fifth-data-center-chi-v-in-elk-grove-village-302411367.html,,planned
MN,Minneapolis,reported,United States,,,,,44.9714683,-93.2702827,T5@Minneapolis (1001 Third Avenue South),"PeeringDB registers ""T5@Minneapolis"" (T5 Data Centers) at 1001 3rd Ave South, Minneapolis 55404, with coordinates within ~10 m of the OSM ""Sleep Number Building"" polygon. Cloud Capital and Arcapita announced on 2026-01-13/14 the acquisition of a 21 MW Minneapolis data center ""primarily leased on a long-term basis"" to ""a leading provider of sovereign AI and cloud inferencing solutions"", plus a ""planned 10 MW expansion"" to 31 MW; neither release names a street address, so the identification of that asset with this building is reported, not confirmed by the acquirers. aiClassification set from the acquirers' own description of the anchor tenant's workload.",T5 Data Centers (asset owned by a Cloud Capital / Arcapita joint venture since January 2026),reported,21.0,unknown,,,2026-09-18,Compute Atlas,t5-minneapolis-1001-third-avenue-mn,https://www.peeringdb.com/api/fac?state=MN&country=US,,operational
MN,Minneapolis,reported,United States,,,,,44.9714683,-93.2702827,T5@Minneapolis (1001 Third Avenue South),"PeeringDB registers ""T5@Minneapolis"" (T5 Data Centers) at 1001 3rd Ave South, Minneapolis 55404, with coordinates within ~10 m of the OSM ""Sleep Number Building"" polygon. Cloud Capital and Arcapita announced on 2026-01-13/14 the acquisition of a 21 MW Minneapolis data center ""primarily leased on a long-term basis"" to ""a leading provider of sovereign AI and cloud inferencing solutions"", plus a ""planned 10 MW expansion"" to 31 MW; neither release names a street address, so the identification of that asset with this building is reported, not confirmed by the acquirers. aiClassification set from the acquirers' own description of the anchor tenant's workload.",T5 Data Centers (asset owned by a Cloud Capital / Arcapita joint venture since January 2026),reported,31.0,planned_maximum,,,2026-09-18,Compute Atlas,t5-minneapolis-1001-third-avenue-mn,https://www.peeringdb.com/api/fac?state=MN&country=US,,planned
CA,Newark,reported,United States,,,,,37.5461,-122.0312,T5@Silicon Valley,"Operator corrected to T5 Data Centers, not Serverfarm: Serverfarm's own current locations page does not list a Newark/Silicon Valley property, and Serverfarm has acquired only one T5 property to date (El Segundo/LAX1, already tracked separately as serverfarm-lax1-el-segundo-ca) - not a company-wide rebrand. T5 Data Centers remains an active, independent company. The existing 128,000 SF/17MW building (built 2002 per county assessor record) was sold by Apple to T5 in an Aug 2020 ($30M) deed transfer, announced by T5 Oct 6 2020 alongside a disclosed plan to add 32.1MW/180,000 SF (49.1MW total target); no source confirms whether that expansion has completed. The $30M figure is a real-estate acquisition price for the existing building only, not development capex, so it is not recorded as investmentUsd. Apple as tenant is corroborated by secondary sources (an aggregator listing and a contractor's own portfolio page naming Apple independently) but not by a primary T5/Apple source, which refers only to 'a Fortune 100 enterprise' - flagged reported, not primary-confirmed. No AI/HPC/GPU-specific marketing found, so aiClassification is omitted. T5 markets this campus as 'Silicon Valley,' but Newark is geographically East Bay/Alameda County, not South Bay/Santa Clara County. Coordinates are a best-effort approximate estimate for the disclosed street address, not an independently geocoded parcel point - recommend a follow-up pass with a mapping source to confirm precisely.",T5 Data Centers,reported,17.0,unknown,13.45,acre,2026-08-02,Compute Atlas,t5-silicon-valley-newark-ca,https://t5datacenters.com/resources/t5-data-centers-announces-new-enterprise-data-center-in-silicon-valley-ca/,,operational
CA,Newark,reported,United States,,,,,37.5461,-122.0312,T5@Silicon Valley,"Operator corrected to T5 Data Centers, not Serverfarm: Serverfarm's own current locations page does not list a Newark/Silicon Valley property, and Serverfarm has acquired only one T5 property to date (El Segundo/LAX1, already tracked separately as serverfarm-lax1-el-segundo-ca) - not a company-wide rebrand. T5 Data Centers remains an active, independent company. The existing 128,000 SF/17MW building (built 2002 per county assessor record) was sold by Apple to T5 in an Aug 2020 ($30M) deed transfer, announced by T5 Oct 6 2020 alongside a disclosed plan to add 32.1MW/180,000 SF (49.1MW total target); no source confirms whether that expansion has completed. The $30M figure is a real-estate acquisition price for the existing building only, not development capex, so it is not recorded as investmentUsd. Apple as tenant is corroborated by secondary sources (an aggregator listing and a contractor's own portfolio page naming Apple independently) but not by a primary T5/Apple source, which refers only to 'a Fortune 100 enterprise' - flagged reported, not primary-confirmed. No AI/HPC/GPU-specific marketing found, so aiClassification is omitted. T5 markets this campus as 'Silicon Valley,' but Newark is geographically East Bay/Alameda County, not South Bay/Santa Clara County. Coordinates are a best-effort approximate estimate for the disclosed street address, not an independently geocoded parcel point - recommend a follow-up pass with a mapping source to confirm precisely.",T5 Data Centers,reported,49.1,planned_maximum,13.45,acre,2026-08-02,Compute Atlas,t5-silicon-valley-newark-ca,https://t5datacenters.com/resources/t5-data-centers-announces-new-enterprise-data-center-in-silicon-valley-ca/,,planned
GA,Ellenwood,reported,United States,,,,,33.6101096,-84.287978,TA Realty East Tanners Church Road Data Center,"Abatement structured as a 50% property-tax reduction in year one rising to the full assessment after 10 years; the AJC estimated over $36 million in savings across the period against $93 million in new taxes. The authority declined to disclose the package's specific terms, so no amountUsd is recorded. About 30 full-time permanent jobs plus a roughly equal number of contractor positions were cited; the authority's larger '700+ jobs' figure includes temporary construction workers and is not recorded. Coordinates are approximate to Ellenwood; a street address of 4350 E Tanners Church Road appears in directory listings that were not retrieved this session and is therefore not asserted.",TA Realty,reported,180.0,planned_maximum,,,2026-09-10,Compute Atlas,ta-realty-east-tanners-church-ellenwood-ga,https://www.govtech.com/policy/clayton-county-ga-agency-approves-tax-break-for-data-center,,planned
IL,Elk Grove Village,reported,United States,,,,,42.0039,-87.9703,TA Realty Elk Grove Village Data Center,"Four-building, 1.183 million sq ft development east of Elmhurst Road and south of Old Higgins Road; the approved plan includes an electrical substation expansion. Single-source; no end tenant named.",TA Realty,reported,250.0,planned_maximum,47.0,acre,2026-08-17,Compute Atlas,ta-realty-elk-grove-village-il,https://www.journal-topics.com/articles/demolition-to-clear-way-for-47-acre-data-center-near-higgins-elmhurst/,,planned
VA,,reported,United States,,,,,36.93,-80.86,TAC Data Centers Wythe County Campus,"Nine to eleven buildings totalling 3.5–4 million sq ft on roughly 1,000 acres owned by the Rogg Partnership, just southeast of I-81 about 10 miles east of Wytheville near the Pulaski County line. Distinct from the already-tracked Solis Arx Progress Park campus, which is a 99-acre lot inside Wythe County's Progress Park under a different developer and landowner. Coordinates are an approximate geocode of the described area, not a parcel-confirmed point.",TAC Data Centers (The Ardent Companies),reported,1000.0,planned_maximum,1000.0,acre,2026-09-10,Compute Atlas,tac-data-centers-wythe-county-va,https://usdatacenterprojects.com/virginia/tac-data-centers-plans-gigawatt-scale-campus-in-wythe-county-virginia,,planned
IN,Goshen,rumored,United States,,,,,41.5850394,-85.8344491,Takanock Goshen Data Center,"Takanock assembles and entitles sites and then sells them to operators rather than operating them itself. Recorded as rumored: three public trackers list this consistently as an Elkhart County proposal, but no permit filing, rezoning docket item or local-news confirmation was found this session, and one tracker page conflated it with the separate Bristol Innovation Park petition. Distinct from province-group-bristol-innovation-park-elkhart-county-in (different developer and a different part of the county). Coordinates are the city of Goshen; no parcel is public.",Takanock,reported,1500.0,planned_maximum,,,2026-09-14,Compute Atlas,takanock-goshen-elkhart-county-in,https://www.cleanview.co/data-centers/indiana,,planned
AZ,,confirmed,United States,,,,,33.5685,-112.3703,Project Baccara,"Unincorporated Maricopa County near Surprise, AZ, north of Luke AFB. Construction targeted Q3 2026, first building online 2028. Coordinates are approximate. Coordinates corrected 2026-08-31 to the filed parcel (501-43-016A) in the southwest quarter of Section 28, Township 3 North, Range 1 West. The previously stored point fell roughly 8.2 miles NNW, in a different township. The 160-acre parcel holds the turbine yard, the data center buildings and the APS substation together, so a single approximate point represents the whole campus.","Takanock, LLC",reported,700.0,planned_maximum,160.0,acre,2026-09-23,Compute Atlas,takanock-project-baccara-maricopa-county-az,https://www.abc15.com/news/region-southwest-valley/surprise/maricopa-county-supervisors-approve-controversial-surprise-area-data-center,,planned
VA,Strasburg,confirmed,United States,,,,,38.9893,-78.3589,Project Tallmadge,87-acre site on Borden Mowery Drive near Interstate 81 Exit 296 and the Mercury Paper plant in Strasburg's industrial park; roughly 2 million sq ft planned. Takanock develops the land and intends to sell to an as-yet-unnamed operator. Construction reported as potentially starting in late 2027 and concluding around 2030.,"Takanock, LLC",reported,180.0,planned_maximum,87.0,acre,2026-09-09,Compute Atlas,takanock-project-tallmadge-strasburg-va,http://web.archive.org/web/20260819034219/https://www.datacenterdynamics.com/en/news/87-acre-project-tallmadge-to-be-built-in-strasburg-virginia/,,planned
AL,Tallassee,reported,United States,,,,,32.5333016,-85.8901615,Tallassee 1852 Mill Data Center Proposal,"Site is the shell of the historic 1852 textile mill on the west side of the Tallapoosa River, adjacent to Alabama Power's Thurlow Dam; the property is owned by the Tallassee Redevelopment Authority. Capacity reporting differs: WSFA described a 10 MW project that could grow to 20 MW, while the Tallassee Times reported the developers described a 20 MW facility - the conservative 10 MW figure is recorded. The developers, described as entrepreneurs based in South Carolina and Florida, were not named in either account, so the operator field is a placeholder rather than a verified entity. Developers claimed 15-30 permanent positions. Coordinate is the OpenStreetMap ""Tallassee Mills"" feature.",Undisclosed private developers,reported,10.0,planned_maximum,,,2026-09-15,Compute Atlas,tallassee-mill-data-center-al,https://www.wsfa.com/2026/04/29/historic-tallassee-mill-could-become-data-center-residents-urge-caution/,,planned
WY,Cheyenne,reported,United States,,,,,41.12,-104.82,Project Tembo,"Switchgrass Industrial Park, Hwy 85 south of Cheyenne, Laramie County - geographically distinct from Meta (Project Cosmo) and Microsoft's Cheyenne campuses. 716-acre campus. Originally announced at 1.8GW as 'Project Jade' with an undisclosed hyperscale client (Crusoe Energy as builder); Crusoe exited June 2026. On 2026-07-08, Google was publicly revealed as owner/operator via subsidiary Jupiter Star Holdings, and the project was renamed 'Project Tembo'; capacity confirmed at 2.7GW with an ultimate ceiling of up to 10GW. The Cheyenne Power Hub on-site natural-gas plant supplies power (Tallgrass Energy; Black Hills Energy co-invested). ~$50B total project figure remains a projection. Completion targeted 2031.",Google,reported,2700.0,planned_maximum,716.0,acre,2026-09-02,Compute Atlas,tallgrass-project-jade-cheyenne-wy,https://www.datacenterdynamics.com/en/news/crusoe-gets-go-ahead-for-18gw-data-center-campus-and-power-plant-in-cheyenne-wyoming/,,planned
GA,Stilesboro,confirmed,United States,,,,,34.096532,-84.911951,Project Bunkhouse (Digital Realty Data Center Campus),"Applicant of record is Taurus DC SPE LLC (Bartow County rezoning case Z-25-00020); no source reviewed names a parent company for that entity. Operator: Bartow County's August 2026 policy statement refers to the campus as ""Digital Realty's investment in the Stilesboro area"". The county's minutes of the June 4, 2025 hearing, summarizing the presentation by the applicant's attorney, Scott Peters, record: ""This is a Digital Realty project. It is not a Crypto center."", and Andrew Alves of Digital Realty appeared as part of the Project Bunkhouse team at the May 19, 2025 planning commission hearing (Daily Tribune). Digital Realty has not announced the project in its own press releases. Property owner per the DRI filing: Gaines Family Land LLC; the DRI's developer field names Brian B. West of Kimley-Horn (engineering consultant). Site: Taff Road south of GA Hwy 113, south of Georgia Power's Plant Bowen, also bordering Floyd Creek Church Road; tax parcels 0032-1184-001, 0032-1122-001, 0032a-003-002 and 0032b-003-006; Raccoon Creek runs along the property. Coordinates are the point stated in the DRI filing, not a surveyed site centroid. Size: the DRI filing states 8,675,000 sq ft; the approved rezoning caps total building area at 8,300,000 sq ft. Capacity: Bartow County's August 2026 data-center policy statement says ""Digital Realty's investment in the Stilesboro area, planned for approximately 1.3 gigawatts of computing capacity, has indicated a total build-out capital investment on the order of eighteen billion dollars,"" and that Digital Realty ""forecasts total employment in excess of 800 jobs once the campus is complete""; the 1.3 GW is recorded as planned capacity. Earlier, a site plan obtained by the Atlanta Journal-Constitution (April 2025) put the project's power needs at 1,830 MW with three on-site substations; the DRI filing's energy-demand field is blank. The same county statement says Bartow County has granted no tax abatements, PILOT or comparable arrangement to these data center facilities. Value: the DRI filing states an estimated build-out value of $19 billion and projected annual property tax of at least $40-50 million, with build-out estimated for 2035. Incentives: the DRI filing said the project was ""in the process of incentive negotiations"" with the Bartow-Cartersville Joint Development Authority; the county's economic development director, Melinda Lemmon, said that was ""mistakenly included in the DRI filing"" and that the authority ""is not negotiating incentives with the data center calling themselves Project Bunkhouse or any other data center"" (Daily Tribune, April 2, 2025). No bond validation, PILOT or abatement for the project has been found. Rezoning conditions include: an 8,300,000 sq ft cap; buffers required before occupancy; primary access from Taff Road only; distribution, manufacturing, warehousing, outdoor storage, towers, laboratories and retail prohibited; water-efficient HVAC required. Other DRI figures: about 8,588 average daily vehicle trips, about 29% impervious surface, wetlands, floodplain and historic resources present on site (impacts not expected per the filing). No building permits or site work have been reported since the rezoning.",Digital Realty,reported,1300.0,planned_maximum,876.57,acre,2026-09-30,Compute Atlas,taurus-digital-realty-project-bunkhouse-stilesboro-ga,https://cms2.revize.com/revize/bartowcounty/CommissionerOffice/MINUTES.PUBLIC_MEETING_6-4-2025.pdf,,planned
TX,,reported,United States,,,,,31.87,-102.54,Texas Critical Data Centers (TCDC),"Potential to scale beyond 1GW (ceiling, not a confirmed committed figure). Power partners Thunderhead Energy Solutions and Mawgan Capital (behind-the-meter gas generation); GlobeLink providing dark fiber. Phased: first 100MW segment targeted online by December 2026, remaining 150MW roughly 6 months later. Coordinates are approximate (Odessa area).",Sharon AI + New Era Energy & Digital (joint venture),reported,250.0,planned_maximum,438.0,acre,2026-07-24,Compute Atlas,tcdc-ector-county-tx,https://www.datacenterdynamics.com/en/news/tcdc-signs-loi-to-acquire-an-additional-203-acres-for-offgrid-data-center-campus-in-ector-county-texas/,,planned
PA,Upper Burrell Township,confirmed,United States,,,,,40.5817,-79.705,TECfusions Keystone Connect,"Adaptive reuse of the former Alcoa research and development campus in Upper Burrell, Westmoreland County: 1,395 acres, 3 GW planned over a six-year buildout, with 12 MW described as immediately available in existing buildings. Awarded a $2 million Pennsylvania RACP grant. Investment total not disclosed by the developer.",TECfusions,reported,12.0,unknown,1395.0,acre,2026-09-10,Compute Atlas,tecfusions-keystone-connect-upper-burrell-pa,https://www.prnewswire.com/news-releases/tecfusions-unveils-massive-1400-acre-data-center-project-in-pennsylvania-revitalizing-former-industrial-plant-302350041.html,,proposed
PA,Upper Burrell Township,confirmed,United States,,,,,40.5817,-79.705,TECfusions Keystone Connect,"Adaptive reuse of the former Alcoa research and development campus in Upper Burrell, Westmoreland County: 1,395 acres, 3 GW planned over a six-year buildout, with 12 MW described as immediately available in existing buildings. Awarded a $2 million Pennsylvania RACP grant. Investment total not disclosed by the developer.",TECfusions,reported,3000.0,planned_maximum,1395.0,acre,2026-09-10,Compute Atlas,tecfusions-keystone-connect-upper-burrell-pa,https://www.prnewswire.com/news-releases/tecfusions-unveils-massive-1400-acre-data-center-project-in-pennsylvania-revitalizing-former-industrial-plant-302350041.html,,planned
KY,Hawesville,confirmed,United States,,,,,37.8999,-86.7569,Justified Data Campus,"Brownfield redevelopment of former Century Aluminum smelter. Site acquired February 2026 from Century Aluminum subsidiary; acquisition price reported by multiple outlets as $200M cash plus a 6.8% minority equity interest in TeraWulf (not confirmed in official PR text fetched). Lease entity: TeraWulf's Raylan Data LLC to Anthropic PBC. The ~$19B is contracted lease revenue over the 20-year term — not capex; excluded from investmentUsd. TeraWulf indicated a $3B–$4B construction investment for two data center buildings (range, not a firm single figure; excluded from investmentUsd). Site has ~480 MW of existing power availability; 401 MW is the Anthropic lease capacity. Total site ~750 acres per news sources; TeraWulf's official PR cited 'over 250 buildable acres.' Coordinates are approximate (Hawesville town center). Fluidstack/Abernathy JV is a separate unrelated transaction — excluded from this record.",TeraWulf,reported,401.0,planned_maximum,750.0,acre,2026-09-22,Compute Atlas,terawulf-hawesville-ky,https://investors.terawulf.com/news-events/press-releases/detail/142/terawulf-announces-anthropic-lease-at-justified-data-campus-and-sale-of-majority-interest-in-abernathy-joint-venture-to-fluidstack,,planned
NY,Lansing,confirmed,United States,,,,,42.5453,-76.4968,"TeraWulf AI Data Center Campus, Lansing","Site is the former Cayuga Power Plant (coal-fired, retired). NYSDEC water permit application for Cayuga Lake withdrawal was originally filed in 2021 for 'unspecified future use.' Permit dates to 1955 without modern monitoring requirements per opposition. TeraWulf also has a separate cryptomining operation at the Susquehanna site in PA (Nautilus). Operating entity: Cayuga Operating Company (acquired plant). NO STATUS CHANGE. The April 2026 DEC water-withdrawal/SPDES action is explicitly for the existing power plant's current operations, not the data center; DEC states it is 'not associated with the proposed data center'. As of the sources fetched 2026-09-09 the project remains proposed and had not cleared local site-plan review. Do not read the water permit as a data-center permit.",TeraWulf,reported,400.0,planned_maximum,183.0,acre,2026-09-21,Compute Atlas,terawulf-lansing-ny,https://www.ithaca.com/news/regional_news/tompkins-county-legislature-urges-state-to-deny-water-permit-for-lansing-data-center/article_1d89f22d-fcd0-43b3-97e2-173e08a483ea.html,,planned
MD,,confirmed,United States,,,,,38.362,-77.129,TeraWulf Morgantown Generating Station AI Campus,"Morgantown Generating Station is on the Potomac River near the Governor Harry W. Nice Memorial Bridge, Charles County MD. Acquisition funding and TeraWulf financial stability questioned by Maryland Office of People's Counsel (net losses $660M+ in 2025, 90% revenue from Bitcoin mining). Coordinates approximate. TeraWulf sought about $100M in Maryland state funds toward the Morgantown acquisition; the purchase price is withheld from FERC as confidential (FOIA Exemption 4), which Public Citizen is petitioning to disclose. No cooling design, water-withdrawal figure, confirmed subsidy, or job count has been publicly disclosed for the proposed AI campus. Re-checked 2026-09-10: overall record status correctly remains PROPOSED. Material development since lastUpdated (2026-07-23): FERC ruled 2026-07-29 that the ownership transfer of Morgantown Generating Station to TeraWulf is consistent with the public interest, but the order explicitly does not authorize data-center construction, new/repowered generation, or interconnection changes -- so 'proposed' remains the correct enum. Purchase price was kept confidential by FERC order (no investmentUsd figure obtainable). No water/cooling or jobs figures found this run. [Applier note 2026-09-10: the finding proposed only location.city, which the enrichment intent schema deliberately does not accept (enrichment fills street and postalCode only and cannot change a facility's city). Converted to a notes-only finding so the substantive research lands; the proposed city change needs a maintainer hand-edit.]",TeraWulf,reported,1000.0,planned_maximum,250.0,acre,2026-09-10,Compute Atlas,terawulf-morgantown-charles-county-md,https://technical.ly/entrepreneurship/terawulf-maryland-power-plant-acquistion/,,planned
KY,Ashland,confirmed,United States,,,,,38.4042,-82.79,TeraWulf Muskie Data Campus (EastPark),"TeraWulf's second Kentucky campus (alongside the Justified/Hawesville campus tracked separately). TeraWulf (Nasdaq: WULF), historically a bitcoin miner, repositioning toward HPC/AI. Muskie is a 285-acre site at EastPark Industrial Park (a 1,000-acre former strip mine). Planned 1+ GW phased: initial 500 MW ramp H2 2028, additional 500 MW targeted H2 2030. County discrepancy: local TV cites Boyd County, but Wikipedia and the Lane Report place EastPark primarily in Greenup County (site straddles Boyd/Greenup/Carter); Greenup used, city Ashland retained as the regional reference. INVESTMENT OMITTED: the $4B figure came from a Boyd County official, not TeraWulf's investor PR or 8-K. ~300 permanent jobs are official projections (in notes, not jobs). TeraWulf stated it will pay the full standard industrial tariff with no subsidies. Coordinates are the EastPark park centroid.",TeraWulf,reported,1000.0,planned_maximum,285.0,acre,2026-09-15,Compute Atlas,terawulf-muskie-eastpark-ky,https://www.wowktv.com/news/kentucky/boyd-county-ky/new-ai-data-center-coming-to-eastern-kentucky/,,planned
TX,Austin,reported,United States,,,,,30.2223,-97.6171,Tesla Cortex 2.0 AI Training Cluster (Giga Texas),"Dedicated, purpose-built AI training data center on the north side of Tesla's Giga Texas campus (unincorporated Travis County), separate from and adjacent to the original Cortex cluster. Trains neural networks for Full Self-Driving and the Optimus robot program; uses Nvidia GPUs. First ~250 MW targeted online with a full ~500 MW buildout targeted mid-2026; construction began early 2025. Coordinate is the Giga Texas campus point; Cortex 2.0 is a specific building on that campus.",Tesla,reported,500.0,planned_maximum,,,2026-09-21,Compute Atlas,tesla-cortex-2-giga-texas-austin-tx,https://interestingengineering.com/innovation/tesla-supercomputer-cortex-2-texas,,planned
GA,Kingston,reported,United States,,,,,34.2367172,-84.9450325,Kingston Technology Hub (Thor Equities),"A 350,000 sq ft data center on approximately 559 acres, drawing up to 150 MW at peak, with projected annual tax revenue of $2 million. Rezoning had not been granted at the time of reporting. Coordinates are approximate to Kingston.",Thor Equities,reported,150.0,planned_maximum,559.0,acre,2026-09-10,Compute Atlas,thor-equities-kingston-technology-hub-bartow-ga,https://www.newslinelocal.com/2026/09/08/another-large-data-center-proposed-in-georgia/,,planned
NE,Bellevue,reported,United States,,,,,41.153,-95.925,TierPoint Omaha - Bellevue Data Center,"Multi-tenant colocation facility at 1001 North Fort Crook Road, Bellevue (Sarpy County): 100,000+ total sq ft with 21,000+ sq ft of raised floor, A-side/B-side power distribution, a 100% uptime SLA, and 10,000 sq ft of business-continuity seating with a 300-seat recovery space. Carrier-class, carrier-neutral, with cloud on-ramps and a 10G wave to five regional TierPoint facilities. Certified SOC 1/2 Type II, SOC 2 + HITRUST, GLBA, HIPAA, PCI-DSS, NIST SP 800-53, ISO 27001, ITAR and Data Privacy Framework registered. capacityMw is deliberately OMITTED: the only power figure the operator publishes is 'five redundant generators totaling 5.5 MW', which is BACKUP generator nameplate, not IT load — recording it as facility capacity would overstate the site. Directory listings associate this address with Cosentry, the regional provider TierPoint acquired; no source fetched this session states that, so it is noted rather than asserted. Coordinates are a street-address approximation. confidence is 'reported' — single source (the operator's own page).",TierPoint,reported,5.5,unknown,,,2026-08-16,Compute Atlas,tierpoint-omaha-bellevue-ne,https://www.tierpoint.com/data-centers/nebraska/omaha-bellevue/,,operational
SD,Sioux Falls,reported,United States,,,,,43.6069708,-96.8091949,TierPoint Sioux Falls - West,"Confirmed directly on TierPoint's own facility page; address 5300 N La Mesa Dr, Sioux Falls, SD.",TierPoint,reported,1.0,unknown,,,2026-09-21,Compute Atlas,tierpoint-sioux-falls-west-sd,https://www.tierpoint.com/data-centers/south-dakota/sioux-falls-west/,,operational
NV,Boulder City,reported,United States,,,,,35.9787649,-114.8337574,Townsite Solar 2 Boulder City Data Center,"Proposed as two warehouse-style server buildings plus a 230 kV substation, battery energy storage and perimeter fencing, maximum 40-foot height with dark-sky-compliant lighting. The city page states 200-300 construction/testing jobs and 25-40 permanent technical positions; these ranges are not recorded as point values in the jobs field. Reported as a joint venture of Skylar Capital, Arevon Energy and Overwatch Capital, but that ownership was read only in a search summary and is not asserted here. Status is kept at proposed rather than cancelled: the withdrawal was of the city-land application, not of the project.",Townsite Solar 2 LLC,reported,167.0,planned_maximum,88.5,acre,2026-09-24,Compute Atlas,townsite-solar-2-boulder-city-nv,https://bcnv.org/1174/TS2-Data-Center-Proposal,,planned
IA,Altoona,confirmed,United States,,,,,41.6439,-93.4649,Tract Altoona Technology Park,"Master-planned data center land campus — Tract acquires and entitles land, then delivers it to hyperscale and other data center operators rather than operating the halls itself. Fully entitled as of the September 2025 announcement (annexation, rezoning and development agreement complete). No end tenant, investment figure, job count or construction timeline has been published.",Tract,reported,1000.0,planned_maximum,453.0,acre,2026-08-14,Compute Atlas,tract-altoona-ia,https://www.tract.com/news/tract-enters-the-des-moines-market-with-the-acquisition-of-453-acres-following-successful-collaboration-with-the-city-of-altoona-ia/,,planned
AZ,Buckeye,reported,United States,,,,,33.4136,-112.7203,Buckeye Tech Corridor,"Master-planned data center park on a ~2,069-acre former residential (Cipriani) parcel Tract acquired for ~$136M, south of I-10 in Buckeye; planned for up to ~20M sq ft across as many as 40 data centers at full build-out over ~15 years (~$20B). Coordinates are an approximate town-level geocode (Buckeye, south of I-10), not a parcel-confirmed point. The City of Buckeye executed a development agreement with AZLCO Buckeye, LLC (Ordinance No. 08-24, adopted unanimously 2024-08-06). It reimburses the developer for six enumerated regional infrastructure components it builds and dedicates to the city — two public-safety sites, temporary and permanent public-safety facilities, $15M toward the Johnson Road interchange, and oversized regional water infrastructure — funded by 20% of the tax revenue the project itself generates, beginning only after the city has received $60M cumulatively and terminating 20 years from the effective date. It is capped at ""the lesser of"" the developer's verified costs or $50,000,000, so it cannot exceed what the developer actually spent; it is cost recovery for public infrastructure rather than an incentive, abatement or credit, and is therefore not recorded as a subsidy. Nothing has been paid to date. Buckeye's economic-development director has projected ""more than 360 jobs at full build out"" — an end-state across as many as 40 separate future data centers, none yet leased, permitted or built, and so not recorded as a permanent-jobs figure for this site. A search of 226 Buckeye Council and P&Z agendas (Feb 2024 – Aug 2026) found no GPLET and no Foreign Trade Zone instrument.",Tract,reported,1800.0,planned_maximum,2069.0,acre,2026-08-31,Compute Atlas,tract-buckeye-tech-corridor-az,https://www.datacenterdynamics.com/en/news/tract-plans-1700-acre-data-center-campus-in-phoenix-arizona/,,planned
TX,Uhland,confirmed,United States,,,,,29.9499,-97.7889,Tract Caldwell Valley Technology Park,"1,515-acre megasite in Caldwell County (Uhland area, between Austin and San Antonio); over 2 GW at full buildout (expansion toward ~4 GW is a ceiling — in notes), initial 360 MW utility delivery H1 2028 via Blue Bonnet Electric Cooperative. Land acquisition closed May 2025 (pre-construction). Coordinates are the Uhland area centroid.",Tract,reported,2000.0,planned_maximum,1515.0,acre,2026-07-25,Compute Atlas,tract-caldwell-valley-uhland-tx,https://www.tract.com/news/tract-closes-acquisition-of-1515-acres-in-caldwell-county-texas-for-multi-gigawatt-data-center-technology-park/,,planned
UT,Eagle Mountain,confirmed,United States,,,,,40.30935,-112.01198,Tract Eagle Mountain Data Center Park,"Triple Tail Community Reinvestment Project Area (Eagle Mountain Redevelopment Agency, Title 17C): 55% of property-tax increment for 40 years to Utah County ($101,979,662 cap), Alpine School District ($904,447,677 cap), Eagle Mountain City (no stated cap), and the Unified Fire District ($209,244,856 cap), plus 55% for 20 years to the Central Utah Water Conservancy District ($2,487,309/phase cap), and a 35% rebate of Eagle Mountain City's Electric ME Tax for 40 years. No single document found in this session names Tract inside the Triple Tail record by name — the attribution rests on a two-document chain: the RDA's own Project Area Plan parcel list (Exhibit C) names the project area's largest landowner as UTLCO Eagle Mtn Two, LLC (671.49 of 1,170.44 acres), and a separate Utah Public Service Commission filing (Docket No. 24-035-43, Petition to Intervene) identifies UTLCO Eagle Mtn., LLC and UTLCO Eagle Mtn. Two, LLC as subsidiaries of Tract Capital Management, LP. Treat the Tract attribution as inferred from these two independently-sourced primary documents, not as stated by any single filing.",Tract,reported,400.0,planned_maximum,668.0,acre,2026-08-15,Compute Atlas,tract-eagle-mountain-ut,https://eaglemountain.gov/wp-content/uploads/2024/10/Eagle-Mountain-Press-Release_1.17.2024-1.pdf,,planned
MN,Farmington,confirmed,United States,,,,,44.606,-93.152,Farmington Technology Park (Tract),"Denver-based land developer Tract's speculative hyperscale campus at the former Fountain Valley Golf Club (2830 220th St W) plus adjacent Farmington school-district land, Dakota County. Final plat/PUD unanimously approved by Planning Commission Nov 12, 2024; City Council approved final plat/PUD Nov 18, 2024 and a development contract Dec 2, 2024. Tract closed on the golf-course land purchase Feb 10, 2026 ($18M, per a Tract exec, injecting ~$3,000/student into the school district). City Council split the Technology Park into two phases in April 2026; recording deadline for the final plat extended to May 18, 2026. END USER NOT PUBLICLY DISCLOSED as of source dates — Tract builds speculative 'powered shell' campuses for undisclosed hyperscale tenants, so treat operator as the developer, not a confirmed end-user. Two lawsuits pending (Castle Rock Township + Farmington residents) over water use, noise, and setbacks; judge denied the city's motion to dismiss in November 2025/2026. Facility scope: up to 12 buildings, 2.5M+ sq ft, plus 2 admin buildings. Coordinates are an approximate estimate for 220th St W south of downtown Farmington — not geocoded this session, verify before publish. Operating entities: MNLCO Farmington LLC / MNLCO Farmington Two LLC.",Tract,reported,708.0,planned_maximum,340.0,acre,2026-09-18,Compute Atlas,tract-farmington-technology-park-mn,https://www.cbsnews.com/minnesota/news/farmington-hyperscale-data-center-pushback/,,planned
VA,,confirmed,United States,,,,,37.81,-77.47,Hanover Technology Park,"1,211 total acres in five parcels ranging from 153 to 318 acres, north of the Town of Ashland along the I-95 corridor, zoned M-1 Limited Industrial for by-right data center use with up to 110-foot building heights. Distinct from the two Tract records already tracked: the cancelled Mountain Road Technology Park (western Hanover, denied May 2026) and Tuckahoe Technology Park in Goochland. Coordinates are an approximate geocode north of Ashland, not a parcel-confirmed point. Public-reception check (2026-09-10): Checked Tract's own project page (2026-09-10); it lists only acreage, capacity, and zoning/utility specifications with no mention of public hearings, rezoning votes, resident opposition, or support. No community-reception record found in this source.",Tract,reported,2400.0,planned_maximum,1211.0,acre,2026-09-10,Compute Atlas,tract-hanover-technology-park-va,https://www.tract.com/project/hanover/,,planned
IL,Morris,reported,United States,,,,,41.36,-88.43,Morris Technology Park,"343-acre master-planned data center campus in Morris (Grundy County), IL, developed by Tract as powered land/shell infrastructure. Fully zoned and entitled, with an executed Transmission Security Agreement (TSA) with Commonwealth Edison (ComEd) to support 1 GW (1,000 MW) of planned power at full build-out across ~2.9M sq ft.",Tract,reported,1000.0,planned_maximum,343.0,acre,2026-09-12,Compute Atlas,tract-morris-technology-park-il,https://www.datacenterfrontier.com/site-selection/article/55308975/scaling-up-tracts-master-planned-land-and-infrastructure-approach-to-data-center-development,,planned
VA,,confirmed,United States,,,,,37.693493,-77.53629,Mountain Road Technology Park,"Tract (with Marchetti Properties, via Valco Hanover County 4 LLC) sought to rezone ~427 acres from A1 Agricultural to M1 at 13074 Mountain Road / 12517 Winns Church Road (US Route 33) on the Hanover-Henrico line near the Chickahominy River — five data center buildings, up to three substations, hundreds of MW of demand. Aligned with Hanover's Route 33 Gateway Small Area Plan. Distinct from Tract's Tuckahoe Technology Park in Goochland County. Coordinates are an approximate geocode of the Route 33 / Mountain Road corridor in western Hanover near the Henrico line.",Tract,reported,900.0,planned_maximum,427.0,acre,2026-09-21,Compute Atlas,tract-mountain-road-technology-park-hanover-va,https://richmondbizsense.com/2025/10/30/data-center-developer-tract-proposes-mountain-road-tech-park-in-western-hanover-county/,,planned
NV,,reported,United States,,,,,39.545801,-119.497162,Peru Shelf Technology Park,"Parcels range from 183 to 277 acres; zoned for by-right data center use with 125-foot building height allowances. Distinct from Tract's Peru Ridge (517 acres / 230 MW), South Valley (1,534 acres / 1,215 MW), Sapphire (1,063 acres / 700 MW, the Silver Springs campus) and Virginia Highlands (8,590 acres / 2,500 MW) projects. Coordinates are an OpenStreetMap Peru Drive road point, not a parcel-confirmed location.",Tract,reported,810.0,planned_maximum,686.0,acre,2026-09-24,Compute Atlas,tract-peru-shelf-storey-county-nv,https://www.tract.com/project/peru-shelf/,,planned
NV,Silver Springs,reported,United States,,,,,39.407,-119.229,Tract Silver Springs Data Center Park,"Master-planned data center park near Silver Springs, Lyon County (near the US-50/USA Parkway corridor east of Reno). ~1,060 acres acquired with approved rezoning and a Lyon County development agreement; buildout capacity up to 1.6GW with an initial 700MW under utility study, planned dry/air-cooled to minimize water use. Land/entitlement stage — proposed, not yet under construction. Coordinates approximate to Silver Springs.",Tract,reported,1600.0,planned_maximum,1060.0,acre,2026-09-10,Compute Atlas,tract-silver-springs-nv,https://www.tract.com/news/tract-expands-its-greater-reno-portfolio-closing-on-1060-acres-in-silver-springs-nevada-following-successful-rezoning-and-development-agreement-with-lyon-county/,,planned
VA,,reported,United States,,,,,37.68,-77.68,Tuckahoe Technology Park,"Eastern Goochland County, west of West Creek Business Park; 13 parcels, up to 7 development areas/buildings. $3B+ construction spending projected over a 5-7 year buildout. Pre-application for a conditional-use permit filed June 10, 2026 - the first project under Goochland's new Technology Overlay District. Coordinates are approximate.",Tract,reported,900.0,planned_maximum,872.0,acre,2026-08-26,Compute Atlas,tract-tuckahoe-technology-park-goochland-county-va,https://virginiabusiness.com/tract-planning-872-acre-data-center-campus-in-goochland/,,planned
NV,Lockwood,reported,United States,,,,,39.5071009,-119.6464691,Tract Virginia Highlands Technology Park,"Land is positioned between the Tahoe-Reno Industrial Center and the Virginia City Highlands, just southeast of Lockwood, with parcels ranging from 250 to 1,200 acres and existing industrial zoning. This is a land-and-power park with no named tenant or building programme disclosed; the 2,500 MW is Tract's stated site capacity, not a built or contracted figure. Coordinates are the Lockwood reference point, not a parcel boundary. Distinct from Tract's Silver Springs / Sapphire site in Lyon County, which the tracker already carries. Public-reception check (2026-09-10): The 8,590-acre Storey County site (between the Tahoe-Reno Industrial Center and Virginia City Highlands, southeast of Lockwood) was already zoned industrial with data centers as a pre-approved use at acquisition (2024-06-18), consistent with Storey County/TRIC's long-standing industrial-friendly zoning posture. Checked: Tract's own project page and its 2024 acquisition press release -- neither mentions a public hearing, county-official statement, or any resident opposition/support specific to this parcel.",Tract,reported,2500.0,planned_maximum,8590.0,acre,2026-09-24,Compute Atlas,tract-virginia-highlands-storey-county-nv,https://www.tract.com/project/virginia-highlands/,,planned
NY,East Fishkill,rumored,United States,,,,,41.534,-73.801,"Treetop East Fishkill Data Center (proposed, no application filed)","⚠️ LOW-CERTAINTY BY CONSTRUCTION - included because a 1,000 MW load is the largest proposed in New York found in this run, and excluded fields say why. confidence is 'rumored' and status 'proposed' rather than 'cancelled': the town supervisor confirmed on May 11, 2025 that ""no site plan, special permit application, zoning request, or other development application has been submitted to the town for review,"" and the developer ""has never submitted a formal application for the project nor a site plan"" - yet the project was still described as under evaluation in the NYISO process when the town passed its moratorium on June 25, 2026, so it is not affirmatively dead either. Teaneck, NJ-based Treetop Development is evaluating converting land currently planned for ""a 1,161,515 SF warehouse"" (scaled down to 765,000 square feet in other reporting) into ""a 1,000-megawatt (1-gigawatt) data center."" capacityMw.planned = 1000 is that stated figure, unconverted. Confirmed absences (2026-09-09): NEITHER fetched source gives a street, parcel, acreage, square footage for the data center itself, investment, job count, water figure, utility, or subsidy agreement; secondary reporting places the site ""off of I-84 and Lime Kiln Road"" but that was NOT verified in a fetched source, so no street is recorded and coordinates are a TOWN-LEVEL placeholder for East Fishkill, Dutchess County. If the maintainer's bar is a filed application, this record should be dropped.",Treetop Development,reported,1000.0,planned_maximum,,,2026-09-09,Compute Atlas,treetop-east-fishkill-ny,https://cicbca.org/202605-east-fishkill-supervisor-pulls-plug-on-plan-to-build-big-data-center/,,planned
PA,Reading,reported,United States,,,,,40.2839,-75.9372,TRON USA AI Campus (former Titus Station),"The Titus Station coal plant was decommissioned in 2014. Cumru Township adopted a Data Center Overlay District (Ordinance 798) covering the property in April 2026; no land development plan had been filed as of that reporting. Only the announced first phase (200 MW) is recorded — larger long-term figures circulating in developer materials were not confirmed in the cited source. Coordinates are the Cumru Township point, not a parcel-confirmed footprint.",Titus Development Company / Go Energy Group,reported,200.0,planned_maximum,196.0,acre,2026-09-25,Compute Atlas,tron-usa-ai-campus-titus-station-cumru-berks-pa,https://berksweekly.com/news/titus-station-redevelopment-project-in-berks-county-planned-as-ai-infrastructure-campus/,,planned
NY,Ilion,confirmed,United States,,,,,43.0119,-75.0357,"Turin Hoefler Avenue AI Data Center (former Remington Arms plant, Site C)","Redevelopment of the former Remington Arms firearms plant, which ceased production in 2024. WKTV: ""Turin Hoefler Avenue LLC submitted a revised application"" to the NYSDEC ""Brownfield Cleanup Program"" in January 2026 for ""Site C,"" a ""7.837-acre parcel,"" with a ""250,000-square-foot AI data center"" as the intended post-remediation use, at ""14 Hoefler Ave., Ilion, NY""; the site has ""widespread contamination in the soil, especially with heavy metals like arsenic, lead, and copper at levels above state cleanup standards for commercial use"" and ""15 vacant industrial buildings dating to the early 1900s,"" and the developer describes it as a ""fossil-fuel-free, 100% electric site."" capacityMw.planned = 200 comes from the Rockefeller Institute of Government's tracker entry for the project (""200 MW""), not from WKTV, which states no MW figure. COUNTY DISCREPANCY, recorded honestly: WKTV's article says Oneida County; the Rockefeller Institute says ""Village of Ilion, Herkimer County."" Ilion is in Herkimer County, so Herkimer is recorded and the WKTV attribution is treated as an error. landAcres = 7.837 is the Brownfield Site C parcel only; trade press describes a larger ~32-acre overall plant site and two 250,000 sq ft buildings, neither of which was verified against a fetched source, so neither is recorded. jobs.permanent is deliberately omitted: the source says only that the project ""aims to exceed the 274 positions lost when Remington closed,"" which is an aspiration, not a count. Confirmed absences (2026-09-09): no investment figure, no water/cooling detail, no utility, and no IDA or PILOT agreement stated in either fetched source. Because the site is fossil-fuel-free and 100% electric per the developer, no on-site generation is recorded.",Turin Hoefler Avenue LLC,reported,200.0,planned_maximum,7.837,acre,2026-09-21,Compute Atlas,turin-hoefler-ilion-ny,https://www.wktv.com/news/focus-economy/250-000-square-foot-ai-data-center-planned-for-ilions-remington-site-c/article_ebf3d79e-aeb4-4033-8b0c-558a3749c42e.html,,planned
UT,Salt Lake City,reported,United States,,,,,40.75962,-111.8868,Unisys Salt Lake City,"Subsidies checked at the municipal tier (2026-09-08): no site-level subsidy found. The Redevelopment Agency of Salt Lake City's FY2016 annual report and Salt Lake City Council District 2's public summary of its CRA project areas name no beneficiary matching Unisys, and no general web search surfaced an incentive award. Utah's EDTIF programme excludes data centres and the UCA 59-12-104 exemption is self-executing. The facility's exact site is not independently confirmed (candidate address: 480 N 2200 W, Salt Lake City — corroborated by two business directories but not tied to the data centre specifically by any source).",Unisys,reported,1.0,unknown,,,2026-08-15,Compute Atlas,unisys-salt-lake-city-ut,https://d36oiwf74r1rap.cloudfront.net/wp-content/uploads/2026/04/Data-Center-Growth-FS-Apr2026.pdf,,operational
AL,Tuscaloosa,confirmed,United States,,,,,33.2120822,-87.5396735,University of Alabama High Performance Computing and Data Center,"University research computing facility on the eastern edge of the Tuscaloosa campus, not a commercial colocation or hyperscale site — include or exclude according to whether Compute Atlas tracks institutional HPC. UA states verbatim: ""The facility's 40,000 square feet will allow for a substantial increase in UA's computing power"" and ""an estimated $25 million of computing power""; it will host a ""petascale computing system, meaning it will be capable of performing quadrillions of calculations per second"" and be the ""only system in Alabama to meet the benchmarks for the Top500 list"". FUNDING, NOT RECORDED AS investmentUsd: the fetched source names a U.S. Department of Commerce NIST disbursement plus an Alabama Education Trust Fund appropriation approved by the legislature and Gov. Ivey in 2023, but states NO dollar totals for either; a search summary cited $96M total / $44.5M NIST / $46M ETF, and no page stating those was fetched, so they are omitted. The $25M is computing equipment, not construction investment, so investmentUsd is deliberately empty. NO CAPACITY RECORDED: no MW figure appears in the fetched source (an aggregator lists 14.6 MW — not verified, not cited). STATUS: recorded as under_construction because completion was projected for ""late 2026"" and that window is now open; a maintainer should check whether it has opened, in which case this becomes operational. Coordinates are the campus centroid, not the building on the eastern edge of campus.",University of Alabama,reported,14.6,planned_maximum,,,2026-09-28,Compute Atlas,university-of-alabama-hpc-tuscaloosa-al,https://news.ua.edu/2024/11/stage-iv-approval-for-high-performance-computing-center/,,planned
MI,Kentwood,confirmed,United States,,,,,42.87690347654,-85.563698606365,US Signal MI01 Grand Rapids Data Center,"Multi-tenant colocation. Operator's facility page (retrieved 2026-09-09) states: generators 3,000 kW at 2N, UPS 2,200 kW at 2N, utility feeds 3,000 kVA, HVAC 550 tons N+1, Tier 3, built 2014 with a 2016 expansion, 99.999% uptime SLA. capacityMw deliberately omitted: the page publishes electrical-plant ratings (generator/UPS/utility) rather than a stated IT-load capacity in MW, and the square-footage fields on the page render as 0. Cooling medium not stated (tonnage only), so water.coolingType omitted. No investment, jobs, or incentive figures are stated on the operator's page. Coordinates from the US Census geocoder for the street address on the operator's page; parcel footprint not confirmed.",US Signal,reported,3.0,unknown,,,2026-09-21,Compute Atlas,us-signal-mi01-kentwood-mi,https://ussignal.com/data-centers/mi01-grand-rapids/,,operational
MI,Byron Center,confirmed,United States,,,,,42.826202163837,-85.67268596115,US Signal MI02 Grand Rapids Data Center,"Multi-tenant colocation, a second Grand Rapids-area site paired with MI01 for regional redundancy. Operator's facility page (retrieved 2026-09-09) states: generator 450 kW at 2N, UPS 250 kW at 2N, utility 1,500 kVA, HVAC 242 tons N+1, Tier 2. Year built not stated. capacityMw omitted (electrical-plant ratings only, no stated IT-load MW). Cooling medium not stated. Coordinates from the US Census geocoder, which matched the exact house number; parcel not confirmed. NOTE: 123NET's own facility list gives the identical address (400 76th St SW, Byron Center) for its DC4 Grand Rapids data center, so this building appears to host two independent operators' colocation suites; both are proposed as separate records and a maintainer should confirm that reading before publishing.",US Signal,reported,0.45,unknown,,,2026-09-21,Compute Atlas,us-signal-mi02-byron-center-mi,https://ussignal.com/data-centers/mi02-grand-rapids/,,operational
MI,Belleville,confirmed,United States,,,,,42.2356076,-83.4450278,US Signal MI03 Detroit Data Center,"Multi-tenant colocation marketed as 'Detroit' but physically at 9275 Haggerty Road in Van Buren Charter Township (Belleville mailing address), Wayne County. Operator's facility page (retrieved 2026-09-09) states: generators 2,000 kW at 2N, UPS 1,500 kW at 2N, utility 2,500 kVA, HVAC 422 tons N+1, Tier 3, built 2020, 99.999% uptime SLA. capacityMw omitted (electrical-plant ratings only). Cooling medium not stated. Coordinates from Nominatim, which resolved the exact house number; parcel footprint not confirmed.",US Signal,reported,2.0,unknown,,,2026-09-21,Compute Atlas,us-signal-mi03-van-buren-township-mi,https://ussignal.com/data-centers/mi03-detroit/,,operational
MI,Southfield,confirmed,United States,,,,,42.4477475,-83.2562243,US Signal MI04 Detroit Data Center,"Multi-tenant colocation in Southfield, distinct from US Signal MI05 (Auburn Hills). Operator's facility page (retrieved 2026-09-09) states: generator 800 kW at 2N, UPS 250 kW at 2N, utility 1,500 kVA, HVAC 160 tons N+1, Tier 2, 99.995% uptime SLA, building constructed 1972 and renovated 2017 and 2024, seven on-net carriers. capacityMw omitted (electrical-plant ratings only). Cooling medium not stated. Coordinates geocoded from the street address on the operator's page; parcel not confirmed.",US Signal,reported,0.8,unknown,,,2026-09-21,Compute Atlas,us-signal-mi04-southfield-mi,https://ussignal.com/data-centers/mi04-detroit/,,operational
MN,Eden Prairie,confirmed,United States,,,,,44.877094,-93.407686,US Signal MN01 Minneapolis (Eden Prairie),"oneneck.com/datacenter-colocation now 301-redirects to ussignal.com/data-centers, and PeeringDB still registers the site to OneNeck IT Solutions LLC — operator recorded as the current brand with the registered entity noted, per the 'primary is not current' rule.",US Signal (site registered by OneNeck IT Solutions LLC),reported,8.25,unknown,,,2026-09-21,Compute Atlas,us-signal-mn01-eden-prairie-mn,https://ussignal.com/data-centers/mn01-minneapolis/,,operational
OR,Bend,reported,United States,,,,,44.086105,-121.2830411,US Signal OR01 Bend,"LEED-certified Tier 3 colocation facility with a 2,000 kW N+1 generator, 2500 kVA utility feeds, 256-ton N+1 HVAC and 2N UPS. US Signal publishes no square footage or critical IT-load figure on this page, so none is recorded. The only tracked Central Oregon facilities are the Prineville hyperscale campuses; Bend has no record.",US Signal,reported,2.0,unknown,,,2026-09-21,Compute Atlas,us-signal-or01-bend-or,https://ussignal.com/data-centers/or01-bend/,,operational
WI,Madison,reported,United States,,,,,43.0732716,-89.3870807,US Signal WI01 Madison,"Small downtown Madison colocation facility in a 1972 building renovated in 2008; Tier 3 resiliency with a 280 kW generator, 150 kW UPS, 300 kVA utility feed and 40 tons of N+1 HVAC; five on-net carriers. capacityMw.operational reflects installed UPS capacity — this is a small edge/POP-scale site, not a hyperscale campus. Coordinates are an address geocode.",US Signal,reported,0.15,unknown,,,2026-08-18,Compute Atlas,us-signal-wi01-madison-wi,https://ussignal.com/data-centers/wi01-madison/,,operational
WI,Fitchburg,reported,United States,,,,,42.9947535,-89.42339,US Signal WI02 Madison (Fitchburg),"Originally constructed in 2008 with expansions in 2011, 2015 and 2017; Tier 3 with 4,500 kW of 2N generators, 6,000 kW of UPS, 9,000 kVA of utility feeds and 1,510 tons of N+1 HVAC; nine on-net carriers. This is the former OneNeck Madison data center — oneneck.com/colocation/data-centers/madison now 301-redirects to ussignal.com, so the operator is recorded as US Signal rather than OneNeck. capacityMw.operational is taken from installed UPS capacity. Coordinates are an address geocode.",US Signal,reported,6.0,unknown,,,2026-08-18,Compute Atlas,us-signal-wi02-fitchburg-wi,https://ussignal.com/data-centers/wi02-madison/,,operational
CA,Fremont,reported,United States,,,,,37.567072,-121.983674,Valley Oak Partners Shinn Street Data Center,"490,000 sq ft on 12.5 acres, former US Gypsum plant site. Application submitted June 2026. Standalone campus, not colo.",Valley Oak Partners,reported,90.0,planned_maximum,12.5,acre,2026-07-26,Compute Atlas,valley-oak-shinn-street-fremont-ca,https://www.datacenterdynamics.com/en/news/valley-oak-proposes-90mw-data-center-in-fremont-california/,,planned
OK,Oklahoma City,reported,United States,,,,,35.4676,-97.5164,ValorC3 Oklahoma City Data Center,"Operational multi-tenant colocation facility, ~65,000 sq ft. Street address was not confirmed on a page retrieved this session, so it is omitted; coordinates are approximate to Oklahoma City.",ValorC3 Data Centers,reported,1.25,unknown,,,2026-09-02,Compute Atlas,valorc3-oklahoma-city-ok,https://www.news9.com/oklahoma-city-news/where-are-data-centers-are-being-built-oklahoma-list,,operational
UT,St. George,reported,United States,,,,,37.10988,-113.58321,ValorC3 Saint George Data Center,"Subsidies checked at the municipal tier (2026-09-08): no site-level subsidy found. St. George's FY2025-26 Redevelopment Agency budget itemizes every currently active project area by name (Central Business District CDA, Dixie Center EDA, Ft. Pierce CDA #1, Ft. Pierce CDA #2, Millcreek CDA, and Tech Ridge CDA — formerly the St. George Airport Community Development Project Area), none covering the Tonaquint corridor at 1108 West 1600 South; the facility instead sits within Tonaquint Business Park, a privately developed park built by the site's own developer to attract tech companies, not a public redevelopment district. No city or state filing names Valor C3. Utah's EDTIF programme excludes data centres and the UCA 59-12-104 sales-tax exemption is self-executing.",ValorC3,reported,4.0,unknown,,,2026-08-15,Compute Atlas,valorc3-st-george-ut,https://d36oiwf74r1rap.cloudfront.net/wp-content/uploads/2026/04/Data-Center-Growth-FS-Apr2026.pdf,,operational
VA,Sterling,reported,United States,,,,,38.997949,-77.4302306,Vantage Ashburn II (VA2),"Ashburn II campus: 3 buildings, 800,000 sq ft, 96MW, per Vantage's own facility page.",Vantage Data Centers,reported,96.0,planned_maximum,,,2026-09-21,Compute Atlas,vantage-ashburn-ii-va2-va,https://vantage-dc.com/data-center-locations/north-america/ashburn-ii-virginia/,,planned
TX,,reported,United States,,,,,32.7272,-99.2987,Vantage Frontier Campus,,Vantage Data Centers,reported,1400.0,planned_maximum,1200.0,acre,2026-07-05,Compute Atlas,vantage-frontier-shackelford-county-tx,https://vantage-dc.com/news/vantage-data-centers-unveils-plans-for-frontier-a-25b-mega-campus-in-texas-to-meet-unprecedented-ai-demand/,,planned
NV,McCarran,confirmed,United States,,,,,39.5311,-119.5904,Vantage Data Centers NV1,"Located in Tahoe Reno Industrial Center (TRIC), Storey County, NV — same industrial park as Google, Apple, Microsoft, and Switch (CITADEL tracked separately). Four multi-story buildings, 1M+ sq ft. Designed for AI densities 360W–720W per sq ft. Vantage's eighth North American market. Coordinates are approximate TRIC centroid. Primary press release states more than 1,200 individuals employed 'across the construction and ongoing operations' — combined construction + permanent total; construction vs. permanent breakdown not separately disclosed.",Vantage Data Centers,reported,224.0,planned_maximum,137.0,acre,2026-09-10,Compute Atlas,vantage-nv1-storey-county-nv,https://vantage-dc.com/news/vantage-data-centers-invests-3-billion-to-deliver-ai-campus-in-growing-nevada-market/,,planned
OH,Johnstown,confirmed,United States,,,,,40.100989,-82.746359,Vantage Data Centers OH1,"3325 Horizon Court, Johnstown — Licking County section of the New Albany International Business Park. Vantage's first Midwest campus and seventh North American market. 3 buildings, 1.5M+ sq ft total, 192MW total planned IT capacity (not yet fully operational). LEED Silver target, part of Vantage's 2030 net-zero operational carbon commitment. Vantage's own press release states OH1 ""will provide secure and reliable infrastructure for cloud technologies and artificial intelligence"" — real operator-stated AI-adjacent marketing (paired with ""cloud,"" not an exclusive/GPU-specific claim), so tagged aiClassification: likely rather than confirmed.",Vantage Data Centers,reported,192.0,planned_maximum,70.0,acre,2026-09-10,Compute Atlas,vantage-oh1-new-albany-licking-county-oh,https://vantage-dc.com/news/vantage-data-centers-breaks-ground-on-192mw-campus-enters-growing-ohio-data-center-market-with-over-2-billion-investment-in-hyperscale-digital-infrastructure/,,planned
OH,Millersport,confirmed,United States,,,,,39.902,-82.5324,Vantage Data Centers OH2 (Millersport Campus),"Vantage's second Ohio campus (distinct from the tracked OH1 in Johnstown), at Lancaster-Newark Rd & Blacklick Rd near Millersport — up to 7 structures incl. 4 data-center buildings, $2.1B, powered by an adjacent natural-gas generation facility; under construction as of mid-2026. Capacity figures diverge: 696 MW on Vantage's own site (used here) vs ~800 MW / 500 acres on a project aggregator — the operator figure is used and the discrepancy flagged. Coordinates approximate (Millersport city-center, not parcel-verified). Public-reception check (2026-09-10): Checked the project's own campus microsite (2026-09-10); it covers only project description and planned economic benefits, with no documented public hearing, resident reaction, or official statement of support/opposition.",Vantage Data Centers,reported,696.0,planned_maximum,,,2026-09-10,Compute Atlas,vantage-oh2-millersport-fairfield-oh,https://vantagemillersportcampus.com/,,planned
AZ,Goodyear,reported,United States,,,,,33.4463027,-112.3738867,"Vantage Phoenix Campus (Goodyear, AZ)","45 S Bullard Ave, Goodyear AZ 85338; campus of buildings AZ11-AZ14, 176MW planned, per datacentermap/datacenters.com cross-check.",Vantage Data Centers,reported,176.0,planned_maximum,50.0,acre,2026-08-31,Compute Atlas,vantage-phoenix-campus-goodyear-az-az,https://vantage-dc.com/data-center-locations/north-america/phoenix-arizona/,,planned
IN,Pittsboro,reported,United States,,,,,39.8656,-86.4675,Vantage Pittsboro Campus,"Colocation campus in the northeast corner of Pittsboro, north of I-74 and west of County Road 500 East, on land annexed into the town in late 2024. Roughly 285 of the 626 rezoned acres are planned for development, in three buildings reported at 256 MW, 96 MW and 48 MW. Third-party project trackers list the campus as later withdrawn; no press confirmation of a withdrawal was located as of 2026-09-01, so the last sourced status (rezoning approved) is recorded here.",Vantage Data Centers,reported,400.0,planned_maximum,626.0,acre,2026-09-01,Compute Atlas,vantage-pittsboro-in,https://www.insideindianabusiness.com/articles/data-center-developer-eyeing-618-acre-site-in-hendricks-county,,planned
WA,Quincy,reported,United States,,,,,47.2501646,-119.8144903,Vantage Quincy WA11,"2101 M Street NE, Quincy, Grant County WA; WA1 campus with WA11/WA12/WA13 buildings, 89MW total, per DCD + Vantage's own site.",Vantage Data Centers,reported,89.0,unknown,,,2026-09-21,Compute Atlas,vantage-quincy-wa11-wa,https://vantage-dc.com/data-center-locations/north-america/quincy-washington/,,operational
CA,Santa Clara,confirmed,United States,,,,,37.3725693,-121.9736589,Vantage Santa Clara I (CA1),"Campus of six buildings (CA11-CA16) totaling 335,000 sq ft; marketed as the largest LEED Platinum-certified data center campus in North America. Figures here are campus-wide aggregates, matching how Vantage Santa Clara II (CA2) is already recorded in this dataset as a single campus entry rather than per-building.",Vantage Data Centers,reported,77.0,unknown,21.0,acre,2026-09-12,Compute Atlas,vantage-santa-clara-i-ca1-ca,https://vantage-dc.com/data-center-locations/north-america/santa-clara-i-california/,,operational
CA,Santa Clara,reported,United States,,,,,37.3640012,-121.94689,Vantage Santa Clara II (CA2),"Confirmed on Vantage's official directory. Address 737 Mathew Street, Santa Clara, CA 95051 per datacenters.com/datacentermap cross-check.",Vantage Data Centers,reported,75.0,unknown,,,2026-09-21,Compute Atlas,vantage-santa-clara-ii-ca2-ca,https://vantage-dc.com/data-center-locations/north-america/santa-clara-ii-california/,,operational
CA,Santa Clara,confirmed,United States,,,,,37.3712362,-121.9740103,Vantage Santa Clara III (CA3),"Vantage's third Santa Clara campus (with CA1 and CA2, both already in this dataset); the three campuses total 216MW of Silicon Valley IT capacity per the operator. One four-story building, 486,000 sq ft. Opened to customers in October 2024 and independently confirmed as commissioned/operational by a third-party facility tracker as of this session, though the operator's own marketing page still describes it in future tense.",Vantage Data Centers,reported,64.0,unknown,8.0,acre,2026-09-14,Compute Atlas,vantage-santa-clara-iii-ca3-ca,https://vantage-dc.com/data-center/santa-clara-iii-california/,,operational
VA,,confirmed,United States,,,,,38.44,-77.44,Vantage Data Centers VA4 Stafford Campus,"Vantage's fourth Virginia campus; approximately 40 miles south of Washington DC in Stafford County (Fredericksburg region). Coordinates are county-centroid approximation — specific site address not confirmed in sources. Groundbreaking held November 6, 2025; DPR Construction engaged as GC.",Vantage Data Centers,reported,192.0,planned_maximum,82.0,acre,2026-07-06,Compute Atlas,vantage-stafford-va4-va,https://vantage-dc.com/news/vantage-data-centers-invests-2b-in-fredericksburg-virginia-region-to-deliver-fourth-campus-in-the-commonwealth/,,planned
WA,Quincy,confirmed,United States,,,,,47.247,-119.83,Vantage WA13,"530,000 sq ft building adding 64 MW of IT capacity on Vantage's 68-acre Quincy (WA1) campus at 2101 M Street NE, bringing the campus to 89 MW across nearly 775,000 sq ft. Uses Tier 4 generators to reduce particulate and NOx emissions. Construction began in late 2022 and the building was delivered Oct. 18, 2023. Sibling buildings WA11 and WA12 are already tracked separately; the 89 MW and 68 acres are campus-level figures and are not attributed to this building. Coordinates are an approximate geocode of the campus address.",Vantage Data Centers,reported,64.0,unknown,,,2026-09-05,Compute Atlas,vantage-wa13-quincy-wa,https://vantage-dc.com/news/vantage-data-centers-completes-development-of-89mw-1billion-quincy-washington-campus/,,operational
MN,St. Cloud,reported,United States,,,,,45.5405392,-94.2023528,Vaultas St. Cloud,"Modular edge-computing facility with a starting capacity of 0.5-0.6MW, expandable by stacking additional nodes. As of Feb 2026 construction had not yet begun despite a stated 2026 opening target.",Vaultas,reported,0.6,planned_maximum,,,2026-08-24,Compute Atlas,vaultas-st-cloud-mn,https://www.stcloudlive.com/news/local/to-plug-in-or-not-to-plug-in-that-is-the-question-for-area-cities-about-data-centers-1,,planned
WI,Janesville,confirmed,United States,,,,,42.66331,-89.02056,APECS Data Center Campus (Former GM Assembly Plant),"Redevelopment of the 250-acre former General Motors assembly plant (demolished 2019), a DNR-cleanup brownfield. Two configurations are under evaluation: an 11-building data center campus or an 8- or 9-building hyperscale campus, drawing up to 800 MW. Utility is Alliant Energy. The end user has not been disclosed. Coordinates are the geocoded former GM plant site, not a parcel-confirmed footprint.",Viridian Acquisitions LLC,reported,800.0,planned_maximum,250.0,acre,2026-08-18,Compute Atlas,viridian-apecs-janesville-wi,https://www.wpr.org/news/janesville-data-center-abandoned-gm-site,,planned
UT,Spanish Fork,reported,United States,,,,,40.115,-111.6461,Volition Spanish Fork Data Center,"Proposed retrofit of a ~1M sq ft former Fingerhut distribution warehouse at the mouth of Spanish Fork Canyon; faced significant resident opposition at an August 20, 2026 public hearing; not yet zoned for the use. Subsidies checked at the municipal tier (2026-09-05): no site-level subsidy found. The company is on record declining to seek one: ""Volition is not requesting any tax breaks, Chavez said, and instead would be generating around $44 million in tax revenue for the city, school district and other taxing entities."" No Spanish Fork RDA/CRA project area or participation agreement naming Volition or the site was located. Utah's EDTIF programme excludes data centres and the UCA 59-12-104 exemption is self-executing.",Volition Industries,reported,250.0,planned_maximum,,,2026-09-08,Compute Atlas,volition-spanish-fork-ut,https://www.heraldextra.com/news/2026/aug/20/data-center-discussion-spanish-fork-city-council-delays-vote-for-amendments-that-could-pave-way-for-data-center/,,planned
SC,Union,reported,United States,,,,,34.708932747649,-81.662386821414,Project Alpaca (Midway Green Industrial Park),"Site address per the Union County Development Board's own park page is 265 Midway Drive, Union, SC 29379 (a secondary source gave 260 Midway Drive; the two geocode ~40m apart, consistent with the same industrial park). Coordinates geocoded from that street address via the US Census geocoder — not stated as facility coordinates by any source, and the industrial park spans multiple parcels so the specific building footprint is unconfirmed. No source names an AI-specific workload for this site, so aiClassification is omitted.",Volt Edge Energy,reported,49.0,planned_maximum,,,2026-09-22,Compute Atlas,volt-edge-project-alpaca-union-county-sc,https://www.foxcarolina.com/2026/05/05/union-county-data-center-tax-breaks-tabled-by-county-council/,,planned
UT,Orem,reported,United States,,,,,40.29816,-111.69443,Voonami Orem Data Center,"Subsidies checked at the municipal tier (2026-09-05): no site-level subsidy found. Voonami's 510 East Technology Way site sits inside the Canyon Park Technology Center, associated with Orem's Project 85-02 — but the same 2019 RDA minutes establishing only Project 90-08 remained active confirm 85-02 had already stopped collecting tax increment years before any current-year subsidy could apply, and current FY2026-27 RDA activity is entirely at the unrelated University Place CDA. No source names Voonami in any Orem RDA record. Utah's EDTIF programme excludes data centres and the UCA 59-12-104 exemption is self-executing.",Voonami,reported,2.0,unknown,,,2026-08-15,Compute Atlas,voonami-orem-ut,https://d36oiwf74r1rap.cloudfront.net/wp-content/uploads/2026/04/Data-Center-Growth-FS-Apr2026.pdf,,operational
AR,Bentonville,reported,United States,,,,,36.364241,-94.182712,Walmart Bentonville Data Center,"Walmart's East Data Center, on the David Glass Technology Center campus (DGTC) at 805 SE Moberly Ln, Bentonville. Identity, owner, address, county and coordinates are from the Arkansas DEQ Permit Data System facility record AFIN 04-01474, which names the site ""WAL-MART DGTC/ISD #9280"" with alternate name ""EAST DATA CENTER"", owner WALMART INC, status Active. Coordinates are ADEQ's own (36.364241, -94.182712; NAD83, ADEQ photo interpolation, measured 2013-02-04), which supersede the earlier US Census street geocode they sit ~87 m from. precision remains approximate: the campus holds several buildings and the specific data-hall footprint is not established. capacityMw omitted: the aggregator figures disagree (10-25 MW vs 12.884 MW) and neither is a primary source. ⚠ datacenter.fyi (source 1) additionally states the site ""connects to the El Paso Electric power grid"" — El Paso Electric serves only West Texas and southern New Mexico and has no Arkansas service territory, so that field is a data-quality error in that source and nothing from it is relied on beyond corroborating the site's existence.",Walmart,reported,12.884,unknown,,,2026-09-21,Compute Atlas,walmart-bentonville-data-center-ar,https://adeq.state.ar.us/home/pdssql/p_facil_details.aspx?AFINDash=04-01474&AFIN=0401474,,operational
NY,Sterling Forest (Town of Warwick),reported,United States,,,,,41.19592,-74.255576,Sterling Forest Business Resiliency Services Center (former IBM/Kyndryl Sterling Forest data center),"Long-standing enterprise/resiliency data center (IBM, then Kyndryl after the 2021 spin-off). Watchtower says the property 'will provide additional flexibility' for its internal databases and JW.ORG platform but specific plans 'remain unevaluated'; treat current use as continuing data-center operation pending confirmation.","Watchtower Bible and Tract Society of New York (acquired from Kyndryl, June 2026)",reported,8.75,unknown,68.0,acre,2026-09-21,Compute Atlas,watchtower-sterling-forest-warwick-ny,https://rcbizjournal.com/2026/07/06/jehovahs-witnesses-buy-data-center-in-warwick-religious-order-continues-to-expand-footprint-in-hudson-valley/,,operational
KY,La Grange,confirmed,United States,,,,,38.39861,-85.375,Project Lincoln: OC Data Center,"This record covers the original 267-acre 'Project Lincoln' filing. Confirmed absence: no source fetched in this run documents the final disposition of the smaller, relocated ~100MW alternative proposal — a maintainer should re-check before treating the whole Western Hospitality Partners effort in Oldham County as fully closed.",Western Hospitality Partners,reported,600.0,planned_maximum,267.3,acre,2026-09-10,Compute Atlas,western-hospitality-partners-project-lincoln-oldham-county-ky,https://www.pmg-ky1.com/oldham_era/news/6-billion-oc-data-center-planned-on-highway-53/article_af7b318a-fb9e-58fb-9b6f-c86c63b14f4d.html,,planned
NY,Yaphank,reported,United States,,,,,40.832188,-72.929969,"Brookhaven Digital Infrastructure Facility (WF Industrial / Wildflower, Yaphank)","No confirmed street address found as of 2026-09-13 -- sources describe the parcel only as 'west of Sills Road, north side of the LIE North Service Road' in Yaphank. Coordinates are the Yaphank hamlet centroid (OSM Nominatim), NOT the parcel -- disclosed here per contract rule H; do not treat as parcel-level precision.",WF Industrial (Wildflower),reported,176.6,planned_maximum,71.0,acre,2026-09-21,Compute Atlas,wf-industrial-yaphank-ny,https://www.longislandpress.com/2026/07/15/moratorium-data-centers-state/,,planned
MO,Barnard,reported,United States,,,,,40.2528,-94.9436,White Cloud Acres,"Scale Microgrids (acquired by EQT Transition Infrastructure, Jan 2025) proposal remains in the planning/discussion phase as of 2026-04-29 reporting; Nodaway County enacted a temporary moratorium on new data center proposals dated 2026-07-21. Organized opposition group 'Nodaway Says No' has drawn 7,000+ petition signatures. Nodaway County has no zoning ordinance, limiting regulatory oversight.",Scale Microgrids,reported,600.0,planned_maximum,,,2026-08-24,Compute Atlas,white-cloud-acres-barnard-mo,https://nodaway.org/6270/proposed-4-billion-white-cloud-acres-ai-data-center-in-rural-barnard/,,planned
NC,Madison,confirmed,United States,,,,,36.3801,-79.9692,WhiteFiber NC-1 AI Data Center Campus,"Operator is WhiteFiber (Bit Digital's AI unit); Nscale is the 40 MW anchor tenant (10-year, ~$865M total contract value = revenue, not capex — in notes). ~1M sq ft, up to 150 kW/cabinet, 99 MW secured from Duke Energy, 200 MW eventual site potential (planned figure). $150M WhiteFiber equity. Madison is in Rockingham County, NC. Coordinates are the Madison town centroid. Property acquired for $45M (2025, from Unifi); the total buildout described as 'over $1B' is conditional on reaching 200 MW -> investmentUsd omitted. ~60 permanent jobs (~$67k avg) were pledged (Rockingham County) - a commitment, with the facility still under construction -> jobs honest-zero. Cooling type not publicly disclosed -> water honest-zero.",WhiteFiber (Bit Digital),reported,24.0,unknown,96.0,acre,2026-08-29,Compute Atlas,whitefiber-nc1-madison-nc,https://www.datacenterdynamics.com/en/news/nscale-agrees-865m-deal-for-40mw-of-space-at-whitefiber-data-center-in-north-carolina/,,operational
NC,Madison,confirmed,United States,,,,,36.3801,-79.9692,WhiteFiber NC-1 AI Data Center Campus,"Operator is WhiteFiber (Bit Digital's AI unit); Nscale is the 40 MW anchor tenant (10-year, ~$865M total contract value = revenue, not capex — in notes). ~1M sq ft, up to 150 kW/cabinet, 99 MW secured from Duke Energy, 200 MW eventual site potential (planned figure). $150M WhiteFiber equity. Madison is in Rockingham County, NC. Coordinates are the Madison town centroid. Property acquired for $45M (2025, from Unifi); the total buildout described as 'over $1B' is conditional on reaching 200 MW -> investmentUsd omitted. ~60 permanent jobs (~$67k avg) were pledged (Rockingham County) - a commitment, with the facility still under construction -> jobs honest-zero. Cooling type not publicly disclosed -> water honest-zero.",WhiteFiber (Bit Digital),reported,200.0,planned_maximum,96.0,acre,2026-08-29,Compute Atlas,whitefiber-nc1-madison-nc,https://www.datacenterdynamics.com/en/news/nscale-agrees-865m-deal-for-40mw-of-space-at-whitefiber-data-center-in-north-carolina/,,planned
PA,Archbald,reported,United States,,,,,41.51,-75.54,Wildcat Ridge AI Data Center Campus,"Business Route 6 / Wildcat Rd; 400-574 acres (a range across sources, so omitted from landAcres). 14 three-story buildings, ~17.2M sq ft total. In zoning approval process; developer 'resting its case' as of June 2026. One of three competing, previously-untracked proposals in the Lackawanna County cluster (see also Project Gravity and Triboro Industrial Park, both added this session). Coordinates are approximate.",Cornell Realty Management,reported,1600.0,planned_maximum,,,2026-07-26,Compute Atlas,wildcat-ridge-archbald-lackawanna-county-pa,https://www.desmog.com/2026/03/11/data-centers-are-poised-to-engulf-a-pennsylvania-town/,,planned
VA,,reported,United States,,,,,36.99,-82.53,Wise Innovation Hub (OASIS),"Phased technology/data-center hub planned over ~10 years at the Lonesome Pine Regional Business & Technology Park (adjacent to Lonesome Pine Regional Airport) on former mined land in Wise County — a multi-tenant cluster co-located with the existing Mineral Gap data center. Developer Wise Innovation Hub Venture LLC (branded 'OASIS') signed a 2025-12-18 LOI with Red Post Energy for dedicated power; compute capacity and named end-users not yet disclosed, so capacity is omitted.",Wise Innovation Hub Venture LLC,reported,600.0,planned_maximum,,,2026-09-14,Compute Atlas,wise-innovation-hub-wise-va,https://cardinalnews.org/2026/02/25/data-center-complex-with-gas-power-plant-planned-for-wise-county/,,planned
TN,Memphis,confirmed,United States,,,,,34.997983,-90.0348672,Colossus 2 (Whitehaven),"Second, physically separate xAI Memphis site, distinct from the Colossus campus at 3231 Paul R Lowry Road in Boxtown. DCD (2025-03-10) reports xAI affiliate CTC Properties bought three parcels at 5400 Tulane Road in Whitehaven for $80m: an existing 1 million sq ft warehouse plus two adjacent sites totalling 100 acres. The $80m figure is the land purchase price recorded in property records, not total project investment. ADDRESS DISCREPANCY: DCD gives 5400 Tulane Road; Wikipedia gives 5420 Tulane Road. 5400 is recorded because it is the figure in the earlier, better-attributed source, and the coordinates are a geocode of that address, not a confirmed parcel boundary. Status moved to operational on Wikipedia's account that the first major cluster came online around January 2026; Wikipedia is a weak source and this is the reason confidence stays at 'confirmed' only for the site's existence, not for its capacity. No capacityMw is recorded: Memphis Light Gas and Water was asked for a system-impact study for up to 260MW and xAI's Brent Mayo said the site could host up to 350,000 GPUs, but both are stated intentions, and the widely quoted 1 GW / 2 GW figures were not confirmed in any source fetched for this record. POWER IS LARGELY OUT OF STATE: the behind-the-meter gas-turbine plant reported to serve this site sits at Stanton Road in Southaven, MISSISSIPPI, so it is not a Tennessee facility and is deliberately not recorded here. PIN CORRECTED 2026-09-13: the previous coordinate (34.999654,-90.04295) was a bare OSM address POINT for 5400 Tulane Road (place=house, ~11m x 9m, no building geometry), sitting 759 m from the warehouse it was meant to mark. The pin is now the centroid of OSM building way 1386926534, explicitly tagged name=""xAI Macrohard Colossus 2"", operator=xAI, telecom=data_center, addr:housenumber=5420 (way version 3, last edited 2025-12-31). Its footprint measures 511 m x 176 m = 969,472 sq ft, matching the 1 million sq ft warehouse this record describes to within 3%, and Nominatim resolves ""5420 Tulane Road"" directly to it. This also RESOLVES the address discrepancy above rather than choosing a side: 5400 is the property-record address for the three-parcel, 100-acre assemblage (kept in location.street, per the cited DCD source), while 5420 is the warehouse building itself. precision remains ""approximate"": the pin is a crowd-sourced OSM footprint corroborated by Wikipedia, NOT a parcel-confirmed point -- Shelby County assessor records returned 403 and could not be checked. Upgrading to ""exact"" needs that parcel record.",xAI,reported,210.0,unknown,100.0,acre,2026-09-21,Compute Atlas,xai-colossus-2-memphis-tn,https://web.archive.org/web/20250517234219/https://www.datacenterdynamics.com/en/news/elon-musks-xai-buys-one-million-sq-ft-site-for-second-memphis-data-center/,,operational
TN,Memphis,reported,United States,,,,,35.0565,-90.0148,Colossus,"Subsidies checked 2026-09-09: confirmed absence. Unlike the usual Memphis path, xAI did not obtain a PILOT or any formally granted incentive for the Memphis site, so the subsidies field is deliberately left empty rather than unknown. The site is instead expected to pay more than $30 million in combined Memphis and Shelby County property taxes. CORRECTION: energy.notes currently states 'an SELC/NAACP appeal stays that permit' -- this is stale. The Memphis and Shelby County Air Pollution Control Board voted 6-1 on 2025-12-15 to dismiss the NAACP/Young, Gifted & Green appeal of Air Permit No. 01156-01PC as moot, ending the appeal-triggered stay. Recommend energy.notes be updated to reflect that the appeal was dismissed (not that it currently stays anything), and that community.notes (currently 'an SELC/NAACP appeal to the Shelby County Air Pollution Control Board stays it') be updated the same way. Separately, a 2026-04-14 federal Clean Air Act suit (NAACP v. X.AI Corp. and MZX Tech LLC, No. 3:26-cv-00074, N.D. Miss.) is ongoing, but its claims target xAI's Southaven, MS 'Colossus Gas Plant' (MZX Tech LLC, 2875 Stanton Road South) -- a different facility -- not this Memphis site or CTC Property LLC, which is not a named defendant; it cites this site's turbine history only as background evidence of a pattern. Full primary-source detail (including that the permit covers 15 turbines permanently, not 35) is now captured in the companion new-facility record xai-colossus-1-turbines-memphis-tn. CORRECTION (sourcing quality, not fact): sources[0] and sources[5] both cite en.wikipedia.org/wiki/Colossus_(supercomputer), an aggregator-tier source, for this site of all sites. sources[0] is the sourceIndex behind statusHistory[0] ('Construction began; completed in approximately 122 days', dated 2024-06). Primary/official and named-quote replacements found and fetched this run: (1) NVIDIA's own newsroom press release (2024-10-28, official/primary) states Colossus was 'built by xAI and NVIDIA in just 122 days, instead of the typical timeframe' and comprises '100,000 NVIDIA Hopper GPUs in Memphis, Tennessee'; (2) Fortune (2025-03-14) quotes Super Micro CEO Charles Liang on the record: 'It took Elon and Super Micro only 122 days to finish,' adding it would usually take a year or longer. Per instructions, I have NOT attempted to delete or reorder the existing Wikipedia citations myself -- these two sources are offered as additions for the maintainer to use when manually reordering/replacing sources[0] and sources[5].",xAI,reported,150.0,unknown,,,2026-09-10,Compute Atlas,xai-colossus-memphis-tn,https://en.wikipedia.org/wiki/Colossus_(supercomputer),,operational
TN,Memphis,reported,United States,,,,,35.0565,-90.0148,Colossus,"Subsidies checked 2026-09-09: confirmed absence. Unlike the usual Memphis path, xAI did not obtain a PILOT or any formally granted incentive for the Memphis site, so the subsidies field is deliberately left empty rather than unknown. The site is instead expected to pay more than $30 million in combined Memphis and Shelby County property taxes. CORRECTION: energy.notes currently states 'an SELC/NAACP appeal stays that permit' -- this is stale. The Memphis and Shelby County Air Pollution Control Board voted 6-1 on 2025-12-15 to dismiss the NAACP/Young, Gifted & Green appeal of Air Permit No. 01156-01PC as moot, ending the appeal-triggered stay. Recommend energy.notes be updated to reflect that the appeal was dismissed (not that it currently stays anything), and that community.notes (currently 'an SELC/NAACP appeal to the Shelby County Air Pollution Control Board stays it') be updated the same way. Separately, a 2026-04-14 federal Clean Air Act suit (NAACP v. X.AI Corp. and MZX Tech LLC, No. 3:26-cv-00074, N.D. Miss.) is ongoing, but its claims target xAI's Southaven, MS 'Colossus Gas Plant' (MZX Tech LLC, 2875 Stanton Road South) -- a different facility -- not this Memphis site or CTC Property LLC, which is not a named defendant; it cites this site's turbine history only as background evidence of a pattern. Full primary-source detail (including that the permit covers 15 turbines permanently, not 35) is now captured in the companion new-facility record xai-colossus-1-turbines-memphis-tn. CORRECTION (sourcing quality, not fact): sources[0] and sources[5] both cite en.wikipedia.org/wiki/Colossus_(supercomputer), an aggregator-tier source, for this site of all sites. sources[0] is the sourceIndex behind statusHistory[0] ('Construction began; completed in approximately 122 days', dated 2024-06). Primary/official and named-quote replacements found and fetched this run: (1) NVIDIA's own newsroom press release (2024-10-28, official/primary) states Colossus was 'built by xAI and NVIDIA in just 122 days, instead of the typical timeframe' and comprises '100,000 NVIDIA Hopper GPUs in Memphis, Tennessee'; (2) Fortune (2025-03-14) quotes Super Micro CEO Charles Liang on the record: 'It took Elon and Super Micro only 122 days to finish,' adding it would usually take a year or longer. Per instructions, I have NOT attempted to delete or reorder the existing Wikipedia citations myself -- these two sources are offered as additions for the maintainer to use when manually reordering/replacing sources[0] and sources[5].",xAI,reported,1200.0,planned_maximum,,,2026-09-10,Compute Atlas,xai-colossus-memphis-tn,https://en.wikipedia.org/wiki/Colossus_(supercomputer),,planned
MS,Southaven,confirmed,United States,,,,,34.993,-89.974,xAI Southaven,"Address: 2400 Stateline Road, Southaven, MS 38671 (near Tennessee border); coordinates are approximate for that address. The $20B investment figure covers total xAI Mississippi commitments including adjacent power plant site, not only this building. Facility is distinct from the already-tracked Colossus supercomputer clusters in Memphis, TN. Combined with Memphis facilities, xAI aims for nearly 2 GW total compute capacity. Fix: jobs.sourceIndex corrected from 0 to 1; the specific 145-person figure is reported by Mississippi Free Press (source 1), not the governor's press release (source 0) which states only 'hundreds of permanent jobs.'",xAI,reported,2000.0,planned_maximum,,,2026-09-09,Compute Atlas,xai-southaven-ms,https://governorreeves.ms.gov/tech-leader-xai-investing-more-than-20-billion-in-southaven/,,planned
VA,Manassas,confirmed,United States,,,,,38.7509,-77.4753,Yondr Manassas Data Center Campus,"The announcement names Manassas but no street address or parcel, so coordinates are an approximate city-level geocode. Distinct from the tracked CloudHQ Manassas MCC Campus and Iron Mountain VA-6 (different operators and sites).",Yondr Group / Cerberus Capital Management,reported,72.0,planned_maximum,40.0,acre,2026-08-27,Compute Atlas,yondr-cerberus-manassas-va,https://www.cerberus.com/media/cerberus-and-yondr-acquire-40-acres-in-northern-virginia-to-build-72mw-data-center/,,planned
UT,Burmester,reported,United States,,,,,40.748,-112.674,Tooele Valley Data Center Campus,"500MW on-site gas-fired data center campus (~200-600 acre portion of a larger ~600-acre Tooele Valley Public Infrastructure District development that also includes a truck stop, hotel, and warehouses near I-80); backed by Utah Inland Port Authority financing. Developer plans a reverse-osmosis plant discharging ~250,000 gallons/day of brine into Great Salt Lake wetlands, drawing significant local opposition. Subsidies checked (2026-09-08): no site-level subsidy confirmed for this parcel. A $4.875M Utah Inland Port Authority Infrastructure Bank loan was reported in April 2024 to Zenith Bolinder, LLC — the Delaware LLC that petitioned UIPA in March 2024 to create the Tooele Valley Public Infrastructure District, representing 100% of surface property owners within it, and which KSL describes as ""a partnership with longtime Utah developer Zenith Development""; Charles Akerlow appears both as the petition's contact sponsor and as Zenith Development's managing director. The two are affiliated but are not the same legal entity, the loan terms were not confirmed against a primary document, and the district's boundary exhibit is a scanned image that could not be read — so whether that loan reaches this data-centre parcel is unresolved. UIPA's executive director stated in July 2026 that the authority's involvement covers transportation within a 600-acre portion and does not extend to the southern section planned for the data centre.",Zenith Development,reported,500.0,planned_maximum,,,2026-08-25,Compute Atlas,zenith-tooele-valley-burmester-ut,https://www.yahoo.com/news/us/articles/500mw-utah-data-center-wants-150431818.html,,planned
NM,Roswell,confirmed,United States,,,,,33.14,-104.52,Zenith Volts Roswell / Chaves County Data Center,"Approximately 20 miles south of Roswell. Chaves County Commission approved; 300-acre initial footprint within an 8,500-acre approved site. On-site solar, gas, geothermal, and battery storage. Targets November 2027 operational; approximately 140 FTE jobs.",Zenith Volts Corp.,reported,1240.0,planned_maximum,300.0,acre,2026-09-21,Compute Atlas,zenith-volts-roswell-chaves-county-data-center-nm,https://www.prnewswire.com/news-releases/zenith-volts-corp-secures-county-approval-for-scalable-data-center-20-miles-south-of-roswell-nm-targeting-operation-by-november-2027-302537746.html,,planned
