facility_id,name,country,latitude,longitude,power_mw,power_type,power_method,status,source_urls,last_verified
us-123net-southfield-dc1,123NET Southfield DC1,United States,42.4716416,-83.2380417,4.0,it_load,source_reported_or_compiled,operational,https://www.123.net/news/123net-expands-dc1/;https://www.peeringdb.com/api/fac?state=MI&limit=250;https://www.123.net/data-center-colocation/,
us-1623-farnam,1623 Farnam,United States,41.2578,-95.9375,8.0,it_load,source_reported_or_compiled,operational,http://web.archive.org/web/20250830145932/https://www.datacenterdynamics.com/en/news/1623-farnam-adds-15mw-to-omaha-data-center-in-nebraska/;https://www.1623farnam.com/omaha-edge-data-center/,
us-165-halsey-street,165 Halsey Street,United States,40.7369,-74.1739,80.0,it_load,source_reported_or_compiled,operational,https://www.165halsey.com/about-us/;https://www.165halsey.com/;https://baxtel.com/data-center/165-halsey-street;https://en.wikipedia.org/wiki/165_Halsey_Street;https://www.databank.com/data-centers/new-jersey/,
us-365-data-centers-bridgewater,365 Data Centers Bridgewater,United States,40.5814424,-74.5738875,2.3,it_load,source_reported_or_compiled,operational,"https://365datacenters.com/new-jersey-data-center/;https://nominatim.openstreetmap.org/search?q=999+Frontier+Road,+Bridgewater,+New+Jersey&format=json&limit=5;https://www.peeringdb.com/api/fac?name__contains=365%20Data&state=NJ",
us-365-data-centers-carlstadt-nj3,365 Data Centers Carlstadt (NJ3),United States,40.827949,-74.049418,18.0,it_load,source_reported_or_compiled,operational,https://365datacenters.com/carlstadt-data-center/;https://www.peeringdb.com/api/fac?name__contains=365%20Data&state=NJ,
us-365-data-centers-long-island-commack,365 Data Centers Long Island (Commack),United States,40.8242092,-73.2929267,6.0,it_load,source_reported_or_compiled,operational,https://365datacenters.com/commack/;https://www.prnewswire.com/news-releases/365-data-centers-acquires-commack-long-island-data-center-from-mindshift-technologies-300998269.html;https://nominatim.openstreetmap.org/search?q=500+Commack+Road%2C+Commack%2C+NY+11725&format=json&limit=3&addressdetails=1,
us-365-data-centers-marlborough-ma1,365 Data Centers Marlborough (MA1),United States,42.3527,-71.58411,2.8,it_load,source_reported_or_compiled,operational,https://365datacenters.com/marlborough-data-center/;https://365datacenters.com/greater-boston/;https://www.peeringdb.com/fac/16129,
us-60-hudson-street,60 Hudson Street,United States,40.71767,-74.008348,15.0,it_load,source_reported_or_compiled,operational,https://www.sec.gov/Archives/edgar/data/1994342/000153949723001716/n3791_x3-ts.htm;https://www.datacenterdynamics.com/en/news/hudson-ix-to-add-2mw-of-capacity-at-60-hudson-in-nyc/;https://services5.arcgis.com/GfwWNkhOj9bNBqoJ/arcgis/rest/services/MAPPLUTO/FeatureServer/0/query?where=BBL%3D1001440040&outFields=*&f=json;https://www.arcgis.com/home/item.html?id=597555ce8e4a4892a030784a7c657fdd,
us-75-broad-street-broad-street-connect-carrier-hotel,75 Broad Street (Broad Street Connect carrier hotel),United States,40.7045967,-74.011221,12.5,it_load,source_reported_or_compiled,operational,https://www.nyi.net/solutions/colocation-data-centers/new-york/broad-street-connect/;https://baxtel.com/data-center/75-broad-street,
us-aaim-data-centers-blue-earth-minnesota-1,AAIM Data Centers — Blue Earth (Minnesota 1),United States,43.635,-94.098,15.0,it_load,source_reported_or_compiled,operational,https://www.aaimdc.com/data-centers/minnesota/;https://www.aaimdc.com/aaim-to-launch-cutting-edge-data-center-in-blue-earth-minnesota/;https://www.aaimdc.com/news/aaim-to-launch-cutting-edge-data-center-in-blue-earth-minnesota/;https://www.aaimdc.com/news/aaim-secures-additional-80-mw-at-minnesota-1/,
us-at-t-redwood-city-data-center,AT&T Redwood City Data Center,United States,37.4806769,-122.2007195,4.0,it_load,source_reported_or_compiled,operational,https://cloudandcolocation.com/datacenters/att-redwood-city-data-center/,
us-aws-cumulus-data-center-campus-salem-township,"AWS Cumulus Data Center Campus, Salem Township",United States,41.0949,-76.1452,48.0,it_load,source_reported_or_compiled,operational,"https://www.datacenterdynamics.com/en/news/aws-acquires-talens-nuclear-data-center-campus-in-pennsylvania/;https://ir.talenenergy.com/news-releases/news-release-details/talen-energy-expands-nuclear-energy-relationship-amazon;https://www.tmia.com/sites/tmia.com/files/media/Amazon%20Testimony,%20(8_1_24)-2.pdf;https://technical.ly/civics/amazon-data-centers-tax-break/;https://blackchronicle.com/mid-atlantic/pennsylvania/big-money-enforced-silence-play-roles-in-pennsylvanias-data-center-push/;https://measuredai.substack.com/p/amazon-susquehanna-data-center-campus;https://www.timesleader.com/news/1752841/developers-tout-impacts-of-3-data-center-campuses-zoning-meeting-set-for-wednesday-on-4-3-glenbrook-group-project",
us-acehost-marion-mining-facility,AceHost Marion Mining Facility,United States,27.946873,-82.455567,3.0,it_load,source_reported_or_compiled,operational,https://www.acehost.com/crypto-mining-colocation.php;https://www.gem.wiki/Acehost_Hillsborough_County_facility_1;https://geocoding.geo.census.gov/geocoder/locations/onelineaddress?address=203%20N%20Marion%20St%2C%20Tampa%2C%20FL%2033602&benchmark=Public_AR_Current&format=json,
us-agriforce-bitcoin-mining-facility-east-palestine,AgriFORCE Bitcoin Mining Facility — East Palestine,United States,40.8326,-80.5432,2.0,it_load,source_reported_or_compiled,operational,https://www.globenewswire.com/news-release/2025/05/14/3081168/0/en/AGRIForce-Announces-Completion-of-500-Miner-Delivery-for-Installation-at-East-Palestine-Ohio-Bitcoin-Mining-Site.html;https://www.globenewswire.com/news-release/2025/01/23/3014358/0/en/AgriFORCE-Growing-Systems-Secures-Acquisition-of-Bitcoin-Mining-Facility-in-Columbiana-County-Ohio.html,
us-agriforce-bitcoin-mining-facility-west-point,AgriFORCE Bitcoin Mining Facility — West Point,United States,40.662,-80.702,3.0,it_load,source_reported_or_compiled,operational,https://www.globenewswire.com/news-release/2025/05/14/3081168/0/en/AGRIForce-Announces-Completion-of-500-Miner-Delivery-for-Installation-at-East-Palestine-Ohio-Bitcoin-Mining-Site.html;https://www.globenewswire.com/news-release/2025/01/23/3014358/0/en/AgriFORCE-Growing-Systems-Secures-Acquisition-of-Bitcoin-Mining-Facility-in-Columbiana-County-Ohio.html,
us-ainet-cybernap,AiNET CyberNAP,United States,39.169,-76.612,80.0,it_load,source_reported_or_compiled,operational,https://www.ai.net/cybernap/;https://cloudandcolocation.com/datacenters/ainet-glen-burnie-cybernap-data-center/,
us-ainet-one-market-center-baltimore-carrier-hotel,AiNET One Market Center (Baltimore Carrier Hotel),United States,39.291652966378,-76.619738877727,80.0,it_load,source_reported_or_compiled,operational,https://www.ai.net/carrierhotel/,
us-alborz-bitcoin-mine,Alborz Bitcoin Mine,United States,35.012,-101.9165,40.0,it_load,source_reported_or_compiled,operational,https://www.prnewswire.com/news-releases/canaan-inc-acquires-cipher-minings-interest-in-multiple-operational-mining-projects-totaling-4-4-ehs-in-west-texas-302694773.html;https://baxtel.com/data-center/canaan-alborz;https://www.theblock.co/post/162413/cipher-mining-completes-40-megawatt-wind-powered-site-in-texas,
us-aligned-dfw-01,Aligned DFW-01,United States,33.0093142,-96.6765617,60.0,it_load,source_reported_or_compiled,operational,https://aligneddc.com/dallas-data-centers/;https://www.openstreetmap.org/way/483286527;https://baxtel.com/data-center/aligned-plano,
us-aligned-iad-01,Aligned IAD-01,United States,39.0136079,-77.4705563,60.0,it_load,source_reported_or_compiled,operational,https://aligneddc.com/northern-virginia-data-centers/;https://www.openstreetmap.org/way/793622740;https://www.arcgis.com/home/item.html?id=597555ce8e4a4892a030784a7c657fdd;https://www.datacenters.com/aligned-energy-iad01-ashburn,
us-aligned-ord-01,Aligned ORD-01,United States,41.9140034,-87.9175163,48.0,it_load,source_reported_or_compiled,operational,https://aligneddc.com/chicago/;https://www.openstreetmap.org/way/1217649348;https://www.arcgis.com/home/item.html?id=597555ce8e4a4892a030784a7c657fdd;https://aligneddc.com/wp-content/uploads/2024/10/ALI_ChicagoBldgSpecs241015.pdf;https://aligneddc.com/chicago-data-centers/;https://www.datacenterknowledge.com/energy-power-supply/aligned-launches-one-chicago-data-center-and-breaks-ground-on-another;https://www.datacenters.com/aligned-energy-ord-01-chicago;https://static.datacentermap.com/company/aligned-data-centers/datacenter9222/Aligned%20Chicago%20ORD-01%20Spec%20Sheet.pdf,
us-aligned-salt-lake-city-campus-slc-01-02-03,Aligned Salt Lake City Campus (SLC-01/02/03),United States,40.5861,-111.96973,48.0,it_load,source_reported_or_compiled,operational,https://aligneddc.com/salt-lake-city-data-centers/;https://www.datacenterfrontier.com/cloud/article/11428310/aligned-continues-its-expansion-with-second-salt-lake-city-data-center;https://d36oiwf74r1rap.cloudfront.net/wp-content/uploads/2026/04/Data-Center-Growth-FS-Apr2026.pdf;https://www.deseret.com/2018/11/27/20659830/jordan-school-board-votes-to-support-tax-incentives-for-paypal-data-center-in-west-jordan/;https://kutv.com/news/local/pay-pal-commits-to-west-jordan-will-get-68-million-in-tax-rebates;https://www.ksl.com/article/46451408/west-jordan-paypal-data-center-is-just-1-step-away-from-being-approved,
us-amazon-data-center-sf011-26415-corporate-avenue,Amazon Data Center SF011 (26415 Corporate Avenue),United States,37.626012,-122.1133978,35.0,it_load,source_reported_or_compiled,operational,https://www.hayward-ca.gov/business/for-developers/data-center-development-applications;https://www.hayward-ca.gov/sites/default/files/2026-06/CMO-Data-Centers-Amazon-Data-Center-SF011-150312.pdf,
us-amazon-data-center-sf09-26464-corporate-avenue,Amazon Data Center SF09 (26464 Corporate Avenue),United States,37.6263578,-122.1128762,24.0,it_load,source_reported_or_compiled,operational,https://www.hayward-ca.gov/business/for-developers/data-center-development-applications;https://www.hayward-ca.gov/sites/default/files/2026-06/CMO-Data-Centers-Amazon-Data-Center-SF09-121005.pdf,
us-amazon-project-rainier,Amazon Project Rainier,United States,41.6978,-86.5117,590.0,it_load,source_reported_or_compiled,operational,https://www.cnbc.com/2025/10/29/amazon-opens-11-billion-ai-data-center-project-rainier-in-indiana.html;https://iedc.in.gov/events/news/details/2024/04/25/gov.-holcomb-announces-amazon-web-services-plans-to-invest-11b-to-create-a-new-data-center-campus-in-northern-indiana;https://www.insideindianabusiness.com/articles/incentives-approved-for-amazon-data-center-project;https://www.datacenterdynamics.com/en/news/st-joseph-county-leaders-approve-11bn-amazon-data-center-in-indiana/;https://measuredai.substack.com/p/aws-new-carlisle-data-center-campus;https://wsbt.com/news/local/wetland-impact-idem-sends-letter-halts-some-work-over-amazons-data-center-construction-impact;https://wsbt.com/news/local/amazons-project-rainier-starts-operations-create-jobs-ai-billion-dollar-project-near-new-carlisle-st-joseph-county-indiana,
us-american-bitcoin-niagara-falls-alpha-site,"American Bitcoin — Niagara Falls (""Alpha Site"")",United States,43.082124888357896,-79.03094758819105,50.0,it_load,source_reported_or_compiled,operational,https://www.hut8.com/our-platform;https://www.coindesk.com/business/2023/02/07/bitcoin-miners-hut-8-us-bitcoin-corp-announce-merger;https://www.coindesk.com/policy/2023/04/05/us-bitcoin-corp-expected-to-settle-with-city-to-resume-mining-in-niagara-falls;https://bitcoinmagazine.com/business/us-bitcoin-corp-reaches-tentative-settlement-with-city-of-niagara-falls,
us-american-express-whitsett-data-center-ipc2,American Express Whitsett Data Center (IPC2),United States,36.0712466,-79.5644686,30.0,it_load,source_reported_or_compiled,operational,https://baxtel.com/data-center/american-express-ipc2-whitsett-nc;https://baxtel.com/data-center/winston-salem-greensboro;https://nominatim.openstreetmap.org/search?format=jsonv2&q=Whitsett%2C%20Guilford%20County%2C%20North%20Carolina,
us-applied-digital-jamestown-facility,Applied Digital Jamestown Facility,United States,47.029587,-98.679092,106.0,it_load,source_reported_or_compiled,operational,https://www.sec.gov/Archives/edgar/data/1144879/000114487926000030/apld-20260228.htm,
us-applied-digital-polaris-forge-1,Applied Digital Polaris Forge 1,United States,46.003,-98.509,100.0,it_load,source_reported_or_compiled,operational,https://ir.applieddigital.com/news-events/press-releases/detail/123/applied-digital-announces-250mw-ai-data-center-lease-with;https://www.datacenterdynamics.com/en/news/applied-digital-completes-first-data-center-building-at-north-dakota-campus/;https://northernsentry.com/2024/12/19/a-shot-in-the-arm-for-ellendale/;https://www.inforum.com/news/north-dakota/applied-digital-plans-to-expand-in-ellendale-nd,
us-aptum-miami-data-center-doral,Aptum Miami Data Center — Doral,United States,25.795634,-80.342656,2.0,it_load,source_reported_or_compiled,operational,https://inflect.com/building/2300-northwest-89th-place-doral/peer-1-hosting/datacenter/2300-northwest-89th-place,
us-archgreen-grand-island-data-center,ArchGreen Grand Island Data Center,United States,40.9423,-98.4551,12.5,it_load,source_reported_or_compiled,operational,http://web.archive.org/web/20250617124426/https://theindependent.com/news/local/cryptocurrency-mining-facility-approved-west-of-grand-island/article_3398e77c-96bd-11ed-aebb-0392fcb8f348.html;https://www.arch-green.com/project-1-3;http://web.archive.org/web/20250725014450/https://theindependent.com/news/state-regional/government-politics/cryptcurrency-data-center-hall-county/article_68269ee2-67ac-11ee-8b8f-9f5eb8250db6.html;https://servercountry.org/data/states/nebraska/,
us-ardent-data-centers-pittsburgh-mckees-rocks,Ardent Data Centers Pittsburgh (McKees Rocks),United States,40.4646,-80.081,5.0,it_load,source_reported_or_compiled,operational,https://www.prnewswire.co.uk/news-releases/ardent-data-centers-a-northern-data-group-company-completes-acquisition-of-pennsylvania-data-center-302040653.html;https://www.cleanview.co/data-centers/pennsylvania,
us-ark-data-centers-akron-i-fka-involta,Ark Data Centers Akron I (fka Involta),United States,41.057162,-81.521388,1.0,it_load,source_reported_or_compiled,operational,https://www.involta.com/data-centers/data-center-locations/ohio/akron/;https://www.datacentermap.com/usa/ohio/akron/involta-akron/;https://www.arcgis.com/home/item.html?id=597555ce8e4a4892a030784a7c657fdd;https://businessjournaldaily.com/involta-sees-tremendous-market-in-ohio/;https://www.prnewswire.com/news-releases/involta-llc-announces-plan-to-build-enterprise-data-center-in-akron-ohio-101806913.html;https://signalakron.org/4-5-million-tax-credit-will-help-data-center-expand-in-akron/,
us-ark-data-centers-akron-ii-fka-involta,Ark Data Centers Akron II (fka Involta),United States,41.057297,-81.521336,1.0,it_load,source_reported_or_compiled,operational,https://www.involta.com/data-centers/data-center-locations/ohio/akron/;https://www.datacentermap.com/usa/ohio/akron/involta-akron-2/;https://www.arcgis.com/home/item.html?id=597555ce8e4a4892a030784a7c657fdd;https://businessjournaldaily.com/involta-sees-tremendous-market-in-ohio/;https://signalakron.org/4-5-million-tax-credit-will-help-data-center-expand-in-akron/,
us-ark-data-centers-marion-cedar-rapids,Ark Data Centers Marion (Cedar Rapids),United States,42.0341,-91.5871,0.81,it_load,source_reported_or_compiled,operational,https://www.arkdna.com/data-centers/iowa/,
us-armstrong-power-natural-gas-plant,Armstrong Power Natural Gas Plant,United States,40.667,-79.417,688.0,it_load,source_reported_or_compiled,operational,http://paenvironmentdaily.blogspot.com/2026/04/dep-invites-comments-on-title-v-air.html;https://files.dep.state.pa.us/air/AirQuality/AQPortalFiles/Permits/PermitDocuments/1534781%5B03-00975%5D_Issued_v1.pdf,
us-aspen-creek-digital-olathe-solar-bitcoin-mine,Aspen Creek Digital — Olathe Solar Bitcoin Mine,United States,38.5986,-107.973,6.0,it_load,source_reported_or_compiled,operational,https://www.gem.wiki/Aspen_Creek_Digital_Corporation_Montrose_County_facility,
us-atlas-power-data-center-williston,Atlas Power Data Center (Williston),United States,48.147,-103.618,240.0,it_load,source_reported_or_compiled,operational,https://baxtel.com/data-center/atlas-power-williston-north-dakota;https://www.inforum.com/news/north-dakota/northwest-north-dakota-commission-directs-co-op-to-cut-power-to-crypto-data-center;https://www.yesenergy.com/blog/crypto-mining-power-consumption-atlas-power,
us-bit-mining-viking-data-centers-akron,BIT Mining / Viking Data Centers — Akron,United States,41.050056,-81.473621,83.0,it_load,source_reported_or_compiled,operational,https://www.yahoo.com/news/one-chinas-biggest-bitcoin-mining-110157142.html;https://www.vikingdata.io/about-us;https://www.prnewswire.com/news-releases/bit-mining-increases-investment-in-ohio-cryptocurrency-mining-site-301402112.html;https://baxtel.com/data-center/bit-mining-ohio,
us-bayou-galion-solar,Bayou Galion Solar,United States,32.79754,-91.78413,127.0,it_load,source_reported_or_compiled,operational,https://recurrentenergy.com/project/bayou-galion-solar/;https://www.entergy.com/wp-content/uploads/15/Entergy-renewable-portfolio.pdf;https://services2.arcgis.com/FiaPA4ga0iQKduv3/arcgis/rest/services/Power_Plants_in_the_US/FeatureServer/0/query?where=State%3D%27Louisiana%27+AND+PrimSource%3D%27solar%27&outFields=*&f=json&resultRecordCount=200,
us-bear-bitcoin-mine,Bear Bitcoin Mine,United States,32.2691,-102.6042,40.0,it_load,source_reported_or_compiled,operational,https://www.prnewswire.com/news-releases/canaan-inc-acquires-cipher-minings-interest-in-multiple-operational-mining-projects-totaling-4-4-ehs-in-west-texas-302694773.html;https://baxtel.com/data-center/canaan-bear;https://www.globenewswire.com/news-release/2024/01/03/2803639/0/en/Cipher-Mining-Announces-60-MW-Expansion-of-its-Bear-and-Chief-Joint-Venture-Data-Centers-and-Purchase-of-16-700-New-Miners-from-Canaan-Inc.html,
us-beaver-valley-power-station,Beaver Valley Power Station,United States,40.62333,-80.43056,1872.0,it_load,source_reported_or_compiled,operational,https://www.prnewswire.com/news-releases/vistra-and-meta-announce-agreements-to-support-nuclear-plants-in-pjm-and-add-new-nuclear-generation-to-the-grid-302656941.html;https://www.power-eng.com/nuclear/vistra-and-meta-ink-ppa-for-2-6-gw-of-nuclear-power-in-pjm-region/;https://stocktitan.net/news/VST/vistra-and-meta-announce-agreements-to-support-nuclear-plants-in-pjm-zul6gbxgqjn9.html;https://en.wikipedia.org/wiki/Beaver_Valley_Power_Station,
us-big-digital-energy-midland-facility,Big Digital Energy Midland Facility,United States,40.6532,-80.3968,120.0,it_load,source_reported_or_compiled,operational,https://www.mawsoninc.com/mawson-infrastructure-group-inc-expands-midland-facility-to-120-mw/;https://www.globenewswire.com/news-release/2026/04/23/3280391/0/en/mawson-infrastructure-group-inc-becomes-big-digital-energy-inc-receives-nasdaq-listing-determination-already-in-compliance-to-request-hearing.html;https://www.globenewswire.com/news-release/2026/04/27/3281610/0/en/big-digital-energy-inc-announces-colocation-agreement-with-the-endeavor-group.html,
us-big-digital-energy-10netzero-hood-county-ai-data-center-camp,Big Digital Energy–10NetZero Hood County AI Data Center Campus,United States,32.44194,-97.76472,17.0,it_load,source_reported_or_compiled,operational,https://www.globenewswire.com/news-release/2026/07/20/3329715/0/en/Big-Digital-Energy-and-10NetZero-Complete-Acquisition-of-Hood-County-Texas-Site.html;https://www.sec.gov/Archives/edgar/data/1218683/000121390026075248/ea029690001ex99-2.htm,
us-big-watt-digital-sully-buttes-mining-facility,Big Watt Digital Sully Buttes Mining Facility,United States,44.705,-100.3115,30.0,it_load,source_reported_or_compiled,operational,https://www.onidawatchman.com/news/article_ce136784-8c57-11ed-a366-7ba7e3d8d91d.html;https://www.globenewswire.com/news-release/2023/07/25/2710263/0/en/Big-Watt-Digital-Forms-Joint-Venture-with-Consensus-Technology-Group.html;https://southdakotasearchlight.com/2026/01/30/sully-county-home-to-sds-largest-data-center-would-welcome-more-with-open-arms-official-says/,
us-bitdeer-massillon-facility,Bitdeer Massillon Facility,United States,40.77069,-81.53947,100.0,it_load,source_reported_or_compiled,operational,https://finance.yahoo.com/markets/crypto/articles/whats-inside-bitdeers-crypto-mining-100138846.html;https://www.aol.com/articles/data-centers-already-stark-county-095426000.html;https://baxtel.com/data-center/bitdeer-massillon-oh;https://sign.moveon.org/petitions/bitdeer-bitmine-nuisance-petition;https://scgisa.starkcountyohio.gov/arcgis/rest/services/Auditor/StarkCountyParcels/MapServer/0/query?where=PIN%3D%2710018541%27&outFields=*&f=json;https://www.globenewswire.com/news-release/2026/03/16/3256231/0/en/Bitdeer-Announces-February-2026-Production-and-Operations-Update.html,
us-bitdeer-rockdale-facility,Bitdeer Rockdale Facility,United States,30.6549,-97.0025,170.0,it_load,source_reported_or_compiled,operational,https://www.datacentermap.com/usa/texas/austin/bitdeer-rockdale-texas/;https://ir.bitdeer.com/news-releases/news-release-details/bitdeer-announces-september-2025-production-and-operations,
us-bitfarms-sharon-facility-former-westinghouse-plant,Bitfarms Sharon Facility (former Westinghouse plant),United States,41.2334,-80.497,30.0,it_load,source_reported_or_compiled,operational,https://investor.bitfarms.com/news-releases/news-release-details/bitfarms-announces-assumption-control-sharon-pa-site;https://www.globenewswire.com/news-release/2025/11/13/3187170/0/en/Bitfarms-Reports-Third-Quarter-2025-Results.html;https://www.datacenterdynamics.com/en/news/zoning-board-of-sharon-pa-approves-planned-expansion-of-keel-infrastructures-existing-data-center-development/,
us-bitzero-nekoma-data-center-stanley-r-mickelsen-safeguard-com,Bitzero Nekoma Data Center (Stanley R. Mickelsen Safeguard Complex),United States,48.5894194,-98.3567389,2.5,it_load,source_reported_or_compiled,operational,https://www.governor.nd.gov/news/burgum-bitzero-signs-agreement-acquire-nekoma-pyramid-develop-it-highly-secure-data-center;https://www.prnewswire.com/news-releases/bitzero-announces-expansion-of-global-data-center-network-delivering-clean-power-at-scale-for-the-next-era-of-high-performance-computing-302468827.html;https://www.bleedingheartland.com/2024/02/26/north-dakota-bitzero-project-raises-management-ownership-questions/,
us-black-bear-solar,Black Bear Solar,United States,32.1672192,-86.1999118,100.0,it_load,source_reported_or_compiled,operational,https://lightsourcebp.com/project/black-bear-solar/;https://www.solarpowerworldonline.com/2022/10/lightsource-bp-solar-project-powering-alabama-utilities/,
us-blockchain-power-corp-hazelton-bitcoin-mining-site,Blockchain Power Corp. Hazelton Bitcoin Mining Site,United States,39.6536928,-79.5305992,107.0,it_load,source_reported_or_compiled,operational,https://www.salon.com/2025/12/28/data-centers-are-west-virginias-new-strip-mines/;https://www.blockchain-power.com/;https://nominatim.openstreetmap.org/search?q=Hazelton%2C%20Preston%20County%2C%20West%20Virginia&format=json&limit=3,
us-blockfusion-niagara-falls-facility-north-east-data,Blockfusion Niagara Falls Facility (North East Data),United States,43.0962,-79.0377,46.0,it_load,source_reported_or_compiled,operational,https://www.prnewswire.com/news-releases/blockfusion-owner-operator-of-a-strategically-located-clean-energy-powered-data-center-to-go-public-via-business-combination-with-blue-acquisition-corp-302620260.html;https://www.niagara-gazette.com/news/falls-planning-board-considers-recommending-operating-permit-for-frontier-avenue-bitcoin-mine/article_3614d579-696d-4175-95ac-875c7714886b.html;https://cointelegraph.com/news/city-of-niagara-falls-orders-blockfusion-facility-to-cease-and-desist-crypto-mining;https://www.sec.gov/Archives/edgar/data/1910992/000118518526004076/bacc425091626.htm;https://www.sec.gov/Archives/edgar/data/0002059654/000118518526002723/baccex99-1.htm;https://finance.yahoo.com/news/blockfusion-wins-approval-reopen-bitcoin-035900770.html,
us-blockware-solutions-pike-county-facility,Blockware Solutions Pike County Facility,United States,37.667552,-82.345043,30.0,it_load,source_reported_or_compiled,operational,https://www.gem.wiki/Blockware_Solutions_Pike_County_facility;https://www.prnewswire.com/news-releases/blockware-solutions-unveils-flagship-kentucky-mining-location-301512583.html,
us-bloomberg-lp-data-center,Bloomberg LP Data Center,United States,41.036652,-73.986828,4.0,it_load,source_reported_or_compiled,operational,https://www.sec.gov/Archives/edgar/data/0001603578/000153949714000486/n306_premktx1.htm;https://www.datacenterknowledge.com/investing/bloomberg-plans-710-million-data-center-in-n-y-suburb;https://rocklandtimes.com/2013/06/27/bloomberg-tops-off-new-datacenter/,
us-broken-bow-wind-energy-center-phases-i-and-ii,Broken Bow Wind Energy Center (Phases I and II),United States,41.5075,-99.6109,152.6,it_load,source_reported_or_compiled,operational,https://www.gem.wiki/Broken_Bow_wind_farm;https://dwee.nebraska.gov/state-energy-information/energy-statistics/fuels/wind/wind-energy-generation-nebraska,
us-c-spire-starkville-data-center,C Spire Starkville Data Center,United States,33.4709294,-88.7927699,1.5,it_load,source_reported_or_compiled,operational,https://www.cspire.com/cms/news/wireless/20600007/new-c-spire-world-class-business-enterprise-data-center-built-like-fort-knox;https://www.datacenterknowledge.com/archives/2014/11/04/c-spire-opens-tier-iii-mississippi-data-center,
us-centra-digital-interconnect-340-cumberland-pmw01,CENTRA Digital Interconnect -- 340 Cumberland (PMW01),United States,43.6578388,-70.2613785,1.0,it_load,source_reported_or_compiled,operational,https://baxtel.com/data-center/maine;https://baxtel.com/data-center/centra-340-cumberland-pmw01;https://baxtel.com/data-center/gwi-portland-maine;https://www.centradigital.com/data-centers/pwm1,
us-clt-01-campus-one-blockchain-spartanburg,CLT-01 Campus (One Blockchain Spartanburg),United States,34.8548673,-82.0126849,40.0,it_load,source_reported_or_compiled,operational,https://www.sec.gov/Archives/edgar/data/2070542/000121390026089151/ea0301093-10q_aibdata.htm;https://baxtel.com/data-center/blockchain-spartanburg-sc;https://dcmap.us/states/south-carolina/,
us-ctc-property-gas-turbine-plant-colossus-1,CTC Property Gas Turbine Plant (Colossus 1),United States,35.0600392,-90.1520249,420.0,it_load,source_reported_or_compiled,operational,https://cdn.arstechnica.net/wp-content/uploads/2025/07/NAACP-and-YGGs-xAI-Air-Permit-Appeal-7-15-2025.pdf;https://naacp.org/sites/default/files/documents/1%20-%20Complaint.pdf;https://www.yahoo.com/news/articles/memphis-board-dismisses-appeal-xai-221643600.html;https://www.fox13memphis.com/health/shelby-county-permits-15-turbines-at-xai-supercomputer-environmentalists-to-conduct-air-testing/article_01244e83-03fc-41f3-979c-abc3a944cf1b.html;https://www.actionnews5.com/2025/12/16/shelby-co-air-pollution-control-board-denies-appeal-over-xais-turbine-use-citing-mootness/,
us-cane-creek-solar,Cane Creek Solar,United States,31.976997,-88.88758,78.5,it_load,source_reported_or_compiled,operational,https://www.eia.gov/electricity/data/eia860m/xls/july_generator2026.xlsx,
us-cango-greenvolt-soperton-facility,Cango GreenVolt Soperton Facility,United States,32.3811,-82.5917,50.0,it_load,source_reported_or_compiled,operational,https://www.sec.gov/Archives/edgar/data/1725123/000110465926041972/cang-20251231x20f.htm;https://www.prnewswire.com/news-releases/cango-inc-acquires-50-mw-bitcoin-mining-facility-in-georgia-laying-groundwork-for-future-energy-strategy-302526334.html;https://www.datacenters.com/providers/ln-compute-inc,
us-capital-region-solar-la3-west-baton-rouge-solar-facility,Capital Region Solar (LA3 West Baton Rouge Solar Facility),United States,30.465105,-91.331855,50.0,it_load,source_reported_or_compiled,operational,https://www.entergy.com/news/capital-region-solar-facility-serving-entergy-louisiana-customers;https://www.solsystems.com/news/sol-nationwide-acquire-largest-solar-project/;https://www.entergy.com/wp-content/uploads/15/Entergy-renewable-portfolio.pdf;https://services2.arcgis.com/FiaPA4ga0iQKduv3/arcgis/rest/services/Power_Plants_in_the_US/FeatureServer/0/query?where=State%3D%27Louisiana%27+AND+PrimSource%3D%27solar%27&outFields=*&f=json&resultRecordCount=200,
us-cascade-digital-power-hatfield-bitcoin-mine-lake-arbutus-hyd,Cascade Digital Power Hatfield Bitcoin Mine (Lake Arbutus Hydro),United States,44.4146842,-90.7306966,6.0,it_load,source_reported_or_compiled,operational,https://wpr.org/jackson-county-home-new-cryptocurrency-mine-surprise-many-local-county-officials;https://www.prnewswire.com/news-releases/digital-power-optimization-forms-partnership-to-combine-hydro-power-and-cryptocurrency-mining--cascade-digital-power-301513816.html,
us-cass-county-station,Cass County Station,United States,40.947913,-95.96403,345.0,it_load,source_reported_or_compiled,operational,https://www.oppdcommunityconnect.com/cass-county-station;https://www.eia.gov/electricity/data/eia860m/xls/july_generator2026.xlsx;https://www.oppd.com/news-resources/news-releases/2025/august/oppd-board-receives-updates-on-key-generation-transmission-and-technology-projects/,
us-centersquare-ewr2-weehawken,Centersquare EWR2 (Weehawken),United States,40.7615218,-74.0260271,45.7,it_load,source_reported_or_compiled,operational,https://www.csquare.com/data-centers/new-york-new-jersey;https://inflect.com/building/300-j-f-kennedy-boulevard-east-weehawken/centersquare/datacenter/centersquare-ewr2-a-b-e-weehawken,
us-centersquare-ewr3-piscataway,Centersquare EWR3 (Piscataway),United States,40.554537,-74.4569,54.8,it_load,source_reported_or_compiled,operational,https://www.csquare.com/data-centers/new-york-new-jersey;https://www.peeringdb.com/fac/2638,
us-centersquare-ewr5-secaucus,Centersquare EWR5 (Secaucus),United States,40.78617,-74.0692821,26.3,it_load,source_reported_or_compiled,operational,"https://www.csquare.com/data-centers/new-york-new-jersey;https://www.peeringdb.com/api/fac?name__contains=Centersquare&state=NJ;https://nominatim.openstreetmap.org/search?q=15+Enterprise+Avenue+North,+Secaucus,+New+Jersey&format=json&limit=3",
us-centersquare-lax3,Centersquare LAX3,United States,33.6870931,-117.8479769,24.9,it_load,source_reported_or_compiled,operational,https://www.csquare.com/data-centers/los-angeles;https://www.peeringdb.com/fac/2641;https://inflect.com/building/17836-gillette-avenue-irvine/centersquare/datacenter/oc2,
us-centersquare-lax5,Centersquare LAX5,United States,33.6847703,-117.8366956,17.3,it_load,source_reported_or_compiled,operational,https://www.csquare.com/data-centers/los-angeles;https://www.peeringdb.com/fac/6670;https://baxtel.com/data-center/centersquare-irvine-lax2,
us-centersquare-ord2-elk-grove-village,Centersquare ORD2 (Elk Grove Village),United States,41.9923175,-87.9582323,25.9,it_load,source_reported_or_compiled,operational,https://www.csquare.com/data-centers/chicago;https://dceo.illinois.gov/content/dam/soi/en/web/dceo/aboutdceo/reportsrequiredbystatute/2025-data-centers-annual-report.pdf,
us-centersquare-ord4-lisle,Centersquare ORD4 (Lisle),United States,41.8023406,-88.0948856,88.9,it_load,source_reported_or_compiled,operational,https://www.csquare.com/data-centers/chicago;https://dceo.illinois.gov/content/dam/soi/en/web/dceo/aboutdceo/reportsrequiredbystatute/2025-data-centers-annual-report.pdf,
us-centersquare-phx3,Centersquare PHX3,United States,33.4212542,-111.8590191,17.3,it_load,source_reported_or_compiled,operational,https://www.csquare.com/data-centers/phoenix;https://www.openstreetmap.org/way/543117031,
us-centersquare-shakopee-msp1-campus,Centersquare Shakopee (MSP1 Campus),United States,44.7965,-93.482,19.1,it_load,source_reported_or_compiled,operational,https://www.csquare.com/data-centers/minneapolis;https://www.peeringdb.com/api/fac?state=MN&country=US,
us-centersquare-tampa-tpa1,Centersquare Tampa TPA1,United States,27.9455353,-82.351102,9.0,it_load,source_reported_or_compiled,operational,https://www.csquare.com/data-centers/tampa;https://www.peeringdb.com/api/fac?city=Tampa;https://overpass-api.de/api/interpreter?data=%5Bout%3Ajson%5D%5Btimeout%3A90%5D%3Barea%5B%22ISO3166-2%22%3D%22US-FL%22%5D%5B%22admin_level%22%3D%224%22%5D-%3E.a%3B(nwr%5B%22telecom%22%3D%22data_center%22%5D(area.a)%3Bnwr%5B%22building%22%3D%22data_center%22%5D(area.a)%3B)%3Bout%20center%20tags%3B,
us-cerebras-oklahoma-city-data-center,Cerebras Oklahoma City Data Center,United States,35.4676,-97.5164,10.0,it_load,source_reported_or_compiled,operational,https://www.datacenterfrontier.com/hyperscale/article/55273769/cerebras-unveils-six-data-centers-to-meet-accelerating-demand-for-ai-inference-at-scale;https://www.cerebras.ai/press-release/cerebras-announces-six-new-ai-datacenters-across-north-america-and-europe-to-deliver-industry-s;https://www.cerebras.ai/blog/okc;https://www.datacenterdynamics.com/en/news/cerebras-opens-10mw-data-center-in-oklahoma-city/;https://baxtel.com/data-center/cerebras-oklahoma-city,
us-cherry-valley-solar-energy-project,Cherry Valley Solar Energy Project,United States,35.389,-90.7546,185.0,it_load,source_reported_or_compiled,operational,https://solarbuildermag.com/projects/adapture-energizes-arkansas-commercial-project-projects-weekly/;https://now.solar/2026/06/16/meta-signs-solar-power-deals-for-five-arkansas-projects-including-cherry-valley-site-wynne-progress/;https://www.gem.wiki/Cherry_Valley_PV_I_solar_farm,
us-chief-mountain-bitcoin-mine,Chief Mountain Bitcoin Mine,United States,32.285,-102.625,40.0,it_load,source_reported_or_compiled,operational,https://www.prnewswire.com/news-releases/canaan-inc-acquires-cipher-minings-interest-in-multiple-operational-mining-projects-totaling-4-4-ehs-in-west-texas-302694773.html;https://baxtel.com/data-center/canaan-chief-mountain;https://www.globenewswire.com/news-release/2024/01/03/2803639/0/en/Cipher-Mining-Announces-60-MW-Expansion-of-its-Bear-and-Chief-Joint-Venture-Data-Centers-and-Purchase-of-16-700-New-Miners-from-Canaan-Inc.html,
us-cipher-digital-odessa-facility,Cipher Digital Odessa Facility,United States,31.8457,-102.3676,207.0,it_load,source_reported_or_compiled,operational,https://baxtel.com/data-center/cipher-mining-odessa;https://www.insidermonkey.com/blog/cipher-mining-inc-nasdaqcifr-q1-2026-earnings-call-transcript-1754845/,
us-cirrusds-view-78-data-center,CirrusDS View 78 Data Center,United States,40.6111,-111.8994,32.0,it_load,source_reported_or_compiled,operational,http://cirrusds.com/midvale-ut-campus;https://www.prweb.com/releases/cirrus-data-services-entering-data-center-market-in-salt-lake-city-855163208.html;https://www.midvale.utah.gov/government/departments/redevelopment_agency/index.php;https://www.midvale.utah.gov/government/departments/recorder_s_office/midvale_city_resolutions.php,
us-cleanspark-clinton-bitcoin-mining-facilities,CleanSpark Clinton Bitcoin Mining Facilities,United States,32.3560924,-90.3635037,16.5,it_load,source_reported_or_compiled,operational,https://www.sec.gov/Archives/edgar/data/827876/000095017024107034/clsk-ex99_1.htm;https://msindy.org/p/channeling-cryptocurrency-in-a-mississippi;https://investors.cleanspark.com/news/news-details/2024/CleanSpark-Acquires-Two-Additional-Sites-in-Mississippi-and-Closes-Second-Site-in-Wyoming/default.aspx,
us-cleanspark-college-park-bitcoin-mining-facility,CleanSpark College Park Bitcoin Mining Facility,United States,33.6407,-84.4277,9.6,it_load,source_reported_or_compiled,operational,https://www.sec.gov/Archives/edgar/data/827876/000119312525297510/clsk-20250930.htm;https://www.prnewswire.com/news-releases/cleanspark-agrees-to-acquire-bitcoin-miner-atl-data-center-301190492.html,
us-cleanspark-lenoir-city-bitcoin-mining-facility,CleanSpark Lenoir City Bitcoin Mining Facility,United States,35.7973,-84.256,20.0,it_load,source_reported_or_compiled,operational,https://www.prnewswire.com/news-releases/cleanspark-announces-agreement-to-acquire-griid-infrastructure-based-on-an-enterprise-value-of-155-million-and-expansion-plans-of-over-400-mw-in-tennessee-302184116.html;https://www.globenewswire.com/news-release/2024/02/14/2828934/0/en/GRIID-Infrastructure-Announces-Plans-to-Double-Capacity-of-Lenoir-City-Tenn-Bitcoin-Mining-Operations.html;https://www.sec.gov/Archives/edgar/data/827876/000119312525297510/clsk-20250930.htm;https://www.stocktitan.net/news/CLSK/clean-spark-releases-december-2025-bitcoin-mining-431w4gpru2xw.html,
us-cleanspark-norcross-bitcoin-mining-facility,CleanSpark Norcross Bitcoin Mining Facility,United States,33.9412,-84.2135,20.0,it_load,source_reported_or_compiled,operational,https://www.sec.gov/Archives/edgar/data/827876/000166357721000387/ex99_1.htm;https://www.sec.gov/Archives/edgar/data/827876/000119312525297510/clsk-20250930.htm;https://www.gpb.org/news/2025/12/04/the-costs-of-crypto-mining-in-georgia-will-it-be-regulated-along-new-data-center,
us-cleanspark-sandersville-bitcoin-mining-facility,CleanSpark Sandersville Bitcoin Mining Facility,United States,32.9807,-82.8071,250.0,it_load,source_reported_or_compiled,operational,https://www.sec.gov/Archives/edgar/data/827876/000119312525297510/clsk-20250930.htm;https://www.gpb.org/news/2025/12/04/the-costs-of-crypto-mining-in-georgia-will-it-be-regulated-along-new-data-center,
us-cleanspark-washington-bitcoin-mining-facility,CleanSpark Washington Bitcoin Mining Facility,United States,33.7376,-82.7379,36.0,it_load,source_reported_or_compiled,operational,https://www.globenewswire.com/news-release/2022/08/09/2494690/0/en/CleanSpark-Acquires-Plug-in-Ready-Bitcoin-Mining-Facility-Scalable-to-86-Megawatts-or-2-6-EH-s.html;https://www.sec.gov/Archives/edgar/data/827876/000095017024132565/clsk-20240930.htm,
us-clinton-clean-energy-center,Clinton Clean Energy Center,United States,40.1722,-88.8342,1080.0,it_load,source_reported_or_compiled,operational,https://www.constellationenergy.com/news/2025/constellation-meta-sign-20-year-deal-for-clean-reliable-nuclear-energy-in-illinois.html;https://www.datacenterdynamics.com/en/news/meta-signs-20-year-ppa-with-constellation-for-entire-output-of-illinois-nuclear-power-plant/;https://www.ans.org/news/2025-06-03/article-7084/constellation-meta-sign-20year-deal-to-source-entire-illinois-nuclear-plants-power/;https://www.world-nuclear-news.org/articles/meta-constellation-sign-20-year-clean-power-deal,
us-cloudhq-lc1,CloudHQ LC1,United States,39.0102471,-77.4626713,144.0,it_load,source_reported_or_compiled,operational,https://www.datacentermap.com/usa/virginia/ashburn/cloudhq-lc1/;https://www.openstreetmap.org/way/794147654;https://www.arcgis.com/home/item.html?id=597555ce8e4a4892a030784a7c657fdd,
us-cobalt-cheyenne-data-center,Cobalt Cheyenne Data Center,United States,36.2183822,-115.26296,5.5,it_load,source_reported_or_compiled,operational,https://www.datacenterknowledge.com/business/cobalt-opens-cheyenne-data-center-in-las-vegas;https://cloudandcolocation.com/state/nevada/;https://dcmap.us/markets/las-vegas/,
us-cogent-cheyenne-data-center,Cogent Cheyenne Data Center,United States,41.1278101,-104.8110116,2.5,it_load,source_reported_or_compiled,operational,https://www.cogentco.com/files/docs/wholesale_colocation/Cheyenne_Wholesale_2025.pdf,
us-cogent-communications-new-orleans-650-poydras,Cogent Communications New Orleans (650 Poydras),United States,29.9496125,-90.0699355,0.75,it_load,source_reported_or_compiled,operational,https://baxtel.com/data-center/new-orleans;https://nominatim.openstreetmap.org/search?q=650+Poydras+St+New+Orleans+LA&format=json;https://www.peeringdb.com/api/fac?city=New%20Orleans;https://www.peeringdb.com/api/fac?state=LA&country=US,
us-cogent-data-center-akron,Cogent Data Center Akron,United States,41.0876,-81.5183,5.0,it_load,source_reported_or_compiled,operational,https://www.cogentco.com/en/cogent-cleveland/471-akron-dc;https://signalakron.org/where-7-data-centers-operate-in-summit-county-and-why-it-matters/;https://www.sdxcentral.com/news/cogent-puts-four-data-centers-up-for-sale-in-us/;https://www.prnewswire.com/news-releases/cogent-communications-announces-closing-of-sale-of-10-data-center-facilities-302813574.html,
us-coinmint-massena-east-former-alcoa-smelter,Coinmint (Massena East / former Alcoa Smelter),United States,44.977701,-74.732659,166.0,it_load,source_reported_or_compiled,operational,https://theminermag.com/news/2024-11-21/miner-weekly-coinmint-nydig-bitcoin;https://news.bitcoin.com/report-nydig-close-to-buying-alcoas-massena-new-york-smelter-site-for-bitcoin-mining-operations/;https://www.coindesk.com/business/2026/04/18/from-smelters-to-servers-alcoa-to-cash-in-on-crypto-s-thirst-for-energy;https://www.gem.wiki/Massena_Complex;https://www.cnbc.com/2018/03/16/bitcoin-mining-firms-getting-pushback-from-new-york-state.html,
us-coinmint-plattsburgh-skyway-plaza,Coinmint Plattsburgh (Skyway Plaza),United States,44.680538,-73.451475,10.0,it_load,source_reported_or_compiled,operational,https://www.gem.wiki/Coinmint_Clinton_county_facility,
us-colocsx-csx-data-center,ColoCSX (CSX Data Center),United States,30.1988,-81.5812,6.0,it_load,source_reported_or_compiled,operational,https://www.csx.com/index.cfm/about-us/company-overview/colocation-services/;https://www.datacentermap.com/usa/florida/jacksonville/csx-data-center/;https://inflect.com/building/6425-southpoint-parkway-jacksonville/colocsx/datacenter/jacksonville;https://members.jaxchamber.com/Information-Technology/ColoCSX-16564;https://www.city-data.com/duval-county/S/Southpoint-Parkway-4.html,
us-colocrossing-buf1-buffalo,"ColoCrossing BUF1, Buffalo",United States,42.8930043,-78.8752659,1.44,it_load,source_reported_or_compiled,operational,https://www.colocrossing.com/datacenter/buffalo-ny;https://www.datacenterknowledge.com/deals/365-data-centers-partners-with-colocrossing-in-buffalo;https://nominatim.openstreetmap.org/search?q=325+Delaware+Avenue%2C+Buffalo%2C+NY+14202&format=json&limit=2&addressdetails=1,
us-cologix-col3-columbus,Cologix COL3 (Columbus),United States,40.1164586,-83.0017691,18.0,it_load,source_reported_or_compiled,operational,https://cologix.com/data-centers/columbus/;https://cloudandcolocation.com/state/ohio/,
us-cologix-dsm1-financial-center,Cologix DSM1 (Financial Center),United States,41.5868,-93.625,0.6,it_load,source_reported_or_compiled,operational,https://cologix.com/news/cologix-expands-footprint-acquisition-two-data-centers-iowa-including-des-moines-carrier-hotel/,
us-cologix-dsm2-cedar-falls,Cologix DSM2 (Cedar Falls),United States,42.5347,-92.4453,1.0,it_load,source_reported_or_compiled,operational,https://cologix.com/data-centers/des-moines/dsm2/,
us-cologix-sv1,Cologix SV1,United States,37.3654018,-121.9616726,9.0,it_load,source_reported_or_compiled,operational,https://cologix.com/data-centers/silicon-valley/sv1/;https://www.openstreetmap.org/way/40608200;https://www.arcgis.com/home/item.html?id=597555ce8e4a4892a030784a7c657fdd,
us-colossus,Colossus,United States,35.0565,-90.0148,150.0,it_load,source_reported_or_compiled,operational,https://en.wikipedia.org/wiki/Colossus_(supercomputer);https://www.reuters.com/technology/artificial-intelligence/musk-says-xai-has-built-worlds-most-powerful-ai-training-cluster-2024-09-24/;https://www.datacenterdynamics.com/en/news/xai-doubles-number-of-onsite-gas-turbines-at-memphis-data-center-in-violation-of-permit-limits/;https://www.governing.com/resilience/wastewater-will-cool-this-memphis-data-center;https://www.cnbc.com/2025/07/16/musks-xai-permits-challenged-by-naacp-environmental-groups-memphis.html;https://dailymemphian.com/article/51159/heres-what-xai-will-pay-in-property-taxes,
us-colossus-2-whitehaven,Colossus 2 (Whitehaven),United States,34.997983,-90.0348672,210.0,it_load,source_reported_or_compiled,operational,https://web.archive.org/web/20250517234219/https://www.datacenterdynamics.com/en/news/elon-musks-xai-buys-one-million-sq-ft-site-for-second-memphis-data-center/;https://en.wikipedia.org/wiki/Colossus_(data_center),
us-colossus-2-power-station,Colossus 2 power station,United States,34.984394,-90.042296,495.0,it_load,source_reported_or_compiled,operational,https://www.cnbc.com/2026/03/10/elon-musk-xai-permit-for-mississippi-plant-despite-pollution-concerns.html;https://www.technology.org/2026/07/15/xai-59-unpermitted-gas-turbines-southaven-colossus-2/;https://www.gem.wiki/Colossus_2_power_station;https://opcgis.deq.state.ms.us/ensearchonline/get_doc.aspx?dt=finalp&id=1834338;https://naacp.org/articles/naacp-sues-xai-illegal-pollution-data-center-power-plant;https://www.actionnews5.com/2026/07/31/xai-announces-fourth-data-center-turbines-be-removed-southaven-site/;https://www.themississippimonitor.com/spacexai-powers-down-11-of-69-temporary-turbines-at-southaven-facility/,
us-columbus-bitcoin-mining-facility-formerly-greenidge-columbus,Columbus Bitcoin Mining Facility (formerly Greenidge Columbus),United States,33.4957,-88.4273,8.5,it_load,source_reported_or_compiled,operational,https://www.sec.gov/Archives/edgar/data/1844971/000184497124000010/ex991pressrelease3-11x2024.htm;https://www.sec.gov/Archives/edgar/data/1844971/000162828025051859/gree-20250930.htm;https://www.businesswire.com/news/home/20250917929642/en/Greenidge-Generation-Closes-Sale-of-its-Mississippi-Bitcoin-Mining-Facility;https://www.sec.gov/Archives/edgar/data/1844971/000162828025038430/gree-20250801.htm;https://www.power-compute.com/investors/news-events/press-releases/detail/168/lm-funding-america-closes-acquisition-of-11-mw-site-and,
us-comanche-peak-nuclear-power-plant-aws-ppa,Comanche Peak Nuclear Power Plant (AWS PPA),United States,32.2983,-97.785,2400.0,it_load,source_reported_or_compiled,operational,https://world-nuclear-news.org/articles/ppas-support-extended-operations-at-vistra-plants;https://www.power-eng.com/nuclear/vistra-secures-long-term-nuclear-ppa-from-comanche-peak-nuclear-plant/;https://constructionreviewonline.com/amazon-to-collocate-5-billion-project-spectrum-data-center-campus-in-texas-with-nuclear-power-plant/,
us-compass-datacenters-goodyear-campus,Compass Datacenters Goodyear Campus,United States,33.4354446,-112.3756856,72.0,it_load,source_reported_or_compiled,operational,https://www.compassdatacenters.com/news/compass-datacenters-begins-construction-of-first-two-data-centers-on-phoenix-campus/;https://azbigmedia.com/business/economic-development/compass-datacenters-will-build-225-acre-goodyear-campus/,
us-connect-albuquerque-westpointe-40,Connect Albuquerque (Westpointe 40),United States,35.0881581,-106.7353893,10.0,it_load,source_reported_or_compiled,operational,"https://baxtel.com/data-center/connect-data-centers-albuquerque-nm;https://servercountry.org/data/projects/connect-data-centers-albuquerque-oppidan-nm/;https://nominatim.openstreetmap.org/search?q=8351+Daytona+Road+NW,+Albuquerque,+NM+87121&format=json",
us-core-scientific-austin-data-center-austin-1,Core Scientific Austin Data Center (Austin 1),United States,30.214,-97.622,16.0,it_load,source_reported_or_compiled,operational,https://www.businesswire.com/news/home/20240603752657/en/Core-Scientific-to-Provide-Approximately-200-MW-of-Infrastructure-to-Host-CoreWeave%E2%80%99s-High-Performance-Computing-Services-Capturing-Significant-AI-Compute-Opportunity;https://corescientific.com/high-density-data-centers/austin-tx/;https://www.datacentermap.com/usa/texas/austin/core-scientific-austin/,
us-core-scientific-calvert-city-data-center-calvert-1-2-3,"Core Scientific Calvert City Data Center (Calvert 1, 2 & 3)",United States,37.0328,-88.3527,150.0,it_load,source_reported_or_compiled,operational,https://www.areadevelopment.com/newsitems/11-14-2019/core-scientific-calvert-city-kentucky.shtml;https://www.prnewswire.com/news-releases/core-scientific-opens-world-class-blockchain-hosting-facility-in-calvert-city-ky-300956631.html;https://www.datacentermap.com/usa/kentucky/calvert-city/core-scientific-calvert-city/;https://www.datacentermap.com/usa/kentucky/calvert-city/riot-platforms-calvert-city/,
us-core-scientific-grand-forks-data-center-grand-forks-1,Core Scientific Grand Forks Data Center (Grand Forks 1),United States,47.8912,-97.0434,100.0,it_load,source_reported_or_compiled,operational,https://www.areadevelopment.com/newsitems/5-7-2021/core-scientific-grand-forks-north-dakota.shtml;https://corescientific.com/high-density-data-centers/grand-forks-nd/;https://www.datacentermap.com/usa/north-dakota/grand-forks/core-scientific-grand-forks/,
us-core-scientific-marble-data-center,Core Scientific Marble Data Center,United States,35.135,-83.924,104.0,it_load,source_reported_or_compiled,operational,https://www.wunc.org/2026-04-10/cherokee-county-residents-were-upset-about-crypto-mines-then-came-ai;https://www.cherokeescout.com/local-newsletter/crypto-mining-ai;https://www.sec.gov/Archives/edgar/data/0001839341/000119312526165121/d149019dex992.htm,
us-core-scientific-muskogee-campus,Core Scientific Muskogee Campus,United States,35.72,-95.42,70.0,it_load,source_reported_or_compiled,operational,https://investors.corescientific.com/news-events/press-releases/detail/135/core-scientific-plans-expansion-to-1-5-gigawatts-of-gross-power-at-muskogee-oklahoma-campus;https://investors.corescientific.com/news-events/press-releases/detail/99/core-scientific-and-port-muskogee-break-ground-on-100-mw-hpc-data-center;https://www.businesswire.com/news/home/20260506005927/en/Core-Scientific-Plans-Expansion-to-1.5-Gigawatts-of-Gross-Power-at-Muskogee-Oklahoma-Campus;https://blockspace.media/insight/core-scientific-jumps-7-in-morning-markets-as-data-center-firm-announces-440-mw-expansion-at-oklahoma-site/;https://corescientific.com/high-density-data-centers/muskogee-ok/,
us-coresite-ch2,CoreSite CH2,United States,41.8628,-87.6413029,18.0,it_load,source_reported_or_compiled,operational,https://www.coresite.com/data-center/ch2-chicago-il,
us-crofton-bluffs-wind-farm,Crofton Bluffs Wind Farm,United States,42.7078,-97.5745,40.6,it_load,source_reported_or_compiled,operational,https://www.gem.wiki/Crofton_Bluffs_wind_farm;https://dwee.nebraska.gov/state-energy-information/energy-statistics/fuels/wind/wind-energy-generation-nebraska,
us-crooked-lake-solar,Crooked Lake Solar,United States,35.9147,-89.7843,175.0,it_load,source_reported_or_compiled,operational,https://www.gem.wiki/Crooked_Lake_Solar;https://cleanview.co/power-projects/operating/solar-farms/arkansas,
us-crossover-wind,Crossover Wind,United States,35.3001216,-90.7750181,135.0,it_load,source_reported_or_compiled,operational,https://www.prnewswire.com/news-releases/cordelio-power-achieves-commercial-operations-at-135-mw-crossover-wind-project-the-first-operating-wind-project-in-arkansas-302618392.html;https://electrek.co/2025/11/24/arkansas-turns-on-its-first-ever-utility-scale-wind-farm/;https://nominatim.openstreetmap.org/search?q=Cross+County%2C+Arkansas&format=json&limit=2,
us-crusoe-abilene-on-site-gas-generation-project-ludicrous,Crusoe Abilene on-site gas generation (Project Ludicrous),United States,32.502213,-99.788717,360.5,it_load,source_reported_or_compiled,operational,https://records.tceq.texas.gov/cs/idcplg?IdcService=TCEQ_EXTERNAL_SEARCH_GET_FILE&dID=8600163&Rendition=Web;https://www.texastribune.org/2026/07/09/texas-data-centers-ai-power-plants-pollution-state-permits/;https://www.crusoe.ai/resources/newsroom/ge-vernova-and-crusoe-announce-major-29-unit-gas-turbine-deal;https://www.datacenterdynamics.com/en/news/natural-gas-plant-planned-for-stargate-ai-data-center-campus-report/;https://records.tceq.texas.gov/cs/idcplg?IdcService=TCEQ_EXTERNAL_SEARCH_GET_FILE&Rendition=Web&dID=8600639,
us-csquare-sfo1,Csquare SFO1,United States,37.3714713,-121.9696826,34.5,it_load,source_reported_or_compiled,operational,https://www.csquare.com/data-centers/silicon-valley#santaclara-sfo1;https://www.openstreetmap.org/way/38305568;https://www.arcgis.com/home/item.html?id=597555ce8e4a4892a030784a7c657fdd,
us-csquare-sfo2,Csquare SFO2,United States,37.397572,-121.980963,43.2,it_load,source_reported_or_compiled,operational,https://www.csquare.com/data-centers/silicon-valley#santaclara-sfo2;https://www.openstreetmap.org/way/54119665;https://www.arcgis.com/home/item.html?id=597555ce8e4a4892a030784a7c657fdd,
us-csquare-sfo3,Csquare SFO3,United States,37.3720542,-121.9860407,8.6,it_load,source_reported_or_compiled,operational,https://www.csquare.com/data-centers/silicon-valley#sunnyvale-sfo3;https://www.openstreetmap.org/way/271893323;https://www.arcgis.com/home/item.html?id=597555ce8e4a4892a030784a7c657fdd,
us-csquare-sfo4,Csquare SFO4,United States,37.3757986,-121.9551844,43.1,it_load,source_reported_or_compiled,operational,https://www.csquare.com/data-centers/silicon-valley#santaclara-sfo4;https://www.openstreetmap.org/way/209073658;https://www.arcgis.com/home/item.html?id=597555ce8e4a4892a030784a7c657fdd,
us-cyrusone-chi1-chi3-aurora,CyrusOne CHI1-CHI3 (Aurora),United States,41.7966077,-88.2438232,109.0,it_load,source_reported_or_compiled,operational,https://www.cyrusone.com/data-centers/north-america/aurora-il;https://www.openstreetmap.org/way/199252950;https://www.cyrusone.com/resources/blogs/cyrusone-intelliscale-design-and-ai-data-center-faq;https://www.arcgis.com/home/item.html?id=597555ce8e4a4892a030784a7c657fdd;https://www.cyrusone.com/data-centers/north-america/aurora-il-back-up-generator-schedule,
us-cyrusone-cin2-cincinnati,CyrusOne CIN2 (Cincinnati),United States,39.1027886,-84.5179229,14.0,it_load,source_reported_or_compiled,operational,https://www.cyrusone.com/data-centers/north-america/cincinnati-ohio;https://www.datacentermap.com/usa/ohio/cincinnati/cyrusone-cincinnati/,
us-cyrusone-cin3-cincinnati-mason,CyrusOne CIN3 (Cincinnati-Mason),United States,39.3038941,-84.3116127,1.0,it_load,source_reported_or_compiled,operational,https://www.datacenters.com/cyrusone-cin3-cincinnati-mason;https://www.openstreetmap.org/way/31250931;https://www.arcgis.com/home/item.html?id=597555ce8e4a4892a030784a7c657fdd,
us-cyrusone-cin6-florence,CyrusOne CIN6 (Florence),United States,38.9795695,-84.6153236,5.0,it_load,source_reported_or_compiled,operational,https://www.cyrusone.com/data-centers/north-america/florence-ky;https://inflect.com/building/7190-industrial-road-florence/cyrusone/datacenter/cyrusone-florence;https://nominatim.openstreetmap.org/search?q=7190+Industrial+Road%2C+Florence%2C+KY+41042&format=json&limit=3,
us-cyrusone-chandler-campus-phx1-phx8,CyrusOne Chandler Campus (PHX1–PHX8),United States,33.2709074,-111.8819248,169.0,it_load,source_reported_or_compiled,operational,https://www.cyrusone.com/data-centers/north-america/chandler-arizona;https://nominatim.openstreetmap.org/search?q=2335+S+Ellis+St%2C+Chandler%2C+AZ&format=json&limit=2&addressdetails=1,
us-cyrusone-dfw3-dfw5-allen,CyrusOne DFW3-DFW5 (Allen),United States,33.1385206,-96.6599516,77.0,it_load,source_reported_or_compiled,operational,https://www.cyrusone.com/data-centers/north-america/allen-texas;https://www.openstreetmap.org/way/590213771;https://www.datacenterknowledge.com/operations-and-management/future-allen-campus-would-be-cyrusone-s-largest-texas-data-center;https://www.businesswire.com/news/home/20220420005203/en/CyrusOne-Purchases-Solar-and-Wind-Energy-in-North-Texas-from-Gexa-Energy-as-Part-of-Transition-to-100-Sustainable-Power;https://www.datacenterdynamics.com/en/news/cyrusone-signs-40mw-wind-and-solar-ppa-with-gexa-energy-in-texas/,
us-cyrusone-nva1-nva2-nva3-sterling,"CyrusOne NVA1, NVA2 & NVA3 (Sterling)",United States,39.0259023,-77.4144697,48.0,it_load,source_reported_or_compiled,operational,https://www.cyrusone.com/data-centers/north-america/sterling-va-nva1-nva3;https://www.openstreetmap.org/way/435324552;https://www.arcgis.com/home/item.html?id=597555ce8e4a4892a030784a7c657fdd,
us-cyrusone-nva5-sterling,CyrusOne NVA5 (Sterling),United States,39.024356,-77.4341,116.0,it_load,source_reported_or_compiled,operational,https://www.cyrusone.com/data-centers/north-america/sterling-va-nva5-nva7;https://www.openstreetmap.org/way/435817145;https://www.arcgis.com/home/item.html?id=597555ce8e4a4892a030784a7c657fdd,
us-cyrusone-nva8-sterling,CyrusOne NVA8 (Sterling),United States,39.0211789,-77.4132443,24.0,it_load,source_reported_or_compiled,operational,https://www.cyrusone.com/data-centers/north-america/sterling-virginia-nva8;https://www.openstreetmap.org/way/701930919;https://www.arcgis.com/home/item.html?id=597555ce8e4a4892a030784a7c657fdd,
us-cyrusone-nym1-somerset,CyrusOne NYM1 (Somerset),United States,40.5379623,-74.5457225,30.0,it_load,source_reported_or_compiled,operational,https://www.cyrusone.com/data-centers/north-america/somerset-nj;https://www.openstreetmap.org/way/460182320;https://www.cyrusone.com/resources/blogs/cyrusone-intelliscale-design-and-ai-data-center-faq;https://www.arcgis.com/home/item.html?id=597555ce8e4a4892a030784a7c657fdd;https://datacenterhawk.com/marketplace/providers/cyrusone/800-cottontail-lane/nym1-phase-2;https://inflect.com/building/800-cottontail-lane-franklin-township/cyrusone/datacenter/cyrusone-somerset-1,
us-cyrusone-nym2-totowa,CyrusOne NYM2 (Totowa),United States,40.9072095,-74.2422211,6.0,it_load,source_reported_or_compiled,operational,"https://www.cyrusone.com/data-centers/north-america/totowa-nj-nym2;https://nominatim.openstreetmap.org/search?q=50+Madison+Road,+Totowa,+New+Jersey&format=json&limit=2;https://www.peeringdb.com/api/fac?state=NJ&limit=250",
us-cyrusone-nym5-norwalk,CyrusOne NYM5 (Norwalk),United States,41.1130924,-73.3886495,4.0,it_load,source_reported_or_compiled,operational,https://www.cyrusone.com/data-centers/north-america/norwalk-ct;https://www.openstreetmap.org/way/571010571,
us-cyrusone-ocb1-council-bluffs-data-center,CyrusOne OCB1 Council Bluffs Data Center,United States,41.2121526,-95.8779924,9.0,it_load,source_reported_or_compiled,operational,https://www.cyrusone.com/data-centers/north-america/council-bluffs-ia;https://baxtel.com/data-center/cyrusone-council-bluffs,
us-cyrusone-pnw1,CyrusOne PNW1,United States,47.2334,-119.8528,90.0,it_load,source_reported_or_compiled,operational,https://www.cyrusone.com/data-centers/north-america/quincy-washington,
us-cyrusone-raleigh-durham-i-dur1,CyrusOne Raleigh-Durham I (DUR1),United States,35.9353037,-78.8810471,50.0,it_load,source_reported_or_compiled,operational,https://baxtel.com/data-center/cyrusone-raleigh-durham-i;https://baxtel.com/data-center/raleigh;https://nominatim.openstreetmap.org/search?format=jsonv2&q=2223%20Northeast%20Creek%20Parkway%2C%20Durham%2C%20NC,
us-cyrusone-sat2-sat4-san-antonio,CyrusOne SAT2-SAT4 (San Antonio),United States,29.4708878,-98.6730474,36.0,it_load,source_reported_or_compiled,operational,https://www.cyrusone.com/data-centers/north-america/san-antonio-sat2-sat4;https://www.openstreetmap.org/way/509611438;https://www.datacentermap.com/usa/texas/san-antonio/cyrusone-san-antonio/;https://www.cyrusone.com/resources/press-releases/cyrusone-breaks-ground-on-fifth-data-center-campus-in-san-antonio,
us-dc-blox-birmingham-data-center-campus,DC BLOX Birmingham Data Center Campus,United States,33.5006652,-86.8208315,5.0,it_load,source_reported_or_compiled,operational,https://www.dcblox.com/data-centers/birmingham/;https://nominatim.openstreetmap.org/search?q=433+6th+Street+South%2C+Birmingham%2C+AL+35233&format=json&limit=1;https://www.peeringdb.com/api/fac/7219,
us-dc-blox-chattanooga-807-e-16th-street,DC BLOX Chattanooga (807 E 16th Street),United States,35.0314592,-85.2975821,1.0,it_load,source_reported_or_compiled,operational,https://web.archive.org/web/20260824174431/https://www.timesfreepress.com/news/2026/aug/23/where-are-data-centers-in-chattanooga-region/;https://www.peeringdb.com/api/fac?id=7217;https://www.dcblox.com/data-centers/chattanooga/,
us-dc-blox-greenville-data-center,DC BLOX Greenville Data Center,United States,34.80455191966,-82.342676840132,3.0,it_load,source_reported_or_compiled,operational,https://www.dcblox.com/data-centers/greenville/,
us-dmg-blockchain-boardman-facility,DMG Blockchain Boardman Facility,United States,45.83986,-119.70058,3.75,it_load,source_reported_or_compiled,operational,https://www.stocktitan.net/news/DMGGF/dmg-blockchain-solutions-announces-asset-purchase-to-establish-its-e8cfbong1plf.html;https://www.stocktitan.net/news/DMGGF/dmg-blockchain-solutions-announces-ai-strategy-update-and-november-291zgfegqhps.html,
us-darkhorse-technologies-cathedra-bitcoin-rockwood-data-center,DarkHorse Technologies (Cathedra Bitcoin) Rockwood Data Center,United States,35.865628,-84.68494,10.0,it_load,source_reported_or_compiled,operational,https://www.sec.gov/Archives/edgar/data/1591956/000121390026099458/ea030536701ex99-1.htm;https://www.sec.gov/Archives/edgar/data/1591956/000159195626000021/any-20260630.htm;https://www.sec.gov/Archives/edgar/data/1591956/000121390026099276/ea030512901ex99-1.htm,
us-dartpoints-btr1-baton-rouge,DartPoints BTR1 Baton Rouge,United States,30.4539942,-91.115481,0.5,it_load,source_reported_or_compiled,operational,https://dartpoints.com/locations/btr01-baton-rouge-la/;https://dartpoints.com/press/dartpoints-acquires-venyu-adding-three-louisiana-data-centers-to-portfolio/;https://www.peeringdb.com/api/fac?state=LA&country=US;https://nominatim.openstreetmap.org/search?q=7127+Florida+Blvd%2C+Baton+Rouge%2C+LA+70806&format=json&addressdetails=1&limit=3,
us-dartpoints-btr2-baton-rouge,DartPoints BTR2 Baton Rouge,United States,30.4514445,-91.1156117,2.0,it_load,source_reported_or_compiled,operational,https://dartpoints.com/press/dartpoints-acquires-venyu-adding-three-louisiana-data-centers-to-portfolio/;https://www.peeringdb.com/api/fac?state=LA&country=US;https://baxtel.com/data-center/baton-rouge;https://nominatim.openstreetmap.org/search?q=7139+Florida+Blvd%2C+Baton+Rouge%2C+LA+70806&format=json&addressdetails=1&limit=3,
us-dartpoints-charleston-data-center-chs01,DartPoints Charleston Data Center (CHS01),United States,32.9648939,-80.1012147,1.3,it_load,source_reported_or_compiled,operational,https://dartpoints.com/locations/chs01-charleston-sc/;https://www.openstreetmap.org/way/648154126,
us-dartpoints-columbia-data-center-cae01,DartPoints Columbia Data Center (CAE01),United States,33.9873119,-81.0308106,2.0,it_load,source_reported_or_compiled,operational,https://dartpoints.com/locations/cae01-columbia-sc/;https://www.openstreetmap.org/node/12120745596,
us-dartpoints-greenville-data-center,DartPoints Greenville Data Center,United States,34.8075277,-82.3434922,2.5,it_load,source_reported_or_compiled,operational,https://www.sccommerce.com/news/dartpoints-expands-greenville-county-operations;https://nominatim.openstreetmap.org/search?q=78+Global+Drive%2C+Greenville%2C+SC&format=json&limit=3;https://greenvilleeconomicdevelopment.com/dartpoints-expands-greenville-county-operations/,
us-dartpoints-shv01-shreveport,DartPoints SHV01 Shreveport,United States,32.5135356,-93.7477839,2.2,it_load,source_reported_or_compiled,operational,https://dartpoints.com/locations/shv01-shreveport-la/;https://brightlio.com/louisiana-data-centers/;https://www.peeringdb.com/api/fac?state=LA&country=US,
us-dartpoints-spartanburg-data-center-spa01,DartPoints Spartanburg Data Center (SPA01),United States,34.9965845,-82.034841,1.6,it_load,source_reported_or_compiled,operational,https://dartpoints.com/locations/spa01-spartanburg-sc/;https://www.openstreetmap.org/way/680114725,
us-data-holdings-eau-claire-data-center,Data Holdings Eau Claire Data Center,United States,44.811349,-91.4984941,1.0,it_load,source_reported_or_compiled,operational,https://dataholdings.com/eau-claire-data-center;https://nominatim.openstreetmap.org/search?q=Eau+Claire%2C+Eau+Claire+County%2C+Wisconsin&format=json&limit=1,
us-data-holdings-milwaukee-data-center,Data Holdings Milwaukee Data Center,United States,43.0437366,-87.9540068,10.0,it_load,source_reported_or_compiled,operational,https://dataholdings.com/milwaukee-data-center;https://cloudandcolocation.com/datacenters/data-holdings-milwaukee-data-center/,
us-data-suites-murfreesboro,Data Suites Murfreesboro,United States,35.85555,-86.4048269,2.0,it_load,source_reported_or_compiled,operational,https://mydatasuites.com/;https://mydatasuites.com/about/;https://mydatasuites.com/powered-shell-data-center-nashville/,
us-databank-bos1-downtown-boston,DataBank BOS1 - Downtown Boston,United States,42.354699,-71.060271,0.5,it_load,source_reported_or_compiled,operational,https://www.databank.com/data-centers/boston/1-summer-street/;https://www.peeringdb.com/fac/2250,
us-databank-bwi1-downtown-baltimore-data-center,DataBank BWI1 (Downtown Baltimore Data Center),United States,39.291652966378,-76.619738877727,1.5,it_load,source_reported_or_compiled,operational,https://www.databank.com/wp-content/uploads/2020/10/DB_DCTR_BWI1_Q32020_v2.pdf,
us-databank-brooklyn-park-campus,DataBank Brooklyn Park Campus,United States,45.116,-93.386,9.0,it_load,source_reported_or_compiled,operational,https://www.databank.com/data-centers/minneapolis/brooklyn-park-campus/;https://www.databank.com/resources/press-releases/databank-officially-qualifies-for-minnesota-tax-incentives/;https://www.databank.com/data-centers/minneapolis/;https://www.peeringdb.com/api/fac?state=MN&country=US,
us-databank-cleveland-cle1,DataBank Cleveland (CLE1),United States,41.4998,-81.6829,0.4,it_load,source_reported_or_compiled,operational,https://www.databank.com/data-centers/cleveland/1255-euclid-ave/;https://www.datacentermap.com/usa/ohio/cleveland/databank-cleveland/,
us-databank-den2-centennial,DataBank DEN2 — Centennial,United States,39.5917924,-104.8479857,4.0,it_load,source_reported_or_compiled,operational,https://www.databank.com/data-centers/denver/centennial-campus/,
us-databank-den5-centennial-ii,DataBank DEN5 — Centennial II,United States,39.5900652,-104.8469635,16.0,it_load,source_reported_or_compiled,operational,https://www.databank.com/data-centers/denver/centennial-campus/den5/;https://www.databank.com/data-centers/denver/centennial-campus/,
us-databank-downtown-minneapolis-data-center-msp4,DataBank Downtown Minneapolis Data Center (MSP4),United States,44.971127,-93.2546167,0.779,it_load,source_reported_or_compiled,operational,https://www.databank.com/data-centers/minneapolis/;https://www.peeringdb.com/api/fac?state=MN&country=US;https://nominatim.openstreetmap.org/search?q=511+11th+Ave+S%2C+Minneapolis%2C+MN&format=json&limit=1&addressdetails=1,
us-databank-ewr2-piscataway,DataBank EWR2 (Piscataway),United States,40.549247,-74.458241,3.0,it_load,source_reported_or_compiled,operational,https://www.databank.com/data-centers/new-jersey/;https://www.peeringdb.com/api/fac?name__contains=DataBank&state=NJ,
us-databank-east-twin-cities-data-center-msp2,DataBank East Twin Cities Data Center (MSP2),United States,44.8375194,-93.1454144,5.0,it_load,source_reported_or_compiled,operational,https://www.databank.com/data-centers/minneapolis/eagan/;https://www.databank.com/resources/press-releases/databank-officially-qualifies-for-minnesota-tax-incentives/;https://www.databank.com/data-centers/minneapolis/,
us-databank-las1,DataBank LAS1,United States,36.0597501,-115.1470938,3.35,it_load,source_reported_or_compiled,operational,https://www.databank.com/data-centers/las-vegas/,
us-databank-lga3-orangeburg-data-center-campus,DataBank LGA3 (Orangeburg Data Center Campus),United States,41.037331,-73.987853,20.0,it_load,source_reported_or_compiled,operational,https://www.databank.com/data-centers/new-york/lga3;https://www.datacenterfrontier.com/site-selection/article/55056553/databanks-orangeburg-data-center-campus-targets-ai-for-the-empire-state,
us-databank-mci2-pine-ridge-data-center,DataBank MCI2 Pine Ridge Data Center,United States,38.975738717441,-94.708635080112,2.0,it_load,source_reported_or_compiled,operational,https://www.databank.com/data-centers/kansas-city/,
us-databank-mci3-south-lake-campus-data-center,DataBank MCI3 South Lake Campus Data Center,United States,38.925685125075,-94.769520334995,12.75,it_load,source_reported_or_compiled,operational,https://www.databank.com/data-centers/kansas-city/,
us-databank-mem1-memphis,DataBank MEM1 (Memphis),United States,35.20249,-89.8097,0.45,it_load,source_reported_or_compiled,operational,https://www.databank.com/data-centers/memphis/7620-appling-center-drive/;https://baxtel.com/data-center/memphis,
us-databank-mia1-downtown-miami,DataBank MIA1 — Downtown Miami,United States,25.775811,-80.192959,1.6,it_load,source_reported_or_compiled,operational,https://www.databank.com/data-centers/miami/;https://www.peeringdb.com/api/fac?city=Miami,
us-databank-ord3-mount-prospect,DataBank ORD3 (Mount Prospect),United States,42.0771274,-87.9238121,2.7,it_load,source_reported_or_compiled,operational,https://www.databank.com/data-centers/chicago/,
us-databank-ord4-chicago-tri-state,DataBank ORD4 (Chicago Tri-State),United States,41.85392,-87.9221234,8.75,it_load,source_reported_or_compiled,operational,https://www.databank.com/data-centers/chicago/,
us-databank-pit1-downtown-pittsburgh,DataBank PIT1 (Downtown Pittsburgh),United States,40.4479,-80.0086,1.9,it_load,source_reported_or_compiled,operational,https://www.databank.com/data-centers/pittsburgh/,
us-databank-pit2-summit-park,DataBank PIT2 (Summit Park),United States,40.4433,-80.1697,5.0,it_load,source_reported_or_compiled,operational,https://www.databank.com/data-centers/pittsburgh/,
us-databank-slc1-salt-lake-city-carrier-hotel,DataBank SLC1 (Salt Lake City Carrier Hotel),United States,40.76852,-111.88585,1.0,it_load,source_reported_or_compiled,operational,https://www.databank.com/resources/blogs/get-to-know-databanks-salt-lake-city-data-centers/;https://d36oiwf74r1rap.cloudfront.net/wp-content/uploads/2026/04/Data-Center-Growth-FS-Apr2026.pdf;https://cra.slc.gov/projects/central-business-district/;https://cra.slc.gov/wp-content/uploads/2021/12/SLCRDA_FY2021_FINAL.pdf,
us-databank-sna1,DataBank SNA1,United States,33.69137,-117.84036,2.64,it_load,source_reported_or_compiled,operational,https://www.databank.com/data-centers/irvine/,
us-databank-sna2,DataBank SNA2,United States,33.68882,-117.84289,8.0,it_load,source_reported_or_compiled,operational,https://www.databank.com/data-centers/irvine/,
us-databank-san-diego-san1,DataBank San Diego SAN1,United States,32.9886013,-117.073246,7.2,it_load,source_reported_or_compiled,operational,https://www.databank.com/data-centers/san-diego/12270-world-trade-drive/;https://www.databank.com/resources/press-releases/databank-expands-capacity-of-san1-data-center-in-san-diego/;https://baxtel.com/data-center/databank-san-diego-san1,
us-databank-west-twin-cities-data-center-msp1,DataBank West Twin Cities Data Center (MSP1),United States,44.8628296,-93.3305557,1.35,it_load,source_reported_or_compiled,operational,https://www.databank.com/data-centers/minneapolis/;https://www.peeringdb.com/api/fac?state=MN&country=US;https://nominatim.openstreetmap.org/search?street=7700+France+Ave+S&city=Edina&state=MN&country=US&format=json&limit=2,
us-dataverge-brooklyn-industry-city,DataVerge Brooklyn (Industry City),United States,40.6579597,-74.0055488,140.0,it_load,source_reported_or_compiled,operational,https://dataverge.com/interconnected-data-center-brooklyn/;https://baxtel.com/data-center/dataverge-brooklyn;https://nominatim.openstreetmap.org/search?q=882+3rd+Avenue%2C+Brooklyn%2C+NY+11232&format=json&limit=2&addressdetails=1,
us-davis-besse-nuclear-power-station,Davis-Besse Nuclear Power Station,United States,41.59667,-83.08639,908.0,it_load,source_reported_or_compiled,operational,https://www.prnewswire.com/news-releases/vistra-and-meta-announce-agreements-to-support-nuclear-plants-in-pjm-and-add-new-nuclear-generation-to-the-grid-302656941.html;https://www.power-eng.com/nuclear/vistra-and-meta-ink-ppa-for-2-6-gw-of-nuclear-power-in-pjm-region/;https://stocktitan.net/news/VST/vistra-and-meta-announce-agreements-to-support-nuclear-plants-in-pjm-zul6gbxgqjn9.html;https://en.wikipedia.org/wiki/Davis%E2%80%93Besse_Nuclear_Power_Station,
us-decorah-battery-project,Decorah Battery Project,United States,43.3241694,-91.7928804,2.5,it_load,source_reported_or_compiled,operational,https://www.alliantenergy.com/our-energy/energy-storage/decorah;https://api.openstreetmap.org/api/0.6/way/1464602551.json,
us-deer-run-battery-energy-storage-system,Deer Run Battery Energy Storage System,United States,41.951305,-91.6939826,5.0,it_load,source_reported_or_compiled,operational,https://www.alliantenergy.com/news/news-center/2022/08/2-deerrunbattery;https://api.openstreetmap.org/api/0.6/way/1177362113.json,
us-delta-wind-farm,Delta Wind Farm,United States,34.49771,-90.39148,184.5,it_load,source_reported_or_compiled,operational,https://www.powermag.com/amazon-aes-partner-on-first-utility-scale-wind-farm-in-mississippi/;https://www.canarymedia.com/articles/wind/mississippi-just-got-its-first-utility-scale-wind-farm;https://www.aboutamazon.com/news/company-news/amazon-25-billion-mississippi-data-centers;https://overpass-api.de/api/interpreter,
us-delta-s-edge-solar,Delta's Edge Solar,United States,33.525286,-90.06936,100.0,it_load,source_reported_or_compiled,operational,https://www.eia.gov/electricity/data/eia860m/xls/july_generator2026.xlsx;https://api.openstreetmap.org/api/0.6/way/1270977406.json,
us-digihost-digi-power-x-fortistar-north-tonawanda,Digihost / Digi Power X — Fortistar North Tonawanda,United States,43.0483121591696,-78.85360658271534,60.0,it_load,source_reported_or_compiled,operational,https://earthjustice.org/press/2026/appeals-court-delivers-blow-to-north-tonawanda-crypto-operation-reinforces-new-yorks-climate-law;https://buffalonews.com/news/local/digihost-north-tonawanda-plant-judge-ruling-new-york/article_3451bb94-a2d2-11ef-873b-27c39f255943.html;https://www.datacenterdynamics.com/en/news/citys-data-center-moratorium-in-new-york-impacts-digi-power-xs-hopes-to-convert-cryptomine-to-ai-data-center/;https://www.nysenate.gov/legislation/bills/2025/S10642;https://gis.niagaracounty.com/arcgis/rest/services/NC_GIS/NC_GIS/FeatureServer/4/query?where=SBL%3D%271820070001013001%27&outFields=*&outSR=4326&f=json,
us-digihost-erie-county-buffalo,Digihost — Erie County (Buffalo),United States,42.919825,-78.81999,42.0,it_load,source_reported_or_compiled,operational,https://www.gem.wiki/Digihost_American_Axle_Erie_County_facility;https://gisservices.its.ny.gov/arcgis/rest/services/NYS_Tax_Parcels_Public/MapServer/1/query?where=PRINT_KEY%3D%27101.24-1-1.1%27+AND+COUNTY_NAME%3D%27Erie%27&outFields=*&f=json&returnGeometry=true&outSR=4326,
us-digital-fortress-lynnwood-sea1,Digital Fortress Lynnwood (SEA1),United States,47.8224039,-122.2896138,10.0,it_load,source_reported_or_compiled,operational,https://www.openstreetmap.org/way/589360530;https://baxtel.com/data-center/digital-fortress-lynnwood,
us-digital-fortress-pnj-piscataway,Digital Fortress PNJ (Piscataway),United States,40.544144,-74.496592,1.8,it_load,source_reported_or_compiled,operational,https://digital-fortress.com/piscataway-data-center/;https://www.peeringdb.com/api/fac?state=NJ&limit=250,
us-digital-fortress-ptl-downtown-portland-1,Digital Fortress PTL (Downtown Portland 1),United States,45.52115,-122.68189,2.1,it_load,source_reported_or_compiled,operational,https://digital-fortress.com/portland-interconnected-data-centers/;https://digital-fortress.com/digital-fortress-acquires-three-datacenter-facilities-in-portland-oregon/;https://baxtel.com/data-center/digital-fortress-portland,
us-digital-realty-acc3,Digital Realty ACC3,United States,39.01988,-77.4598033,36.4,it_load,source_reported_or_compiled,operational,https://baxtel.com/data-center/44520-hastings-acc3-digital-realty;https://www.openstreetmap.org/way/298242335;https://www.arcgis.com/home/item.html?id=597555ce8e4a4892a030784a7c657fdd,
us-digital-realty-oak10,Digital Realty OAK10,United States,37.7992148,-122.2829762,2.0,it_load,source_reported_or_compiled,operational,https://www.digitalrealty.com/data-centers/americas/silicon-valley/oak10;https://www.openstreetmap.org/way/377378597;https://datacenterhawk.com/marketplace/providers/digital-realty/720-2nd-street/oak10,
us-digital-realty-phx-tempe,Digital Realty PHX (Tempe),United States,33.3446197,-111.8992189,33.8,it_load,source_reported_or_compiled,operational,https://www.digitalrealty.com/data-centers/americas/phoenix;https://www.openstreetmap.org/way/220518160,
us-driver-solar,Driver Solar,United States,35.6406,-89.9694,250.0,it_load,source_reported_or_compiled,operational,https://www.entergy.com/wp-content/uploads/15/Entergy-renewable-portfolio.pdf;https://www.gem.wiki/Driver_solar_farm,
us-enguard-data-center-jackson-technical,ENGUARD Data Center (Jackson Technical),United States,36.1509,-95.9856,0.4,it_load,source_reported_or_compiled,operational,https://www.newson6.com/tulsa-oklahoma-news/where-are-data-centers-are-being-built-oklahoma-list;https://dcmap.us/states/oklahoma/,
us-eagle-mountain-data-oc1-anaheim-data-center,Eagle Mountain Data OC1 (Anaheim Data Center),United States,33.8366,-117.9143,45.0,it_load,source_reported_or_compiled,operational,https://eaglemountain.ai/post/eagle-mountain-data-now-offering-high-density-ai-gpu-capacity-at-fully-energized-anaheim-data-center,
us-edgeconnex-chi02,EdgeConneX CHI02,United States,42.0014952,-87.9525624,7.0,it_load,source_reported_or_compiled,operational,https://www.edgeconnex.com/locations/americas/chicago-il/;https://www.openstreetmap.org/way/377032058;https://www.edgeconnex.com/news/press-releases/edgeconnex-and-lambda-to-build-ai-factory-in-chicago-with-industry-leading-high-density-data-center-infrastructure/;https://www.arcgis.com/home/item.html?id=597555ce8e4a4892a030784a7c657fdd;https://lambda.ai/blog/lambda-edgeconnex-dc-pr;https://platform.inflect.com/building/2021-lunt-avenue-elk-grove-village/edgeconnex/datacenter/edcchi02,
us-edgeconnex-den01-denver,EdgeConneX DEN01 Denver,United States,39.5608526,-104.8275475,3.0,it_load,source_reported_or_compiled,operational,https://www.edgeconnex.com/locations/americas/denver-co/,
us-edgeconnex-las-vegas-edclas01,EdgeConneX Las Vegas (EDCLAS01),United States,36.0662784,-115.1315773,0.75,it_load,source_reported_or_compiled,operational,https://www.peeringdb.com/api/fac?state=NV&limit=200;https://dcmap.us/markets/las-vegas/,
us-edgeconnex-slc01,EdgeConneX SLC01,United States,40.69679,-111.9867,1.0,it_load,source_reported_or_compiled,operational,https://d36oiwf74r1rap.cloudfront.net/wp-content/uploads/2026/04/Data-Center-Growth-FS-Apr2026.pdf;https://www.wvc-ut.gov/ArchiveCenter/ViewFile/Item/3376,
us-edgecore-mesa-data-center-campus,EdgeCore Mesa Data Center Campus,United States,33.375,-111.6497,206.0,it_load,source_reported_or_compiled,operational,https://edgecore.com/edgecore-digital-infrastructure-announces-expansion-of-its-metro-phoenix-data-center-market-to-over-450-mw/;https://www.datacenterdynamics.com/en/news/edgecore-expands-mesa-data-center-campus-in-arizona/;https://azbigmedia.com/real-estate/edgecore-expands-mesa-data-center-campus-to-over-450-mw/,
us-edged-atlanta-atl01,Edged Atlanta (ATL01),United States,33.749,-84.388,27.0,it_load,source_reported_or_compiled,operational,https://www.prnewswire.com/news-releases/edged-data-centers-celebrates-grand-opening-of-new-ultra-efficient-sustainable-data-center-in-atlanta-302228778.html,
us-edged-columbus,Edged Columbus,United States,40.10608,-82.81578,24.0,it_load,source_reported_or_compiled,operational,https://gis.franklincountyohio.gov/hosting/rest/services/ParcelFeatures/Parcel_Features/FeatureServer/0/query?where=UPPER(OWNERNME1)+LIKE+'%25EDGED%25'&outFields=*&returnCentroid=true&outSR=4326&f=json;https://edged.us/news/columbus-grand-opening;https://bluewaterhealthyliving.com/news/national-news/ohio/new-albany-welcomes-246-million-edged-data-center-promising-water-energy-efficiency/,
us-edged-dallas-irving,Edged Dallas (Irving),United States,32.8211516,-96.9169508,24.0,it_load,source_reported_or_compiled,operational,https://edged.us/news/edged-dallas-irving,
us-edged-mesa-data-center,Edged Mesa Data Center,United States,33.4152,-111.8315,36.0,it_load,source_reported_or_compiled,operational,https://edged.us/news/edged-us-opens-waterless-ai-ready-data-center-in-the-heart-of-arizonas-silicon-desert-tech-corridor,
us-element-critical-austin-one,Element Critical Austin One,United States,30.3428035,-97.6961735,5.0,it_load,source_reported_or_compiled,operational,https://elementcritical.com/data-centers/austin-data-center/;https://www.openstreetmap.org/way/384396017,
us-element-critical-chicago-one,Element Critical Chicago One,United States,41.9757324,-87.9646913,7.0,it_load,source_reported_or_compiled,operational,https://elementcritical.com/data-centers/chicago-one/;https://www.openstreetmap.org/way/384690290;https://www.arcgis.com/home/item.html?id=597555ce8e4a4892a030784a7c657fdd,
us-element-critical-chicago-two,Element Critical Chicago Two,United States,41.9742269,-87.9671756,5.0,it_load,source_reported_or_compiled,operational,https://elementcritical.com/data-centers/chicago-two/;https://www.openstreetmap.org/way/377212693;https://www.arcgis.com/home/item.html?id=597555ce8e4a4892a030784a7c657fdd,
us-eleven-mile-solar-center,Eleven Mile Solar Center,United States,32.8599359,-111.5933508,300.0,it_load,source_reported_or_compiled,operational,https://us.orsted.com/news-archive/2023/12/meta-teams-up-with-srp-and-orsted-to-support-data-center-with-clean-energy-from-new-solar-and-battery-project;https://www.nsenergybusiness.com/projects/eleven-mile-solar-center-arizona-us/;https://nominatim.openstreetmap.org/search?q=Eleven+Mile+Solar+Center%2C+Pinal+County%2C+Arizona&format=json&limit=2,
us-elizabeth-solar-project,Elizabeth Solar Project,United States,30.81981,-92.971755,125.0,it_load,source_reported_or_compiled,operational,https://americanpress.com/2026/06/23/elizabeth-solar-project-expected-to-bring-millions-in-long-term-economic-benefits-to-allen-parish/;https://www.entergy.com/wp-content/uploads/15/Entergy-renewable-portfolio.pdf;https://services2.arcgis.com/FiaPA4ga0iQKduv3/arcgis/rest/services/Power_Plants_in_the_US/FeatureServer/0/query?where=State%3D%27Louisiana%27+AND+PrimSource%3D%27solar%27&outFields=*&f=json&resultRecordCount=200,
us-elk-hills-power-plant-crc,Elk Hills Power Plant (CRC),United States,35.280318,-119.4707,550.0,it_load,source_reported_or_compiled,operational,https://www.gem.wiki/Elk_Hills_power_station;https://www.epa.gov/uic/R9UIC-CA1-FY23-1;https://www.bakersfield.com/news/crc-proposes-w-kern-data-center-with-dedicated-power-closed-loop-cooling/article_5f2d14f7-8f86-4478-958d-513b8f9de1da.html;https://www.turnto23.com/news/in-your-neighborhood/taft-maricopa/massive-ai-data-center-proposed-for-kern-countys-elk-hills,
us-elkhorn-ridge-wind-farm,Elkhorn Ridge Wind Farm,United States,42.6909,-97.6252,81.0,it_load,source_reported_or_compiled,operational,https://www.gem.wiki/Elkhorn_Ridge_wind_farm;https://dwee.nebraska.gov/state-energy-information/energy-statistics/fuels/wind/wind-energy-generation-nebraska,
us-equinix-ashburn-campus-dc1-dc15,Equinix Ashburn Campus (DC1–DC15),United States,39.0437,-77.4875,500.0,it_load,source_reported_or_compiled,operational,"https://en.wikipedia.org/wiki/Ashburn,_Virginia#Data_centers;https://sustainability.equinix.com/wp-content/uploads/2022/04/GU_IBX-Sustainability-Quick-Reference_EN-LTR-1.pdf;https://www.loudounwater.org/commercial-customers/reclaimed-water-program;https://www.vedp.org/incentive/data-center-retail-sales-use-tax-exemption;https://www.hklaw.com/en/insights/publications/2025/04/loudoun-county-virginia-eliminates-by-right-data-center-development;https://www.equinix.com/data-centers/americas-colocation/united-states-colocation/washington-dc-data-centers",
us-evocative-bos1-somerville,Evocative BOS1 (Somerville),United States,42.377932,-71.080419,6.0,it_load,source_reported_or_compiled,operational,https://www.evocative.com/data-centers/boston/;https://www.peeringdb.com/fac/9460,
us-evocative-ewr1-secaucus,Evocative EWR1 (Secaucus),United States,40.787662,-74.068015,10.0,it_load,source_reported_or_compiled,operational,https://evocative.com/data-centers/secaucus-nj-data-center-ewr1/;https://www.peeringdb.com/api/fac?state=NJ&limit=250,
us-expedient-bwi1-owings-mills,Expedient BWI1 (Owings Mills),United States,39.4273178,-76.8115503,0.8,it_load,source_reported_or_compiled,operational,https://www.expedient.com/data-centers/baltimore/;https://www.openstreetmap.org/node/11167641842;https://www.arcgis.com/home/item.html?id=597555ce8e4a4892a030784a7c657fdd,
us-expedient-baltimore-tide-point,Expedient Baltimore - Tide Point,United States,39.2746554,-76.5916709,2.0,it_load,source_reported_or_compiled,operational,https://www.datacenters.com/expedient-baltimore-tide-point;https://www.openstreetmap.org/node/11168593094,
us-expedient-cmh1-upper-arlington,Expedient CMH1 (Upper Arlington),United States,40.0578366,-83.078426,1.6,it_load,source_reported_or_compiled,operational,https://expedient.com/data-centers/columbus/,
us-expedient-cmh2-dublin,Expedient CMH2 (Dublin),United States,40.0907697,-83.1539198,4.8,it_load,source_reported_or_compiled,operational,https://expedient.com/data-centers/columbus/;https://cloudandcolocation.com/state/ohio/,
us-expedient-cmh3-lewis-center,Expedient CMH3 (Lewis Center),United States,40.1533067,-82.9614584,7.0,it_load,source_reported_or_compiled,operational,https://expedient.com/data-centers/columbus/,
us-expedient-mke1-milwaukee-franklin,Expedient MKE1 (Milwaukee/Franklin),United States,42.8631424,-87.9778759,1.6,it_load,source_reported_or_compiled,operational,https://www.expedient.com/data-centers/milwaukee/;https://www.openstreetmap.org/way/664938835;https://www.arcgis.com/home/item.html?id=597555ce8e4a4892a030784a7c657fdd,
us-expedient-memphis-mem1,Expedient Memphis (MEM1),United States,35.062965,-89.786143,1.5,it_load,source_reported_or_compiled,operational,https://www.peeringdb.com/api/fac?id=8473;https://expedient.com/data-centers/memphis/,
us-expedient-pit1-green-tree-pittsburgh-south,Expedient PIT1 (Green Tree / Pittsburgh South),United States,40.427371,-80.0425212,1.8,it_load,source_reported_or_compiled,operational,https://www.expedient.com/data-centers/pittsburgh/;https://www.openstreetmap.org/way/537807168,
us-fervo-energy-project-red,Fervo Energy Project Red,United States,40.9953,-118.1428,3.5,it_load,source_reported_or_compiled,operational,https://www.canarymedia.com/articles/geothermal/americas-first-enhanced-geothermal-plant-just-got-up-and-running;https://blog.google/company-news/outreach-and-initiatives/sustainability/google-fervo-geothermal-energy-partnership/,
us-fiberstate-slc1,FiberState SLC1,United States,40.52478,-111.8628,4.0,it_load,source_reported_or_compiled,operational,https://d36oiwf74r1rap.cloudfront.net/wp-content/uploads/2026/04/Data-Center-Growth-FS-Apr2026.pdf;https://www.draperutah.gov/media/5baoyq5c/adopted-budget-cra-fy26-final.pdf;https://www.draperutah.gov/media/sfkbgezm/acfr-fy22-draper-city.pdf,
us-firstlight-manchester-data-center,FirstLight Manchester Data Center,United States,42.9720295,-71.4705697,2.0,it_load,source_reported_or_compiled,operational,https://baxtel.com/data-center/new-hampshire;https://baxtel.com/data-center/firstlight-manchester;https://www.firstlight.net/resources/data-center-manchester-nh-specifications/,
us-flat-fork-solar,Flat Fork Solar,United States,34.8828,-91.1041,200.0,it_load,source_reported_or_compiled,operational,https://www.entergy.com/wp-content/uploads/15/Entergy-renewable-portfolio.pdf;https://www.gem.wiki/Flat_Fork_Solar_solar_farm;https://cleanview.co/power-projects/operating/solar-farms/arkansas,
us-flexential-atlanta-alpharetta-data-center,Flexential Atlanta - Alpharetta Data Center,United States,34.0869864,-84.2518184,6.0,it_load,source_reported_or_compiled,operational,https://www.flexential.com/data-centers/ga/atlanta/alpharetta-data-center;https://www.openstreetmap.org/way/39083797;https://www.arcgis.com/home/item.html?id=597555ce8e4a4892a030784a7c657fdd,
us-flexential-atlanta-douglasville-1,Flexential Atlanta - Douglasville 1,United States,33.7310574,-84.6160809,22.5,it_load,source_reported_or_compiled,operational,https://www.flexential.com/data-centers/ga/atlanta/douglasville-data-center;https://www.openstreetmap.org/way/1097502168;https://www.datacenterdynamics.com/en/news/digitalocean-to-deploy-gpus-at-flexential-data-center-in-atlanta/;https://www.datacentermap.com/usa/georgia/atlanta/flexential-atlanta-douglasville/,
us-flexential-charlotte-south-clt01-02-03,Flexential Charlotte - South (CLT01/02/03),United States,35.1354147,-80.9368313,2.36,it_load,source_reported_or_compiled,operational,https://www.flexential.com/data-centers/nc/charlotte/south-data-center;https://www.openstreetmap.org/way/215630401;https://www.arcgis.com/home/item.html?id=597555ce8e4a4892a030784a7c657fdd,
us-flexential-cottonwood,Flexential Cottonwood,United States,40.61347,-111.82565,2.0,it_load,source_reported_or_compiled,operational,https://d36oiwf74r1rap.cloudfront.net/wp-content/uploads/2026/04/Data-Center-Growth-FS-Apr2026.pdf;https://www.utah.gov/pmn/files/1088841.pdf,
us-flexential-dallas-downtown-dallas,Flexential Dallas - Downtown Dallas,United States,32.8004101,-96.8193707,6.66,it_load,source_reported_or_compiled,operational,https://www.flexential.com/data-centers/tx/dallas/downtown-data-center;https://www.openstreetmap.org/node/12112238944,
us-flexential-dallas-plano,Flexential Dallas - Plano,United States,33.007033,-96.6663507,13.0,it_load,source_reported_or_compiled,operational,https://www.flexential.com/data-centers/tx/dallas/plano-data-center;https://www.openstreetmap.org/way/650412346;https://www.datacenterdynamics.com/en/news/flexential-to-host-coreweave-hardware-in-plano-data-center-texas/;https://www.datacentermap.com/usa/texas/dallas/flexential-plano/specs/;https://www.datacenterfrontier.com/design/article/33015029/dcf-tours-flexential-dallas-plano-data-center-18-mw-colocation-facility,
us-flexential-denver-englewood,Flexential Denver - Englewood,United States,39.558994,-104.8375559,18.0,it_load,source_reported_or_compiled,operational,https://www.flexential.com/data-centers/co/denver/englewood-data-center;https://www.openstreetmap.org/way/377545385;https://www.arcgis.com/home/item.html?id=597555ce8e4a4892a030784a7c657fdd,
us-flexential-las-vegas-downtown,Flexential Las Vegas - Downtown,United States,36.1686438,-115.1431445,1.37,it_load,source_reported_or_compiled,operational,https://www.flexential.com/data-centers/nv/las-vegas/downtown-data-center;https://www.openstreetmap.org/way/1379421123,
us-flexential-las-vegas-north-las04,Flexential Las Vegas - North (LAS04),United States,36.2481633,-115.1012553,9.0,it_load,source_reported_or_compiled,operational,https://www.flexential.com/data-centers/nv/las-vegas/north-data-center;https://www.openstreetmap.org/way/746278786,
us-flexential-minneapolis-chaska-msp01,Flexential Minneapolis - Chaska (MSP01),United States,44.8516116,-93.5988964,9.0,it_load,source_reported_or_compiled,operational,https://www.flexential.com/data-centers/mn/minneapolis/chaska-data-center;https://www.openstreetmap.org/way/52227492;https://www.arcgis.com/home/item.html?id=597555ce8e4a4892a030784a7c657fdd,
us-flexential-nashville-brentwood-nas01-04,Flexential Nashville - Brentwood (NAS01/04),United States,35.9727294,-86.8084949,1.49,it_load,source_reported_or_compiled,operational,https://www.flexential.com/data-centers/tn/nashville/brentwood-data-center;https://www.openstreetmap.org/node/12112295055,
us-flexential-nashville-cool-springs,Flexential Nashville - Cool Springs,United States,35.951045,-86.833406,3.15,it_load,source_reported_or_compiled,operational,https://www.flexential.com/data-centers/tn/nashville/cool-springs-data-center;https://www.openstreetmap.org/way/1210515186;https://www.arcgis.com/home/item.html?id=597555ce8e4a4892a030784a7c657fdd,
us-flexential-nashville-franklin,Flexential Nashville - Franklin,United States,35.9204203,-86.8155401,6.0,it_load,source_reported_or_compiled,operational,https://www.flexential.com/data-centers/tn/nashville/franklin-data-center;https://www.openstreetmap.org/way/942604537;https://www.arcgis.com/home/item.html?id=597555ce8e4a4892a030784a7c657fdd,
us-flexential-philadelphia-collegeville-phl01,Flexential Philadelphia - Collegeville (PHL01),United States,40.1522366,-75.4776181,7.2,it_load,source_reported_or_compiled,operational,https://www.flexential.com/data-centers/pa/philadelphia/collegeville-data-center;https://www.openstreetmap.org/way/1178609569;https://www.arcgis.com/home/item.html?id=597555ce8e4a4892a030784a7c657fdd;https://www.datacenters.com/flexential-philadelphia-collegeville,
us-flexential-phoenix-deer-valley,Flexential Phoenix - Deer Valley,United States,33.6846775,-112.0983398,5.02,it_load,source_reported_or_compiled,operational,https://www.flexential.com/data-centers/az/phoenix/deer-valley-data-center;https://www.openstreetmap.org/way/157362579,
us-flexential-portland-hillsboro-1-pdx01,Flexential Portland - Hillsboro 1 (PDX01),United States,45.5498253,-122.8908454,5.3,it_load,source_reported_or_compiled,operational,https://www.flexential.com/data-centers/or/portland/hillsboro1-data-center;https://www.openstreetmap.org/way/328703598;https://www.arcgis.com/home/item.html?id=597555ce8e4a4892a030784a7c657fdd,
us-flexential-portland-hillsboro-2,Flexential Portland - Hillsboro 2,United States,45.558302,-122.9171647,18.0,it_load,source_reported_or_compiled,operational,https://www.flexential.com/data-centers/or/portland/hillsboro2-data-center;https://www.openstreetmap.org/way/471691760;https://www.arcgis.com/home/item.html?id=597555ce8e4a4892a030784a7c657fdd,
us-flexential-portland-hillsboro-3,Flexential Portland - Hillsboro 3,United States,45.5594805,-122.9382011,36.0,it_load,source_reported_or_compiled,operational,https://www.flexential.com/data-centers/or/portland/hillsboro3-data-center;https://www.openstreetmap.org/way/918873142;https://www.arcgis.com/home/item.html?id=597555ce8e4a4892a030784a7c657fdd,
us-flexential-portland-hillsboro-4-pdx04,Flexential Portland - Hillsboro 4 (PDX04),United States,45.5553133,-122.9401317,18.0,it_load,source_reported_or_compiled,operational,https://www.flexential.com/data-centers/or/portland/hillsboro4-data-center;https://www.openstreetmap.org/way/860433344;https://www.arcgis.com/home/item.html?id=597555ce8e4a4892a030784a7c657fdd;https://www.flexential.com/resources/press-release/flexential-acquires-prime-property-hillsboro-plans-new-data-center,
us-flexential-portland-hillsboro-5,Flexential Portland - Hillsboro 5,United States,45.5564617,-122.9394058,36.0,it_load,source_reported_or_compiled,operational,https://www.prnewswire.com/news-releases/flexential-secures-strategic-real-estate-ownership-in-hillsboro-oregon-with-acquisition-of-two-data-center-properties-302783801.html;https://www.prnewswire.com/news-releases/flexential-acquires-prime-property-in-hillsboro-plans-new-data-center-as-next-phase-of-expansion-302546009.html,
us-flexential-richmond-ric01-02,Flexential Richmond (RIC01/02),United States,37.6468902,-77.4386952,2.8,it_load,source_reported_or_compiled,operational,https://www.flexential.com/data-centers/va/richmond/data-center;https://www.openstreetmap.org/way/257581364;https://www.arcgis.com/home/item.html?id=597555ce8e4a4892a030784a7c657fdd,
us-flexential-salt-lake-city-downtown,Flexential Salt Lake City - Downtown,United States,40.7563065,-111.9548375,2.65,it_load,source_reported_or_compiled,operational,https://www.flexential.com/data-centers/ut/salt-lake-city/downtown-data-center;https://www.openstreetmap.org/way/729696933;https://www.arcgis.com/home/item.html?id=597555ce8e4a4892a030784a7c657fdd;https://cra.slc.gov/project-areas/,
us-flexential-salt-lake-city-lindon,Flexential Salt Lake City - Lindon,United States,40.332648,-111.7278754,0.57,it_load,source_reported_or_compiled,operational,https://www.flexential.com/data-centers/ut/salt-lake-city/lindon-data-center;https://www.openstreetmap.org/node/12112382397;https://www.arcgis.com/home/item.html?id=597555ce8e4a4892a030784a7c657fdd;https://www.utah.gov/pmn/files/1403855.pdf,
us-flexential-salt-lake-city-millcreek,Flexential Salt Lake City - Millcreek,United States,40.685569,-111.8850505,1.92,it_load,source_reported_or_compiled,operational,https://www.flexential.com/data-centers/ut/salt-lake-city/millcreek-data-center;https://www.openstreetmap.org/way/1056658555;https://www.arcgis.com/home/item.html?id=597555ce8e4a4892a030784a7c657fdd;https://www.millcreekut.gov/208/Community-Reinvestment-Agency;https://ut-millcreek.civicplus.com/DocumentCenter/View/4320/Project-Area-Plan--West-Millcreek-CRA,
us-flexential-tampa-north-tpa03,Flexential Tampa - North (TPA03),United States,28.0738698,-82.3683619,3.0,it_load,source_reported_or_compiled,operational,https://www.flexential.com/data-centers/fl/tampa/north-data-center;https://www.openstreetmap.org/way/1085608797,
us-flexential-tampa-west,Flexential Tampa - West,United States,28.0372991,-82.5399781,1.81,it_load,source_reported_or_compiled,operational,https://www.flexential.com/data-centers/fl/tampa/west-data-center;https://www.openstreetmap.org/node/12112380995,
us-forgeview-solar,Forgeview Solar,United States,35.9459,-89.869,200.0,it_load,source_reported_or_compiled,operational,https://www.nexteraenergyresources.com/forgeview-solar/project-overview.html;https://www.entergy.com/wp-content/uploads/15/Entergy-renewable-portfolio.pdf;https://www.gem.wiki/Forgeview_Solar,
us-fort-martin-power-station,Fort Martin Power Station,United States,39.710833,-79.9275,1152.0,it_load,source_reported_or_compiled,operational,https://www.gem.wiki/Fort_Martin_power_station,
us-fortistar-north-tonawanda-cogeneration-facility,Fortistar North Tonawanda Cogeneration Facility,United States,43.0387,-78.8642,55.0,it_load,source_reported_or_compiled,operational,https://dps.ny.gov/event/fortistar-comments-due-fortistar-north-tonawanda-and-digihost-international-petition-transfer,
us-fortitude-aurora-nebraska-facility,Fortitude Aurora Nebraska Facility,United States,40.86472,-98.0075,5.0,it_load,source_reported_or_compiled,operational,https://www.auroranewsregister.com/news/data-center-be-built-mission-critical;https://www.investing.com/news/company-news/fortitude-mining-acquires-125-mw-nebraska-facility-for-625m-93CH-4833967,
us-fortitude-grand-island-nebraska-facility,Fortitude Grand Island Nebraska Facility,United States,40.92167,-98.35861,12.0,it_load,source_reported_or_compiled,operational,https://www.theblock.co/post/409899/barry-silbert-zcash-miner-fortitude-nebraska-facility-online-cut-zec-mining-costs;https://www.centralnebraskatoday.com/2026/06/26/data-center-nearing-completion-in-east-grand-island/,
us-fortitude-prosser-nebraska-facility,Fortitude Prosser Nebraska Facility,United States,40.6875,-98.57806,12.5,it_load,source_reported_or_compiled,operational,https://www.theblock.co/post/410565/dcgs-fortitude-acquires-nebraska-facility-zcash-mining;https://www.hastingstribune.com/news/adams-county-planning-and-zoning-commission-recommends-conditional-use-permit-for-countys-first-data-center/article_b39985d2-ab6e-11ee-9c27-832166c0311a.html;https://www.investing.com/news/company-news/fortitude-mining-acquires-125-mw-nebraska-facility-for-625m-93CH-4833967,
us-giga-data-centers-mooresville-campus,GIGA Data Centers Mooresville Campus,United States,35.5634941,-80.8280378,60.0,it_load,source_reported_or_compiled,operational,https://baxtel.com/data-center/giga-charlotte-mooresville;https://nominatim.openstreetmap.org/search?format=jsonv2&q=1035%20Mecklenburg%20Highway%2C%20Mooresville%2C%20NC,
us-galaxy-helios-data-center-campus,Galaxy Helios Data Center Campus,United States,33.72,-100.84,200.0,it_load,source_reported_or_compiled,operational,https://www.datacenterdynamics.com/en/news/galaxy-secures-approval-for-more-than-800mw-at-helios-campus-in-texas/;https://convergedigest.com/coreweave-locks-in-800-mw-at-galaxys-helios-campus-in-texas/;https://www.thetexasspur.com/news/205m-tax-abatement-paves-way-galaxy-growth-dickens-county;https://www.thetexasspur.com/news/galaxy-inks-major-deal-dickens-helios-host-services-coreweave;https://claycorp.com/project/galaxy-digital-helios-renovation;https://www.prnewswire.com/news-releases/galaxy-completes-phase-i-of-its-helios-data-center-campus-delivering-133-megawatts-of-critical-it-load-to-coreweave-302818664.html;https://www.argoblockchain.com/news-room/2022-december-helios-sale-to-galaxy;https://cryptobriefing.com/galaxy-digital-coreweave-200mw-helios-lease/;https://www.datacenterdynamics.com/en/news/galaxy-digital-closes-14bn-debt-facility-for-helios-data-center-campus-in-texas/;https://www.theblock.co/post/407396/galaxy-delivers-133-mw-of-critical-it-load-to-coreweave-as-helios-bitcoin-mine-turns-ai-hub,
us-genesis-digital-assets-anderson-bitcoin-mining-data-center,Genesis Digital Assets Anderson Bitcoin Mining Data Center,United States,34.5068601,-82.6506264,18.0,it_load,source_reported_or_compiled,operational,https://scbiz.com/bitcoin-miner-opens-three-data-centers-in-anderson-union-counties/;https://nominatim.openstreetmap.org/search?q=Anderson%2C+Anderson+County%2C+South+Carolina&format=json&limit=2,
us-genesis-digital-assets-union-lockhart-bitcoin-mining-data-ce,Genesis Digital Assets Union–Lockhart Bitcoin Mining Data Centers,United States,34.7865238,-81.4620402,15.0,it_load,source_reported_or_compiled,operational,https://scbiz.com/bitcoin-miner-opens-three-data-centers-in-anderson-union-counties/;https://nominatim.openstreetmap.org/search?q=Lockhart%2C+Union+County%2C+South+Carolina&format=json&limit=2,
us-golden-triangle-i-solar-storage,Golden Triangle I Solar + Storage,United States,33.4189,-88.6189,200.0,it_load,source_reported_or_compiled,operational,https://origisenergy.com/project/golden-triangle-i-solar-storage/;https://www.gem.wiki/Golden_Triangle_Solar,
us-golden-triangle-ii-solar-storage,Golden Triangle II Solar + Storage,United States,33.4155,-88.6223,150.0,it_load,source_reported_or_compiled,operational,https://origisenergy.com/project/golden-triangle-ii-solar-storage/;https://www.gem.wiki/Golden_Triangle_Solar,
us-google-council-bluffs-data-center,Google Council Bluffs Data Center,United States,41.167368,-95.792975,407.0,it_load,source_reported_or_compiled,operational,"https://datacenters.google/locations/iowa/;https://www.arcgis.com/home/item.html?id=597555ce8e4a4892a030784a7c657fdd;https://www.einpresswire.com/article/203308813/google-inc-partners-with-midamerican-energy-to-purchase-407-mw-wind;https://www.environmentenergyleader.com/stories/googles-iowa-data-center-buys-407-mw-of-recs,28158;https://www.datacenterknowledge.com/hyperscalers/iowa-officials-approve-tax-breaks-for-google-data-center-expansion;https://thecurrentga.org/2025/08/26/data-centers-consume-massive-amounts-of-water-companies-rarely-tell-the-public-exactly-how-much/",
us-google-the-dalles-data-center-campus,Google The Dalles Data Center Campus,United States,45.5975,-121.1776,300.0,it_load,source_reported_or_compiled,operational,"https://en.wikipedia.org/wiki/The_Dalles,_Oregon#Google_data_centers;https://www.datacenterknowledge.com/google/google-s-enormous-the-dalles-data-center;https://www.datacenterdynamics.com/en/news/we-now-know-how-much-water-googles-oregon-data-centers-use-after-city-drops-lawsuit-against-journalists/;https://www.thedalles.org/business/google_data_centers/ezandsipagreements.php;https://mailtribune.com/news/happening-now/google-touts-1-8-billion-investment-in-the-dalles-data-center;https://www.publicpower.org/periodical/article/northern-wasco-pud-supply-power-google-data-centers;https://www.technostatecraft.com/p/how-google-is-reshaping-a-small-oregon;https://www.opb.org/article/2026/01/15/as-googles-water-demands-grow-the-dalles-aims-to-pull-more-from-mount-hood-forest/;https://www.latitudemedia.com/news/data-center-water-use-black-box-google-trying-to-change/;https://waterwatch.org/googles-water-use-is-soaring-in-the-dalles-records-show-with-two-more-data-centers-to-come-2/;https://datacenters.google/locations/oregon/;https://www.datacenterknowledge.com/hyperscalers/google-confirms-600-million-expansion-in-the-dalles",
us-grande-prairie-wind-farm,Grande Prairie Wind Farm,United States,42.5607,-98.4443,400.0,it_load,source_reported_or_compiled,operational,https://www.gem.wiki/Grande_Prairie_wind_farm;https://dwee.nebraska.gov/state-energy-information/energy-statistics/fuels/wind/wind-energy-generation-nebraska,
us-greenidge-generating-station,Greenidge Generating Station,United States,42.6836,-76.9553,107.0,it_load,source_reported_or_compiled,operational,https://extapps.dec.ny.gov/docs/administration_pdf/greenidgefinal630.pdf;https://nysfocus.com/2021/04/13/new-york-bitcoin-mining-threat;https://www.amny.com/news/ai-data-centers-big-tech-coming-new-york/,
us-greenidge-generation,Greenidge Generation,United States,42.679134,-76.948604,106.0,it_load,source_reported_or_compiled,operational,https://dec.ny.gov/news/press-releases/2025/11/dec-statement-regarding-the-greenidge-agreement;https://rochesterbeacon.com/2025/11/11/dec-signs-agreement-with-greenidge-ends-legal-battle/;https://earthjustice.org/press/2024/another-decision-upholds-denial-of-cryptominer-greenidge-generations-air-permit-dec-case-closed;https://www.weny.com/news/nys-dec-greenidge-generation-reach-settlement-dec-will-issue-title-v-air-permit/article_7ee47706-7d4c-4c5a-bb03-98b74d9700bf.html,
us-greenidge-underwood-north-dakota,Greenidge Underwood (North Dakota),United States,47.4564,-101.1371,7.5,it_load,source_reported_or_compiled,operational,https://www.sec.gov/Archives/edgar/data/1844971/000184497124000010/ex991pressrelease3-11x2024.htm;https://www.sec.gov/Archives/edgar/data/1844971/000162828025051859/gree-20250930.htm;https://www.sec.gov/Archives/edgar/data/0001844971/000162828026035547/gree-20260331.htm,
us-greensparc-cordova-data-center-humpback-creek-hydro,Greensparc Cordova Data Center (Humpback Creek Hydro),United States,60.6099,-145.644,0.17,it_load,source_reported_or_compiled,operational,https://thecordovatimes.com/2024/04/29/new-data-center-launched-at-cec-hydro-plant-bringing-data-hosting-cloud-service-opportunities-to-community/;https://www.akbizmag.com/industry/telecom-tech/greensparc-brings-reliable-powerful-computing-infrastructure-to-cordova/;https://cleantechnica.com/2026/03/09/in-alaska-a-data-center-inside-a-power-plant-inside-a-microgrid/,
us-h5-data-centers-buffalo-i-formerly-yahoo-lockport,H5 Data Centers Buffalo I (formerly Yahoo Lockport),United States,43.16879237433895,-78.7516290070774,15.0,it_load,source_reported_or_compiled,operational,https://www.datacenterdynamics.com/en/news/h5-acquires-new-york-data-centers-from-yahoo-in-sale-leaseback-deal/;https://www.btpm.org/local/2025-01-22/yahoo-lockport-data-center-sold-for-49-million;https://www.datacenterdynamics.com/en/analysis/yahoos-compute-coop-is-not-for-chickens/;https://gis.niagaracounty.com/arcgis/rest/services/NC_GIS/NC_GIS/FeatureServer/4/query?where=SBL%3D%271080000001064000%27&outFields=*&outSR=4326&f=json;https://www.arcgis.com/home/item.html?id=597555ce8e4a4892a030784a7c657fdd;https://www.datacenterknowledge.com/energy-power-supply/yahoo-gets-power-for-buffalo-expansion;https://www.datacenterknowledge.com/build-design/yahoo-launches-second-computing-coop-data-center-in-new-york-state;https://investigativepost.org/2026/07/21/hochul-wants-ban-on-tax-breaks-for-data-centers/,
us-h5-data-centers-buffalo-ii,H5 Data Centers Buffalo II,United States,43.16967580851366,-78.74808845761379,7.2,it_load,source_reported_or_compiled,operational,https://baxtel.com/data-center/h5-buffalo-ii;https://www.datacenterdynamics.com/en/news/h5-acquires-new-york-data-centers-from-yahoo-in-sale-leaseback-deal/;https://gis.niagaracounty.com/arcgis/rest/services/NC_GIS/NC_GIS/FeatureServer/4/query?where=PrclNumb%3D%275365%27+AND+PrclStreet+LIKE+%27%25CROWN%25%27&outFields=*&outSR=4326&f=json;https://www.arcgis.com/home/item.html?id=597555ce8e4a4892a030784a7c657fdd;https://www.datacenterknowledge.com/build-design/yahoo-launches-second-computing-coop-data-center-in-new-york-state,
us-h5-data-centers-denver-denver-tech-center-campus,H5 Data Centers Denver (Denver Tech Center campus),United States,39.6167549,-104.8916814,17.5,it_load,source_reported_or_compiled,operational,https://h5datacenters.com/denver-data-center.html;https://h5datacenters.com/denver-colocation.html,
us-h5-data-centers-omaha-la-vista,H5 Data Centers Omaha (La Vista),United States,41.166,-96.075,17.3,it_load,source_reported_or_compiled,operational,https://h5datacenters.com/omaha-data-center.html;http://web.archive.org/web/20250830145932/https://www.datacenterdynamics.com/en/news/1623-farnam-adds-15mw-to-omaha-data-center-in-nebraska/,
us-h5-data-centers-phoenix-chandler,H5 Data Centers Phoenix (Chandler),United States,33.2769786,-111.8860302,26.0,it_load,source_reported_or_compiled,operational,https://h5datacenters.com/phoenix-data-center.html,
us-h5-data-centers-portland,H5 Data Centers Portland,United States,45.5318147,-122.6839805,2.0,it_load,source_reported_or_compiled,operational,https://h5datacenters.com/portland-data-center.html,
us-harvest-gold-solar,Harvest Gold Solar,United States,33.505,-90.636,99.0,it_load,source_reported_or_compiled,operational,https://www.eia.gov/electricity/data/eia860m/xls/july_generator2026.xlsx,
us-hattiesburg-solar-farm,Hattiesburg Solar Farm,United States,31.275828,-89.30116,50.0,it_load,source_reported_or_compiled,operational,https://www.eia.gov/electricity/data/eia860m/xls/july_generator2026.xlsx,
us-haystack-wind-project,Haystack Wind Project,United States,42.2605,-97.1983,298.0,it_load,source_reported_or_compiled,operational,https://www.gem.wiki/Haystack_Wind_Project;https://dwee.nebraska.gov/state-energy-information/energy-statistics/fuels/wind/wind-energy-generation-nebraska,
us-hayward-exchange-92-data-center,Hayward Exchange @92 Data Center,United States,37.631411,-122.119608,49.0,it_load,source_reported_or_compiled,operational,https://www.hayward-ca.gov/business/for-developers/data-center-development-applications;https://www.graywolf.com/projects/data-centers/hayward-exchange-92-data-center/;https://nominatim.openstreetmap.org/search?format=jsonv2&q=25800%20Clawiter%20Road%2C%20Hayward%2C%20CA,
us-holliday-creek-solar,Holliday Creek Solar,United States,42.5671497,-94.101957,100.0,it_load,source_reported_or_compiled,operational,https://www.midamericanenergy.com/newsroom/2022-holliday-creek;https://api.openstreetmap.org/api/0.6/relation/15697742.json,
us-honda-data-center-1601-dry-creek-drive,Honda Data Center (1601 Dry Creek Drive),United States,40.139512,-105.1361216,1.6,it_load,source_reported_or_compiled,operational,https://baxtel.com/data-center/honda-longmont,
us-huckleberry-solar,Huckleberry Solar,United States,36.2544,-95.3975,125.0,it_load,source_reported_or_compiled,operational,https://www.lreus.com/lre-celebrates-major-milestones-across-725-mw-oklahoma-solar-portfolio-supporting-google-operations-and-regional-power-demand/;https://www.lreus.com/projects/mayes-county-solar/;https://www.gem.wiki/Huckleberry_solar_farm,
us-hut-8-salt-creek-facility,Hut 8 Salt Creek Facility,United States,31.825,-103.909,63.0,it_load,source_reported_or_compiled,operational,https://www.globenewswire.com/news-release/2024/04/16/2863407/0/en/Hut-8-optimizes-self-mining-operations-as-miners-come-online-at-Salt-Creek.html;https://www.globenewswire.com/news-release/2025/03/31/3052066/0/en/Hut-8-and-Eric-Trump-Launch-American-Bitcoin-to-Set-a-New-Standard-in-Bitcoin-Mining.html;https://cdn.kscope.io/4a3545ac7cd83ed5809d42e808998efa.pdf;https://baxtel.com/data-center/hut-8-culberson-county-tx;https://www.tshaonline.org/handbook/entries/orla-tx,
us-hut-8-vega-facility,Hut 8 Vega Facility,United States,35.207,-101.834,205.0,it_load,source_reported_or_compiled,operational,https://www.sec.gov/Archives/edgar/data/1964789/000110465926055891/hut-20260331x10q.htm;https://fortune.com/article/eric-trump-donald-trump-american-bitcoin-newest-arm-trump-crypto-empire/,
us-hyperscale-data-dowagiac-campus,Hyperscale Data Dowagiac Campus,United States,41.984,-86.109,30.0,it_load,source_reported_or_compiled,operational,https://www.dbusiness.com/daily-news/hyperscale-datas-michigan-ai-data-center-doubles-its-land-holdings;https://wwmt.com/news/local/ai-data-center-expansion-dowagiac-loud-noise-complaints-residents-southwest-michigan-hyperscale-megawatt-bitcoin-wwmt;https://seekingalpha.com/pr/20171525-hyperscale-data-targets-full-buildout-of-340-mw-michigan-ai-data-center-campus-in-2029;https://wwmt.com/news/local/hyperscale-data-center-dowagiac-michigan-lawsuit-double-size-acres-acquire-land-noise-sue-ai-alliance-cloud-services-legal-class-action-wwmt;https://www.tftc.io/hyperscale-data-bitcoin-mining-shutdown-dowagiac-ai-data-center;https://www.sec.gov/Archives/edgar/data/0000896493/000121465926009551/ex99_1.htm;https://www.sec.gov/Archives/edgar/data/0000896493/000121465926007477/ex99_1.htm,
us-ip-pathways-urbandale-data-center,IP Pathways Urbandale Data Center,United States,41.6275758,-93.7672535,5.0,it_load,source_reported_or_compiled,operational,https://www.ippathways.com/solutions/data-center-and-colocation/,
us-idaho-national-laboratory-collaborative-computing-center-c3,Idaho National Laboratory Collaborative Computing Center (C3),United States,43.4666,-112.0341,4.0,it_load,source_reported_or_compiled,operational,https://jedunn.com/projects/idaho-national-laboratory-c3-data-centers/;https://aeieng.com/markets/project/idaho-national-laboratory-the-collaborative-computing-center-c3,
us-innova-data-center-mesa-del-sol,Innova Data Center (Mesa del Sol),United States,35.0,-106.63,8.0,it_load,source_reported_or_compiled,operational,https://www.datacenterknowledge.com/archives/2015/06/29/navajo-owned-data-center-offers-way-to-diversify-tribes-revenue-base-beyond-casinos,
us-intermountain-power-project-ipp-renewed,Intermountain Power Project (IPP Renewed),United States,39.51034,-112.57998,840.0,it_load,source_reported_or_compiled,operational,https://www.ipautah.com/ipp-renewed/;https://power.mhi.com/regions/amer/success-stories/ipp-renewed;https://daqpermitting.utah.gov/DocViewer?IntDocID=158288&contentType=application/pdf;https://ipprenewed.com/about/,
us-iris-solar,Iris Solar,United States,30.78184,-90.19536,50.0,it_load,source_reported_or_compiled,operational,https://www.entergy.com/news/new-iris-solar-facility-online-serving-customers;https://www.entergy.com/wp-content/uploads/15/Entergy-renewable-portfolio.pdf;https://services2.arcgis.com/FiaPA4ga0iQKduv3/arcgis/rest/services/Power_Plants_in_the_US/FeatureServer/0/query?where=State%3D%27Louisiana%27+AND+PrimSource%3D%27solar%27&outFields=*&f=json&resultRecordCount=200,
us-iron-mountain-azp-3,Iron Mountain AZP-3,United States,33.4565458,-111.9719014,36.0,it_load,source_reported_or_compiled,operational,https://www.ironmountain.com/data-centers/locations/na/phoenix;https://baxtel.com/data-center/iron-mountain-azp3,
us-iron-mountain-azs-1,Iron Mountain AZS-1,United States,33.6446663,-111.8960985,5.8,it_load,source_reported_or_compiled,operational,https://www.ironmountain.com/data-centers/locations/scottsdale-data-center;https://www.openstreetmap.org/node/11018926315,
us-iron-mountain-boston-data-center-bos-1,Iron Mountain Boston Data Center (BOS-1),United States,42.34088,-71.63706,1.2,it_load,source_reported_or_compiled,operational,https://www.ironmountain.com/data-centers/locations/boston-data-center;https://www.peeringdb.com/fac/6339,
us-iron-mountain-chi-1,Iron Mountain CHI-1,United States,42.0116575,-87.8811913,12.0,it_load,source_reported_or_compiled,operational,https://www.ironmountain.com/data-centers/locations/chicago-data-center;https://dceo.illinois.gov/content/dam/soi/en/web/dceo/aboutdceo/reportsrequiredbystatute/2025-data-centers-annual-report.pdf,
us-iron-mountain-den-1-denver-data-center,Iron Mountain DEN-1 Denver Data Center,United States,39.7773827,-104.9695542,14.4,it_load,source_reported_or_compiled,operational,https://resources.ironmountain.com/solution-guides/d/data-centers-denver-den-1;https://datacenterhawk.com/marketplace/providers/iron-mountain-data-centers/4300-brighton-boulevard/den-1,
us-iron-mountain-data-centers-nje-1,Iron Mountain Data Centers NJE-1,United States,40.5210834,-74.3473835,30.0,it_load,source_reported_or_compiled,operational,https://www.ironmountain.com/data-centers/locations/new-jersey-data-center;https://datacenterhawk.com/marketplace/providers/iron-mountain-data-centers/3003-woodbridge-avenue/nje-1;https://www.openstreetmap.org/way/204316962,
us-iron-mountain-ohs-1-miamisburg,Iron Mountain OHS-1 (Miamisburg),United States,39.6428362,-84.2866083,1.4,it_load,source_reported_or_compiled,operational,https://www.ironmountain.com/data-centers/locations/ohio-data-center;https://baxtel.com/data-center/lexisnexis-springboro,
us-iron-mountain-va-4,Iron Mountain VA-4,United States,38.7744146,-77.54223,32.0,it_load,source_reported_or_compiled,operational,https://www.ironmountain.com/data-centers/locations/virginia-data-center;https://www.openstreetmap.org/way/1287260556,
us-iron-mountain-va-6,Iron Mountain VA-6,United States,38.7681429,-77.5386481,32.0,it_load,source_reported_or_compiled,operational,https://www.datacentermap.com/usa/virginia/manassas/iron-mountain-va-6/;https://www.openstreetmap.org/way/1304357577,
us-jigowatt-stanton-bitcoin-mine,Jigowatt Stanton Bitcoin Mine,United States,41.94722,-97.21722,20.0,it_load,source_reported_or_compiled,operational,https://flatwaterfreepress.org/crypto-needs-cheap-energy-it-found-a-whole-bunch-in-nebraska/;https://www.ktiv.com/2024/04/30/bitcoin-descended-small-nebraska-county-bringing-big-business-with-big-complaints-neighbors/;https://www.1011now.com/2025/06/28/nebraska-crypto-company-wants-get-bigger-landowners-decry-nppds-use-eminent-domain-that-will-help-it-grow/;https://www.norfolkneradio.com/news/many-positives-and-negatives-coming-from-new-data-mining-facility-in-stanton-county/article_3e1b0ed2-9b85-11ee-b6c5-1b766c2bde62.html;https://flatwaterfreepress.org/a-nebraska-crypto-company-wants-to-get-bigger-landowners-decry-nppds-use-of-eminent-domain-that-will-help-it-grow/,
us-king-mountain-facility-50-jv,King Mountain Facility (50% JV),United States,31.2547925,-102.244163,280.0,it_load,source_reported_or_compiled,operational,https://www.sec.gov/Archives/edgar/data/1964789/000110465926055891/hut-20260331x10q.htm,
us-kyndryl-research-triangle-park-data-center,Kyndryl Research Triangle Park Data Center,United States,35.9125498,-78.8580709,7.4,it_load,source_reported_or_compiled,operational,https://baxtel.com/data-center/kyndryl-research-triangle-park;https://baxtel.com/data-center/raleigh;https://nominatim.openstreetmap.org/search?format=jsonv2&q=3039%20East%20Cornwallis%20Road%2C%20Durham%2C%20NC,
us-ln-compute-cuthbert-bitcoin-mine,LN Compute Cuthbert Bitcoin Mine,United States,31.77083,-84.79361,7.0,it_load,source_reported_or_compiled,operational,https://www.walb.com/2025/09/25/new-crypto-mine-could-pump-millions-into-south-georgia-community/;https://www.datacentermap.com/usa/georgia/cuthbert/ln-compute-cuthbert/,
us-lambert-solar-project-lambert-i-and-ii,Lambert Solar Project (Lambert I and II),United States,33.3260004,-79.5722883,200.0,it_load,source_reported_or_compiled,operational,https://www.santeecooper.com/community/generation-projects/;https://www.siliconranch.com/stories/santee-cooper-contracts-for-new-solar-power-contracts-involve-four-developers-multiple-locations/,
us-lancium-clean-campus-crusoe-stargate-site-1,Lancium Clean Campus (Crusoe / Stargate Site 1),United States,32.502213,-99.788717,200.0,it_load,source_reported_or_compiled,operational,https://www.prnewswire.com/news-releases/taylor-county-and-city-of-abilene-announce-historic-partnership-with-lancium-for-development-of-a-2-4-billion-data-center-campus-301449354.html;https://www.datacenterdynamics.com/en/news/crusoe-begins-construction-on-second-phase-of-abilene-texas-data-center-campus-will-add-six-buildings/;https://www.datacenterfrontier.com/hyperscale/article/55276169/crusoe-adds-45-gw-natural-gas-to-fuel-ai-expands-abilene-data-center-to-12-gw;https://ktxs.com/news/local/lancium-crusoe-executives-brief-abilene-leaders-on-major-northside-investment;https://bitcoinmagazine.com/business/city-of-abilene-taylor-county-to-build-billion-data-center-host-bitcoin-mining,
us-lancium-fort-stockton-clean-campus,Lancium Fort Stockton Clean Campus,United States,30.894,-102.879,25.0,it_load,source_reported_or_compiled,operational,https://www.prnewswire.com/news-releases/lancium-breaks-ground-on-first-clean-campus-in-fort-stockton-texas-301377974.html;https://www.prnewswire.com/news-releases/lanciums-fort-stockton-facility-qualifies-as-ercot-controllable-load-resource-301666370.html,
us-lightedge-chaska-fka-stream-data-centers-minneapolis-i,LightEdge Chaska (fka Stream Data Centers Minneapolis I),United States,44.828,-93.635,3.6,it_load,source_reported_or_compiled,operational,https://www.prnewswire.com/news-releases/lightedge-acquires-top-tier-high-density-data-center-in-minneapolis-302037017.html;https://www.datacenterdynamics.com/en/news/gi-partners-lightedge-acquires-stream-dc-data-center-in-minneapolis-minnesota/;https://www.lightedge.com/data-center-locations/minneapolis/;https://www.peeringdb.com/api/fac?state=MN&country=US,
us-lindsay-hill-generating-station,Lindsay Hill Generating Station,United States,32.6525824,-86.738749,900.0,it_load,source_reported_or_compiled,operational,https://www.power-eng.com/gas/renewable-energy-advocates-challenge-alabama-powers-request-to-buy-natural-gas-plant/;https://overpass-api.de/api/interpreter;https://www.sec.gov/Archives/edgar/data/3153/000009212224000089/R50.htm,
us-little-blue-wind-project,Little Blue Wind Project,United States,40.2863,-98.5777,249.6,it_load,source_reported_or_compiled,operational,https://www.gem.wiki/Little_Blue_Wind_Project;https://dwee.nebraska.gov/state-energy-information/energy-statistics/fuels/wind/wind-energy-generation-nebraska,
us-long-lake-solar,Long Lake Solar,United States,34.4686,-90.6151,200.0,it_load,source_reported_or_compiled,operational,https://www.prnewswire.com/news-releases/d-e-shaw-renewable-investments-desri-announces-signing-of-200-mwac-arkansas-clean-power-project-with-meta-301690881.html;https://www.gem.wiki/Long_Lake_Phillips_solar_farm;https://cleanview.co/power-projects/operating/solar-farms/arkansas,
us-long-ridge-hannibal-power-plant,Long Ridge Hannibal Power Plant,United States,39.6603665,-80.869646,485.0,it_load,source_reported_or_compiled,operational,https://www.longridgeenergy.com/projects,
us-longview-power-plant,Longview Power Plant,United States,39.707893,-79.95897,700.0,it_load,source_reported_or_compiled,operational,https://wvpublic.org/story/energy-environment/aep-to-buy-longview-power-plant/;https://www.gem.wiki/Longview_Plant;https://wvmetronews.com/2026/08/01/aep-buys-maidsville-coal-fired-plant-acquires-permits-for-natural-gas-expansion-on-the-site/,
us-lumen-ogden-1,Lumen Ogden 1,United States,41.223,-111.97384,3.0,it_load,source_reported_or_compiled,operational,https://d36oiwf74r1rap.cloudfront.net/wp-content/uploads/2026/04/Data-Center-Growth-FS-Apr2026.pdf;https://www.ogdencity.gov/1216/RDA-Projects,
us-lumen-salt-lake-city-sites-salt-lake-1-2-and-4,"Lumen Salt Lake City Sites (Salt Lake 1, 2 and 4)",United States,40.75962,-111.8868,6.0,it_load,source_reported_or_compiled,operational,https://d36oiwf74r1rap.cloudfront.net/wp-content/uploads/2026/04/Data-Center-Growth-FS-Apr2026.pdf;https://baxtel.com/data-center/lumen-salt-lake-1;https://baxtel.com/data-center/lumen-salt-lake-2;https://cra.slc.gov/project-areas/,
us-lumen-sunnyvale-1,Lumen Sunnyvale 1,United States,37.3734695,-121.9878002,6.0,it_load,source_reported_or_compiled,operational,https://www.datacenters.com/lumen-sunnyvale-1;https://www.openstreetmap.org/way/37877544;https://www.arcgis.com/home/item.html?id=597555ce8e4a4892a030784a7c657fdd,
us-lunavi-cheyenne-data-center,Lunavi Cheyenne Data Center,United States,41.11,-104.78,5.0,it_load,source_reported_or_compiled,operational,https://www.lunavi.com/data-centers/cheyenne;https://www.1547realty.com/data-center/cheyenne-wy-chwy1/;https://wyoleg.gov/InterimCommittee/2026/09-202606049-05WBCMaterialsPreparedforJointMinerals06052026.pdf;https://wyoleg.gov/InterimCommittee/2026/02-2026062202-02_WBCMaterials.pdf,
us-mara-findlay-data-center,MARA Findlay Data Center,United States,41.0442,-83.6499,30.0,it_load,source_reported_or_compiled,operational,https://ir.mara.com/news-events/press-releases/detail/1375/mara-adds-372-megawatts-of-capacity-in-ohio-with-152-megawatts-operational-and-220-megawatts-in-development;https://www.globenewswire.com/news-release/2024/11/11/2978305/0/en/MARA-Adds-372-Megawatts-of-Capacity-in-Ohio-with-152-Megawatts-Operational-and-220-Megawatts-in-Development.html;https://baxtel.com/data-center/mara-findlay-ohio,
us-mara-flared-stranded-gas-mining-fleet-tx-nd,MARA Flared/Stranded-Gas Mining Fleet (TX + ND),United States,31.87,-102.37,25.0,it_load,source_reported_or_compiled,operational,https://ir.mara.com/news-events/press-releases/detail/1394/mara-announces-bitcoin-production-and-mining-operation-updates-for-april-2025;https://k33.com/research/archive/articles/bitcoin-mining-using-stranded-natural-gas-is-the-most-cost-effective-way-to,
us-mara-granbury-facility,MARA Granbury Facility,United States,32.4427,-97.7871,300.0,it_load,source_reported_or_compiled,operational,https://www.sec.gov/Archives/edgar/data/1507605/000150760526000007/mara-20251231.htm;https://baxtel.com/data-center/marathon-digital-granbury-tx;https://www.texastribune.org/2025/10/09/texas-hood-county-crypto-noise-incorporate-city/,
us-mara-kearney-facility,MARA Kearney Facility,United States,40.728341,-99.045806,100.0,it_load,source_reported_or_compiled,operational,https://www.sec.gov/Archives/edgar/data/1507605/000150760526000007/mara-20251231.htm;https://baxtel.com/data-centers/mara-holdings;https://bitcoinmagazine.com/business/compute-north-announces-nebraska-colocation-center-for-bitcoin-mining,
us-marathon-digital-garden-city-facility,Marathon Digital Garden City Facility,United States,31.8724,-101.4849,200.0,it_load,source_reported_or_compiled,operational,https://ir.applieddigital.com/news-events/press-releases/detail/89/applied-digital-announces-agreement-to-sell-garden-city;https://finance.yahoo.com/news/applied-digital-announces-agreement-sell-120000361.html;https://theminermag.com/news/2024-03-15/marathon-bitcoin-mining-applied-digital-garden-city-acquire,
us-markley-group-boston-one-summer-street-bosix,Markley Group Boston (One Summer Street / BOSIX),United States,42.3545151,-71.0595422,30.0,it_load,source_reported_or_compiled,operational,https://www.datacentermap.com/usa/massachusetts/boston/one-summer-st/;https://www.bostonglobe.com/2025/05/20/business/macys-closing-stores-downtown-boston-data-center/;https://www.wbur.org/news/2026/04/06/data-centers-ai-massachusetts-pollution-pushback;https://www.peeringdb.com/fac/219,
us-massachusetts-green-high-performance-computing-center,Massachusetts Green High Performance Computing Center,United States,42.20285,-72.60693,15.0,it_load,source_reported_or_compiled,operational,https://en.wikipedia.org/wiki/Massachusetts_Green_High_Performance_Computing_Center;https://mghpcc.org/;https://arcgisserver.digital.mass.gov/arcgisserver/rest/services/AGOL/L3_Parcels_FeatureService_4326/FeatureServer/1/query?where=MAP_PAR_ID%3D%27020-02-003%27&outFields=*&f=json;https://www.arcgis.com/home/item.html?id=597555ce8e4a4892a030784a7c657fdd;https://www.mghpcc.org/directions-map/;https://tig.csail.mit.edu/hardware/mghpcc/,
us-menlo-digital-chicago-exchange-601-west-polk,Menlo Digital Chicago Exchange (601 West Polk),United States,41.8716062,-87.6430697,8.0,it_load,source_reported_or_compiled,operational,https://www.menloequities.com/properties/601-polk-west-polk-street/;https://blockclubchicago.org/2026/08/12/data-centers-are-popping-up-everywhere-in-chicago-heres-where-and-why-theyre-controversial/,
us-meridian-iii-solar,Meridian III Solar,United States,32.453955,-88.54948,52.5,it_load,source_reported_or_compiled,operational,https://www.eia.gov/electricity/data/eia860m/xls/july_generator2026.xlsx,
us-merkle-standard-usk-facility,Merkle Standard Usk Facility,United States,48.3079,-117.2848,100.0,it_load,source_reported_or_compiled,operational,https://www.cascadepbs.org/news/2022/11/tiny-eastern-wa-town-could-become-bitcoin-mining-hub/,
us-meta-altoona-data-center-campus,Meta Altoona Data Center Campus,United States,41.6459,-93.4696,350.0,it_load,source_reported_or_compiled,operational,"https://www.datacenterfrontier.com/cloud/article/11427725/meta-adds-more-data-centers-in-iowa-pushing-campus-to-5-million-sf;https://engineering.fb.com/2024/03/12/data-center-engineering/building-metas-genai-infrastructure/;https://www.datacenterdynamics.com/en/news/meta-signs-225mw-wind-ppa-in-iowa/;https://www.constructiondive.com/news/facebook-receives-tax-incentive-to-build-fifth-altoona-iowa-data-center/554481/;https://kdsm17.com/news/local/how-much-water-do-iowa-data-centers-use;https://www.warrencountyrecord.com/stories/trip-to-iowa-gives-officials-close-look-at-meta-data-center,163085;https://datacenters.atmeta.com/2021/12/meta-announces-new-expansion-to-altoona-campus-new-hardhat-in-hand-graduates/;https://datacenters.atmeta.com/asset/altoona-data-center-info-sheet/",
us-meta-gallatin-data-center-campus,Meta Gallatin Data Center Campus,United States,36.3884,-86.4369,300.0,it_load,source_reported_or_compiled,operational,https://www.datacenterdynamics.com/en/news/meta-brings-data-centers-in-tents-to-gallatin-tennessee/;https://www.weku.org/amsn/2025-11-25/tennessee-has-60-data-centers-nashville-probably-has-more-than-you-think;https://ttc.tml1.org/2024/11/15/meta-data-center-begins-operations-gallatin;https://www.pascalforgallatin.com/post/why-is-gallatin-giving-woolhawk-a-tax-break-when-they-are-considering-raising-our-property-taxes;https://w.media/meta-expands-gallatin-data-center-with-nearly-1b-total-investment/;https://datacenters.atmeta.com/2024/11/gallatin-we-are-online/;https://wpln.org/post/gallatin-offers-a-glimpse-at-hyperscale-data-center-experiences/;https://datacenters.atmeta.com/asset/gallatin-data-center-info-sheet/,
us-meta-huntsville-data-center-campus,Meta Huntsville Data Center Campus,United States,34.726,-86.647,487.0,it_load,source_reported_or_compiled,operational,https://www.datacenterdynamics.com/en/news/metas-huntsville-alabama-data-center-expansion-next-to-be-stopped-amid-ai-pivot/;https://baxtel.com/data-center/meta-huntsville-campus;https://whnt.com/news/huntsville/facebook-parent-company-meta-invests-1-5-billion-in-huntsville-data-center/;https://datacenters.atmeta.com/asset/huntsville-data-center-info-sheet/;https://huntsvillebusinessjournal.com/news/2026/09/23/are-more-data-centers-coming-to-north-alabama-what-local-leaders-are-saying/,
us-meta-mesa-data-center,Meta Mesa Data Center,United States,33.3375358,-111.6355386,50.0,it_load,source_reported_or_compiled,operational,https://datacenters.atmeta.com/2025/01/mesa-we-are-online/;https://baxtel.com/data-center/meta-mesa-az-campus;https://media.srpnet.com/meta-teams-up-with-srp-and-rsted-to-support-data-center-with-clean-energy-from-new-solar-and-battery--project/;https://datacenters.atmeta.com/asset/mesa-data-center-info-sheet/;https://www.aztechcouncil.org/meta-expands-plans-for-proposed-large-scale-mesa-data-center/;https://legistar1.granicus.com/Mesa/attachments/7e390610-b558-426d-aa10-c7aa2825530d.doc,
us-meta-prineville-data-center-campus,Meta Prineville Data Center Campus,United States,44.3042,-120.8515,400.0,it_load,source_reported_or_compiled,operational,https://en.wikipedia.org/wiki/Meta_Platforms#Data_centers;https://sustainability.fb.com/report/2023-sustainability-report/;https://datacenters.atmeta.com/asset/prineville-data-center-info-sheet/;https://bendbulletin.com/2024/05/09/prineville-doubles-down-on-water-conservation-with-tech-giant-backed-project/;https://www.bendsource.com/news/localnews/prineville-wants-more-out-of-its-next-data-center-deal/;https://www.datacenterfrontier.com/cloud/article/11430439/facebook-unveils-major-data-center-campus-expansion-in-prineville;https://datacenters.atmeta.com/asset/prineville-data-center-info-sheet/,
us-meta-temple-data-center,Meta Temple Data Center,United States,31.1399225,-97.3812992,152.0,it_load,source_reported_or_compiled,operational,https://www.kwtx.com/2026/07/22/meta-goes-live-temple-with-12-billion-ai-data-center/;https://jedunn.com/projects/meta-temple-data-center/,
us-microsoft-northlake-data-center,Microsoft Northlake Data Center,United States,41.9231062,-87.9182633,158.0,it_load,source_reported_or_compiled,operational,https://dceo.illinois.gov/content/dam/soi/en/web/dceo/aboutdceo/reportsrequiredbystatute/2025-data-centers-annual-report.pdf;https://baxtel.com/data-center/microsoft-chicago-northlake,
us-midamerican-energy-knoxville-battery-storage,MidAmerican Energy Knoxville Battery Storage,United States,41.315934,-93.0608256,1.0,it_load,source_reported_or_compiled,operational,https://www.midamericanenergy.com/battery-storage;https://api.openstreetmap.org/api/0.6/way/1088636714.json,
us-milligan-i-wind-project,Milligan I Wind Project,United States,40.5011,-97.3903,300.0,it_load,source_reported_or_compiled,operational,https://www.edf-re.com/press-release/edf-renewables-north-america-acquires-nebraska-wind-project/;https://oppdthewire.com/new-agreement-provides-oppd-with-300-megawatts-of-wind-energy/,
us-moonshot-solar,Moonshot Solar,United States,30.437172,-89.5029,78.5,it_load,source_reported_or_compiled,operational,https://www.eia.gov/electricity/data/eia860m/xls/july_generator2026.xlsx,
us-moses-lake-facility,Moses Lake Facility,United States,47.1301,-119.2781,18.0,it_load,source_reported_or_compiled,operational,https://www.sec.gov/Archives/edgar/data/1812477/000121390021058326/ea150439ex99-1_bitfarms.htm;https://www.sec.gov/Archives/edgar/data/1812477/000121390025109575/ea026548201ex99-2_bitfarms.htm;https://www.sec.gov/Archives/edgar/data/1812477/000121390026037514/ea0282809-10k_bitfarms.htm;https://www.crypto-reporter.com/newsfeed/keel-infrastructure-reports-second-quarter-2026-results-130053/,
us-mount-storm-power-station,Mount Storm Power Station,United States,39.200531,-79.264722,1662.0,it_load,source_reported_or_compiled,operational,https://www.gem.wiki/Mount_Storm_power_station;https://governor.wv.gov/article/governor-morrisey-announces-26-gw-natural-gas-power-plant-grant-county-existing-coal,
us-nest-campus-cogeneration-plant,NEST Campus Cogeneration Plant,United States,40.67905,-74.27169,25.0,it_load,source_reported_or_compiled,operational,https://heatmap.news/technology/coreweave-natural-gas;https://www.nestcenter.com;https://www.onyxequities.com/portfolio/northeast-science-and-technology-center-nest/,
us-njfx-cable-landing-station-campus,NJFX Cable Landing Station Campus,United States,40.1615781,-74.0531626,12.0,it_load,source_reported_or_compiled,operational,https://njfx.net/ecosystem-of-carriers/campus-detail/;https://njfx.net/njfx-advances-campus-for-ai-infrastructure/;https://nominatim.openstreetmap.org/search?q=NJFX+Wall+Township+New+Jersey&format=json&addressdetails=1&limit=5,
us-ntt-ashburn-va1-data-center,NTT Ashburn VA1 Data Center,United States,39.0227436,-77.4548911,12.6,it_load,source_reported_or_compiled,operational,https://services.global.ntt/en-us/services-and-products/global-data-centers/global-locations/americas/ashburn-va-1-data-center;https://www.openstreetmap.org/way/300163083;https://www.arcgis.com/home/item.html?id=597555ce8e4a4892a030784a7c657fdd,
us-ntt-ashburn-va2-data-center,NTT Ashburn VA2 Data Center,United States,39.0250127,-77.4576402,14.0,it_load,source_reported_or_compiled,operational,https://services.global.ntt/en-us/services-and-products/global-data-centers/global-locations/americas/ashburn-va-2-data-center;https://www.openstreetmap.org/way/610977485;https://www.arcgis.com/home/item.html?id=597555ce8e4a4892a030784a7c657fdd;https://www.deq.virginia.gov/home/showpublisheddocument/25821/638628728843130000,
us-ntt-ashburn-va5-data-center,NTT Ashburn VA5 Data Center,United States,39.0183033,-77.472611,32.0,it_load,source_reported_or_compiled,operational,https://services.global.ntt/en-us/services-and-products/global-data-centers/global-locations/americas/ashburn-va-5-data-center;https://www.openstreetmap.org/way/793888429;https://www.arcgis.com/home/item.html?id=597555ce8e4a4892a030784a7c657fdd,
us-ntt-chicago-ch1-data-center,NTT Chicago CH1 Data Center,United States,41.9879619,-88.0072217,36.0,it_load,source_reported_or_compiled,operational,https://services.global.ntt/en-us/services-and-products/global-data-centers/global-locations/americas/chicago-ch1-data-center;https://www.openstreetmap.org/way/1154636644;https://www.arcgis.com/home/item.html?id=597555ce8e4a4892a030784a7c657fdd,
us-ntt-chicago-ch2-data-center,NTT Chicago CH2 Data Center,United States,41.9890149,-88.0072131,36.0,it_load,source_reported_or_compiled,operational,https://services.global.ntt/en-us/services-and-products/global-data-centers/global-locations/americas/chicago-ch2-data-center;https://www.openstreetmap.org/way/1271571726;https://www.arcgis.com/home/item.html?id=597555ce8e4a4892a030784a7c657fdd,
us-ntt-hillsboro-hi1-data-center,NTT Hillsboro HI1 Data Center,United States,45.5496803,-122.9373872,36.0,it_load,source_reported_or_compiled,operational,https://services.global.ntt/en-us/newsroom/ntt-ltd-to-expand-us-data-center-footprint-to-hillsboro-oregon;https://www.openstreetmap.org/way/52059176;https://www.arcgis.com/home/item.html?id=597555ce8e4a4892a030784a7c657fdd,
us-ntt-phoenix-ph1-data-center,NTT Phoenix PH1 Data Center,United States,33.3536663,-111.6124114,36.0,it_load,source_reported_or_compiled,operational,https://services.global.ntt/en-us/services-and-products/global-data-centers/global-locations/americas/phoenix-ph1-data-center;https://www.openstreetmap.org/way/1356594646,
us-ntt-sacramento-ca1-data-center,NTT Sacramento CA1 Data Center,United States,38.6504319,-121.4891868,12.6,it_load,source_reported_or_compiled,operational,https://services.global.ntt/en-us/services-and-products/global-data-centers/global-locations/americas/sacramento-ca-1-data-center;https://www.openstreetmap.org/way/32560292;https://www.arcgis.com/home/item.html?id=597555ce8e4a4892a030784a7c657fdd,
us-ntt-silicon-valley-sv1-data-center,NTT Silicon Valley SV1 Data Center,United States,37.3690532,-121.9553378,16.0,it_load,source_reported_or_compiled,operational,https://services.global.ntt/en-us/services-and-products/global-data-centers/global-locations/americas/silicon-valley-sv1-data-center;https://www.openstreetmap.org/way/888253616;https://www.arcgis.com/home/item.html?id=597555ce8e4a4892a030784a7c657fdd,
us-nyse-data-center-mahwah,NYSE Data Center (Mahwah),United States,41.078373,-74.15293,2.2,it_load,source_reported_or_compiled,operational,https://inflect.com/building/1700-macarthur-boulevard-mahwah/new-york-stock-exchange/datacenter/euronextnj1;https://www.datacenterknowledge.com/colocation/nyse-opens-mahwah-data-center;https://www.computerworld.com/article/1433811/in-fortified-data-center-nyse-runs-gated-trading-cloud.html,
us-nautilus-stockton-1-data-center,Nautilus Stockton 1 Data Center,United States,37.9633,-121.3681,6.5,it_load,source_reported_or_compiled,operational,https://nautilusdt.com/stockton-data-center/;https://stocktonia.org/news/local-government/2026/09/02/stockton-residents-push-back-on-data-centers-the-city-already-relies-on-one/;https://ceqanet.lci.ca.gov/2016062010/2,
us-nebius-vineland-data-center,Nebius Vineland Data Center,United States,39.4862,-74.992,100.0,it_load,source_reported_or_compiled,operational,https://nebius.com/newsroom/nebius-accelerates-us-expansion-adding-up-to-300-mw-capacity-at-new-data-center-in-new-jersey;https://nebius.com/blog/posts/300-mw-new-jersey-and-iceland-regions;https://www.datacenterdynamics.com/en/news/dataone-to-build-nebius-data-center-in-new-jersey/;https://whyy.org/articles/data-center-artificial-intelligence-vineland-new-jersey/;https://pinelandsalliance.org/dataone-vineland-town-hall/;https://www.inquirer.com/news/new-jersey/ai-data-center-vineland-south-jersey-expansion-20260122.html;https://whyy.org/articles/vineland-data-center-hearing-power-generation/;https://whyy.org/articles/vineland-planning-board-approves-data-center-plan/;https://sjclimate.news/8420/essays/what-exactly-is-dataone-building-in-vineland/;https://nebius.com/vinelandnj;https://whyy.org/articles/vineland-data-center-stop-work-orders/,
us-netsonic-green-bay-data-center,Netsonic Green Bay Data Center,United States,44.5155,-87.995,4.0,it_load,source_reported_or_compiled,operational,https://www.netsonic.net/datacenter.php,
us-new-orleans-solar-station,New Orleans Solar Station,United States,30.015,-89.92,20.0,it_load,source_reported_or_compiled,operational,https://www.entergy.com/wp-content/uploads/15/Entergy-renewable-portfolio.pdf;https://services2.arcgis.com/FiaPA4ga0iQKduv3/arcgis/rest/services/Power_Plants_in_the_US/FeatureServer/0/query?where=State%3D%27Louisiana%27+AND+PrimSource%3D%27solar%27&outFields=*&f=json&resultRecordCount=200,
us-newfold-digital-utah-county-data-center,Newfold Digital Utah County Data Center,United States,40.23373,-111.65871,3.0,it_load,source_reported_or_compiled,operational,https://d36oiwf74r1rap.cloudfront.net/wp-content/uploads/2026/04/Data-Center-Growth-FS-Apr2026.pdf;https://www.provo.gov/869/Redevelopment-Areas,
us-north-campbell-land-co-hopkinsville-bitcoin-mine,North Campbell Land Co. Hopkinsville Bitcoin Mine,United States,36.8703081,-87.4798424,15.0,it_load,source_reported_or_compiled,operational,https://hoptownchronicle.org/hopkinsville-weighs-limits-on-data-centers-as-crypto-mine-proposes-expansion/;https://www.sec.gov/Archives/edgar/data/1591956/000106299326004391/exhibit99-1.htm;https://www.sec.gov/Archives/edgar/data/1591956/000159195626000004/any-20251231.htm;https://nominatim.openstreetmap.org/search?q=North+Campbell+Street%2C+Hopkinsville%2C+Kentucky&format=json&limit=2,
us-novva-colorado-springs-data-center,Novva Colorado Springs Data Center,United States,39.0130116,-104.8164434,40.0,it_load,source_reported_or_compiled,operational,https://www.novva.com/media-center/novva-data-centers-acquires-colorado-springs-campus/;https://www.novva.com/data-center-facilities/colorado/,
us-novva-las-vegas-data-center,Novva Las Vegas Data Center,United States,36.266299,-115.0478715,100.0,it_load,source_reported_or_compiled,operational,https://www.novva.com/data-center-facilities/las-vegas/;https://www.prnewswire.com/news-releases/novva-data-centers-announces-new-data-center-in-north-las-vegas-featuring-water-free-cooling-and-renewable-energy-301623117.html;https://dcmap.us/markets/las-vegas/,
us-novva-san-francisco-400-paul-avenue,Novva San Francisco (400 Paul Avenue),United States,37.72315,-122.398467,9.0,it_load,source_reported_or_compiled,operational,https://www.novva.com/data-center-facilities/san-francisco-ca/;https://missionlocal.org/2026/09/data-center-moratorium-sf-board-of-supervisors/;https://hoodline.com/2026/09/san-francisco-weighs-45-day-freeze-on-data-centers-as-bayview-feels-the-heat/,
us-novva-west-jordan-campus,Novva West Jordan Campus,United States,40.57389,-112.04576,200.0,it_load,source_reported_or_compiled,operational,https://www.novva.com/data-center-facilities/utah/;https://www.utahmoneywatch.com/utah-based-novva-data-centers-and-its-investment-partner-cim-group-land-2-billion-loan-to-complete-a-175mw-state-of-the-art-ai-data-center-in-west-jordan-utah/;https://d36oiwf74r1rap.cloudfront.net/wp-content/uploads/2026/04/Data-Center-Growth-FS-Apr2026.pdf;https://www.westjordan.utah.gov/economic-development/redevelopment/,
us-oak-ridge-solar,Oak Ridge Solar,United States,32.575,-91.7884,200.0,it_load,source_reported_or_compiled,operational,https://www.aes.com/sustainability-impact/people-communities/louisiana;https://services2.arcgis.com/FiaPA4ga0iQKduv3/arcgis/rest/services/Power_Plants_in_the_US/FeatureServer/0/query?where=State%3D%27Louisiana%27+AND+PrimSource%3D%27solar%27&outFields=*&f=json&resultRecordCount=200,
us-oppidan-des-moines-data-center,Oppidan Des Moines Data Center,United States,41.5868,-93.625,5.0,it_load,source_reported_or_compiled,operational,https://www.weitz.com/projects/oppidan-data-center/;http://www.thegazette.com/news/local/3rd-cedar-rapids-data-center-ready-for-construction/article_e0973e26-383e-4896-bebc-a4c085b8d4a5.html;https://corridorbusiness.com/building-permit-issued-for-new-cedar-rapids-data-center/,
us-optimist-solar-storage,Optimist Solar + Storage,United States,33.6435,-88.594,200.0,it_load,source_reported_or_compiled,operational,https://origisenergy.com/project/optimist-solar-storage/;https://www.gem.wiki/Optimist_Solar,
us-oracle-hillsboro-data-center,Oracle Hillsboro Data Center,United States,45.5437211,-122.8944315,7.0,it_load,source_reported_or_compiled,operational,https://dcpulse.com/project/oracle-3295-ne-83rd-ave-hillsboro-oregon-data-center;https://baxtel.com/data-center/oracle-hillsboro-1,
us-otava-metro-detroit-data-center,Otava Metro Detroit Data Center,United States,42.331172,-83.419408,1.2,it_load,source_reported_or_compiled,operational,https://www.otava.com/data-center-michigan/;https://www.peeringdb.com/api/fac?state=MI&limit=250,
us-otava-mid-michigan-data-center-5225-exchange-drive,Otava Mid-Michigan Data Center (5225 Exchange Drive),United States,42.9687373,-83.7796697,1.5,it_load,source_reported_or_compiled,operational,https://www.otava.com/data-center-michigan/;https://www.otava.com/blog/colocation-in-flint-michigan/;https://inflect.com/building/5225-exchange-drive-flint/onlinetech/datacenter/onlinetech-mid-michigan-data-center;https://nominatim.openstreetmap.org/search?q=5225+Exchange+Drive+Flint+MI&format=json,
us-oxbow-solar-ventress,Oxbow Solar (Ventress),United States,30.667878,-91.391706,300.0,it_load,source_reported_or_compiled,operational,https://lightsourcebp.com/project/oxbow-solar/;https://www.jeranex.com/projects/oxbow/;https://services2.arcgis.com/FiaPA4ga0iQKduv3/arcgis/rest/services/Power_Plants_in_the_US/FeatureServer/0/query?where=State%3D%27Louisiana%27+AND+PrimSource%3D%27solar%27&outFields=*&f=json&resultRecordCount=200,
us-panther-creek-plant,Panther Creek Plant,United States,40.8557,-75.828,60.0,it_load,source_reported_or_compiled,operational,https://www.sec.gov/Archives/edgar/data/1812477/000121390026037514/ea0282809-10k_bitfarms.htm;https://www.sec.gov/Archives/edgar/data/1812477/000121390025097957/ea026090401ex99-1_bitfarms.htm;https://www.sec.gov/Archives/edgar/data/1812477/000121390026054167/ea028991401ex99-1.htm,
us-peak-mining-texas-1-saxet-energy-park,Peak Mining Texas 1 (Saxet Energy Park),United States,27.8487,-97.4263,100.0,it_load,source_reported_or_compiled,operational,https://www.prnewswire.co.uk/news-releases/peak-mining-a-northern-data-group-company-announces-purchase-of-300mw-mining-data-center-site-302011494.html;https://www.tdlr.texas.gov/TABS/Search/Print/TABS2023019972;https://www.texasobserver.org/corpus-christi-cryptomine-water-usage-secret/;https://northerndata.de/en/investor-relations/news/northern-data-announces-expiry-of-option-to-sell-corpus-christi-site-to-global-infrastructure-asset-management-firm,
us-pearl-river-solar-park,Pearl River Solar Park,United States,32.550998,-89.73014,175.0,it_load,source_reported_or_compiled,operational,https://www.eia.gov/electricity/data/eia860m/xls/july_generator2026.xlsx,
us-perry-nuclear-power-plant,Perry Nuclear Power Plant,United States,41.80083,-81.14333,1268.0,it_load,source_reported_or_compiled,operational,https://www.prnewswire.com/news-releases/vistra-and-meta-announce-agreements-to-support-nuclear-plants-in-pjm-and-add-new-nuclear-generation-to-the-grid-302656941.html;https://www.power-eng.com/nuclear/vistra-and-meta-ink-ppa-for-2-6-gw-of-nuclear-power-in-pjm-region/;https://stocktitan.net/news/VST/vistra-and-meta-announce-agreements-to-support-nuclear-plants-in-pjm-zul6gbxgqjn9.html;https://www.ans.org/news/article-7668/the-metavistra-deal-a-closer-look/,
us-pittock-block-ptor1,Pittock Block (PTOR1),United States,45.5215436,-122.680704,8.0,it_load,source_reported_or_compiled,operational,https://1547realty.com/data-centers/portland/,
us-platteview-solar,Platteview Solar,United States,41.228,-96.3936,81.0,it_load,source_reported_or_compiled,operational,https://oppdthewire.com/oppds-first-utility-scale-solar-project-platteview-solar-is-a-major-milestone/,
us-pleasant-creek-solar-project,Pleasant Creek Solar Project,United States,42.1193687,-91.8020582,200.0,it_load,source_reported_or_compiled,operational,https://www.alliantenergy.com/news/news-center/2025/04/042825-pleasantcreek;https://api.openstreetmap.org/api/0.6/relation/17923393.json,
us-pleasants-power-station,Pleasants Power Station,United States,39.367358,-81.295733,1278.0,it_load,source_reported_or_compiled,operational,https://www.herald-dispatch.com/news/omnis-pleasants-reports-600-creditors-70-in-wv-amid-uncertain-coal-plant-future/article_5b21adc9-1c75-433a-be51-5ed26f74a819.html;https://www.gem.wiki/Pleasants_power_station;https://www.sec.gov/Archives/edgar/data/1854368/000121390026022001/ea027911101ex99-1.htm,
us-plum-creek-wind-farm,Plum Creek Wind Farm,United States,42.1441,-97.1375,230.0,it_load,source_reported_or_compiled,operational,https://www.gem.wiki/Plum_Creek_(%C3%98rsted)_wind_farm;https://dwee.nebraska.gov/state-energy-information/energy-statistics/fuels/wind/wind-energy-generation-nebraska,
us-point-beach-nuclear-plant,Point Beach Nuclear Plant,United States,44.28111,-87.53667,1182.0,it_load,source_reported_or_compiled,operational,https://www.wpr.org/energy/we-energies-buy-power-from-point-beach-nuclear-plant;https://www.nexteraenergyresources.com/what-we-do/nuclear/point-beach.html;https://en.wikipedia.org/wiki/Point_Beach_Nuclear_Plant,
us-polaris-technologies-muskogee-bitcoin-mining-facility-projec,"Polaris Technologies Muskogee Bitcoin Mining Facility (""Project Bifrost"")",United States,35.7479,-95.3697,200.0,it_load,source_reported_or_compiled,operational,https://okcfox.com/news/local/oklahoma-bets-on-bitcoin-boom-muskogee-locals-worry-about-noise-from-crypto-mining-port-of-muskogee-bitcoin-bill-of-rights-ok-law-polaris-technologies-inc-brian-hill-oge-electricity-power-data-artifitial-intelligence-ai-stitt;https://tulsaworld.com/news/local/business/new-100-million-data-center-planned-for-port-muskogee/article_c0cba9e6-caa5-11ee-8752-c709fcc5109e.html;https://www.datacenterdynamics.com/en/news/crypto-firm-polaris-technology-to-build-200mw-data-center-in-muskogee-oklahoma/;https://www.muskogeeok.gov/news_detail_T2_R666.php;https://streetlightnews.org/data-centers/;https://finance.yahoo.com/sectors/technology/articles/core-scientific-seeks-aquire-polaris-021700855.html;https://theconstructionbroadsheet.com/polaris-building-m-oklahoma-data-center-p1700-174.htm,
us-powerhouse-abx-1,PowerHouse ABX-1,United States,39.0195992,-77.4504568,60.0,it_load,source_reported_or_compiled,operational,https://www.powerhousedata.com/data-center/powerhouse-abx-1;https://www.openstreetmap.org/way/1188715508;https://www.arcgis.com/home/item.html?id=597555ce8e4a4892a030784a7c657fdd,
us-prairie-breeze-wind-energy-center,Prairie Breeze Wind Energy Center,United States,41.9517,-98.1165,311.0,it_load,source_reported_or_compiled,operational,https://www.gem.wiki/Prairie_Breeze_wind_farm;https://dwee.nebraska.gov/state-energy-information/energy-statistics/fuels/wind/wind-energy-generation-nebraska,
us-prairie-ronde-solar,Prairie Ronde Solar,United States,30.61,-92.17,135.0,it_load,source_reported_or_compiled,operational,https://lightsourcebp.com/us/news/prairie-ronde-solar-goes-online/;https://services2.arcgis.com/FiaPA4ga0iQKduv3/arcgis/rest/services/Power_Plants_in_the_US/FeatureServer/0/query?where=State%3D%27Louisiana%27+AND+PrimSource%3D%27solar%27&outFields=*&f=json&resultRecordCount=200,
us-prime-dfw01-01,Prime DFW01-01,United States,32.8379581,-96.8784007,8.0,it_load,source_reported_or_compiled,operational,https://primedatacenters.com/locations/dallas/;https://www.openstreetmap.org/way/465032380;https://primedatacenters.com/wp-content/uploads/2025/10/PDC_Dallas_TechSheet_DFW01_01.pdf;https://datacenterhawk.com/marketplace/providers/prime-data-centers/1515-round-table-drive/dfw01-01;https://primedatacenters.com/sustainability/,
us-prime-data-centers-lax01,Prime Data Centers LAX01,United States,34.0014335,-118.2303092,33.0,it_load,source_reported_or_compiled,operational,https://primedatacenters.com/news/prime-opens-los-angeles-data-center/;https://www.prnewswire.com/news-releases/prime-data-centers-announces-the-opening-of-its-hyperscale-data-center-in-vernon-california-302305195.html;https://primedatacenters.com/news/prime-data-centers-and-lambda-partner-to-power-the-next-era-of-superintelligence-with-ai-optimized-infrastructure-in-southern-california/;https://lambda.ai/blog/prime-data-centers-and-lambda-partner-to-power-the-next-era-of-superintelligence-with-ai-optimized-infrastructure-in-southern-california;https://www.datacenterdynamics.com/en/news/prime-launches-33mw-data-center-in-vernon-california/,
us-project-edith-former-soluna-wenatchee-site,Project Edith (former Soluna Wenatchee site),United States,47.4234599,-120.310349,3.3,it_load,source_reported_or_compiled,operational,https://www.sec.gov/Archives/edgar/data/64463/000149315224012303/form10-k.htm,
us-qts-ashburn-1,QTS Ashburn 1,United States,38.9995277,-77.4501109,55.0,it_load,source_reported_or_compiled,operational,https://q.com/data-centers/ashburn-1/;https://www.openstreetmap.org/way/701923200;https://www.arcgis.com/home/item.html?id=597555ce8e4a4892a030784a7c657fdd,
us-qts-colorado-springs-data-center,QTS Colorado Springs Data Center,United States,38.9220674,-104.8426568,14.0,it_load,source_reported_or_compiled,operational,https://q.com/data-centers/colorado-springs/,
us-qts-east-windsor,QTS East Windsor,United States,40.279249,-74.547551,70.0,it_load,source_reported_or_compiled,operational,https://q.com/data-centers/east-windsor/;https://www.peeringdb.com/api/fac?state=NJ&limit=250;https://q.com/data-centers/jersey-city/,
us-qts-hillsboro-1,QTS Hillsboro 1,United States,45.5588149,-122.9277661,20.0,it_load,source_reported_or_compiled,operational,https://q.com/data-centers/hillsboro-1/;https://www.openstreetmap.org/way/729192992;https://www.arcgis.com/home/item.html?id=597555ce8e4a4892a030784a7c657fdd,
us-qts-miami-mia1,QTS Miami (MIA1),United States,25.7915329,-80.3795596,2.0,it_load,source_reported_or_compiled,operational,https://q.com/data-centers/miami/;https://www.datacentermap.com/usa/florida/miami/quality-miami-data-center/;https://www.datacenterjournal.com/data-centers/florida/miami/qts-miami-mia1/;https://www.prnewswire.com/news-releases/qts-announces-open-internet-exchange-oix-data-center-certifications-301511386.html;https://www.datacenterfrontier.com/featured/article/11428144/blackstone-to-acquire-qts-in-blockbuster-data-center-m038a-deal,
us-qts-piscataway-1,QTS Piscataway 1,United States,40.5569431,-74.4839173,65.0,it_load,source_reported_or_compiled,operational,https://q.com/data-centers/piscataway/;https://www.openstreetmap.org/way/362662493;https://www.arcgis.com/home/item.html?id=597555ce8e4a4892a030784a7c657fdd,
us-qts-sacramento,QTS Sacramento,United States,38.6463763,-121.4862686,4.0,it_load,source_reported_or_compiled,operational,https://q.com/data-centers/sacramento/;https://www.openstreetmap.org/way/194049551;https://www.arcgis.com/home/item.html?id=597555ce8e4a4892a030784a7c657fdd,
us-qts-santa-clara-1,QTS Santa Clara 1,United States,37.3939862,-121.9783207,7.5,it_load,source_reported_or_compiled,operational,https://q.com/data-centers/santa-clara/;https://www.openstreetmap.org/way/54121151;https://www.arcgis.com/home/item.html?id=597555ce8e4a4892a030784a7c657fdd,
us-quail-ranch-solar-and-storage,Quail Ranch Solar and Storage,United States,35.2328,-106.663,100.0,it_load,source_reported_or_compiled,operational,https://www.energy-storage.news/new-mexico-regulator-approves-state-utility-plan-to-add-310mw-of-battery-storage-by-summer-2026/;https://www.luminatellc.com/cleneras-quail-ranch-project-reaches-commercial-operations/,
us-quartz-solar,Quartz Solar,United States,35.2085,-90.7912,135.0,it_load,source_reported_or_compiled,operational,https://www.gem.wiki/Quartz_Solar;https://cleanview.co/power-projects/operating/solar-farms/arkansas,
us-rack59-data-center,RACK59 Data Center,United States,35.4676,-97.5164,175.0,it_load,source_reported_or_compiled,operational,https://rack59.com/;https://www.newson6.com/tulsa-oklahoma-news/where-are-data-centers-are-being-built-oklahoma-list,
us-rsa-dexter-avenue-datacenter,RSA Dexter Avenue Datacenter,United States,32.37803,-86.303007,2.0,it_load,source_reported_or_compiled,operational,https://www.rsa-al.gov/real-estate/office-building-portfolio/rsa-datacenter/;https://www.peeringdb.com/api/fac/2313,
us-radiusdc-miami-i,RadiusDC Miami I,United States,25.7871,-80.3839,3.2,it_load,source_reported_or_compiled,operational,https://www.prnewswire.com/news-releases/radiusdc-announces-acquisition-of-network-centric-data-center-in-miami-302220596.html;https://www.lightwaveonline.com/data-center/article/55132665/radiusdc-acquires-south-florida-data-center;https://www.datacenterdynamics.com/en/news/ipis-radiusdc-acquires-miami-data-center/;https://baxtel.com/data-center/radiusdc-miami-i;https://www.loopnet.com/property/11300-nw-25th-st-miami-fl-33172/12086-2530310210013/,
us-raeden-detroit-carrier-hotel-615-w-lafayette,Raeden Detroit Carrier Hotel (615 W Lafayette),United States,42.32854,-83.053799,0.4,it_load,source_reported_or_compiled,operational,https://www.bedrockdetroit.com/press-releases/bedrock-and-raeden-partner-to-bring-first-carrier-hotel-to-downtown-detroit/;https://raeden.com/data-centers/detroit/;https://www.peeringdb.com/api/fac?state=MI&limit=250,
us-ragsdale-solar-park,Ragsdale Solar Park,United States,32.551,-90.0097,100.0,it_load,source_reported_or_compiled,operational,https://edp.com/en/north-america/na/media/edp-renewables-north-america-launches-ragsdale-solar-park-mississippi;https://www.edp.com/sites/default/files/document/2025-06/MS%20Ragsdale%20Solar%20Park%20Fact%20Sheet.pdf;https://www.gem.wiki/Ragsdale_Solar,
us-rattlesnake-creek-wind-project,Rattlesnake Creek Wind Project,United States,42.35,-96.8,320.0,it_load,source_reported_or_compiled,operational,https://www.enelgreenpower.com/our-projects/operating/rattlesnake-creek-wind-project;https://www.renewableenergymagazine.com/wind/facebooka-s-nebraska-data-center-will-be-20171020;https://datacenters.atmeta.com/asset/sarpy-data-center-info-sheet/,
us-redfield-solar-project,Redfield Solar Project,United States,34.3100971,-92.4013484,100.0,it_load,source_reported_or_compiled,operational,https://www.treatyoakcleanenergy.com/news/treaty-oak-clean-energy-llc-announces-substantial-completion-redfield-may-28-2026;https://southernrenewable.org/news-updates/srea-member-treaty-oak-energy-breaks-ground-on-100-mw-redfield-solar-project;https://www.arkansasonline.com/news/2025/nov/12/treaty-oaks-redfield-solar-project-to-supply/;https://nominatim.openstreetmap.org/search?q=Sheridan%2C+Grant+County%2C+Arkansas&format=json&limit=2;https://cleanview.co/power-projects/operating/solar-farms/arkansas,
us-regence-bluecross-blueshield-salt-lake-city-data-center,Regence BlueCross BlueShield Salt Lake City Data Center,United States,40.633117,-111.809456,2.0,it_load,source_reported_or_compiled,operational,https://d36oiwf74r1rap.cloudfront.net/wp-content/uploads/2026/04/Data-Center-Growth-FS-Apr2026.pdf;https://geocoding.geo.census.gov/geocoder/geographies/onelineaddress?address=2890+E+Cottonwood+Pkwy%2C+UT+84121&benchmark=Public_AR_Current&vintage=Current_Current&layers=Incorporated+Places&format=json;https://www.utah.gov/pmn/files/1088841.pdf,
us-riot-platforms-calvert-city-facility,Riot Platforms Calvert City Facility,United States,37.0334,-88.35,25.0,it_load,source_reported_or_compiled,operational,https://www.sec.gov/Archives/edgar/data/1167419/000110465926022322/riot-20251231x10k.htm;https://www.datacentermap.com/usa/kentucky/paducah/riot-platforms-paducah/,
us-riot-platforms-corsicana-facility,Riot Platforms Corsicana Facility,United States,32.09,-96.47,400.0,it_load,source_reported_or_compiled,operational,https://www.riotplatforms.com/riot-platforms-launches-formal-evaluation-of-potential-ai-hpc-uses-for-remaining-600-mw-of-power-capacity-at-corsicana-facility/;https://www.datacenterdynamics.com/en/news/riot-platforms-acquires-additional-238-acres-at-corsicana-texas-campus/;https://navarro.easydocs.us/minutes/LinkedDir/2024/Links%202024-10-15-Regular/Item%2016%20Approve%20Resolution%20for%20Tax%20Abatement%20Navarro%20County%20and%20Riot%20Corsicana%20LLC.pdf;https://www.dlnews.com/articles/people-culture/bitcoin-miners-megadeal-stumbles-as-texans-sour-on-industry/;https://www.riotplatforms.com/riot-purchases-7-6-eh-s-of-next-generation-miners-from-microbt-manufactured-in-the-united-states/;https://www.sec.gov/Archives/edgar/data/1167419/000155837025001888/riot-20241231x10k.htm,
us-riot-platforms-paducah-facility,Riot Platforms Paducah Facility,United States,37.089242,-88.703071,35.0,it_load,source_reported_or_compiled,operational,"https://www.sec.gov/Archives/edgar/data/1167419/000110465926022322/riot-20251231x10k.htm;https://www.datacentermap.com/usa/kentucky/paducah/riot-platforms-paducah/;https://www.lanereport.com/176254/2024/08/paducah-bitcoin-miner-block-mining-inc-acquired-by-riot-platforms/;https://services1.arcgis.com/xkOPDyh2DVxtFEGe/arcgis/rest/services/PVAParcels/FeatureServer/1/query?where=PARCEL_ID%3D%27075-00-00-147.06%27&outFields=PARCEL_ID,NAME,LOCATION,ACRES&returnGeometry=true&outSR=4326&f=json;https://www.wkms.org/business-economy/2026-05-06/small-nuclear-reactor-could-power-mccracken-count-crypto-mining-center-under-new-partnership",
us-riot-platforms-whinstone-facility,Riot Platforms Whinstone Facility,United States,30.6549,-97.0025,450.0,it_load,source_reported_or_compiled,operational,https://www.riotplatforms.com/riot-to-acquire-whinstone-creating-a-us-based-industry-leader-in-bitcoin-mining/;https://www.sec.gov/Archives/edgar/data/1167419/000107997321000426/ex99x1.htm;https://www.greenpeace.org/usa/riot-platforms-the-company-behind-the-most-energy-intensive-bitcoin-mine-in-the-u-s/;https://www.globenewswire.com/news-release/2026/01/16/3220348/0/en/Riot-Announces-Fee-Simple-Acquisition-of-Land-and-First-Data-Center-Lease-with-AMD-at-the-Rockdale-Site.html,
us-ritter-communications-data-technology-center,Ritter Communications Data Technology Center,United States,35.81538,-90.6893576,0.75,it_load,source_reported_or_compiled,operational,https://www.rittercommunications.com/newsroom/data-technology-center-opens;https://www.rittercommunications.com/newsroom/ritter-communications-breaks-ground-on-8-million-data-technology-center-in-jonesboro;https://nominatim.openstreetmap.org/search?q=2400+Ritter+Drive%2C+Jonesboro%2C+Arkansas&format=json&limit=3,
us-route-66-solar-and-energy-storage,Route 66 Solar and Energy Storage,United States,35.15,-107.85,49.5,it_load,source_reported_or_compiled,operational,https://www.energy-storage.news/new-mexico-regulator-approves-state-utility-plan-to-add-310mw-of-battery-storage-by-summer-2026/,
us-sdc-manhattan-intergate-manhattan-375-pearl-street,"SDC Manhattan (Intergate.Manhattan), 375 Pearl Street",United States,40.7106,-74.0013,18.0,it_load,source_reported_or_compiled,operational,https://sabeydatacenters.com/locations/new-york-data-center,
us-stack-atl01-formerly-t5-atlanta,STACK ATL01 (formerly T5@Atlanta),United States,34.0757915,-84.264267,20.0,it_load,source_reported_or_compiled,operational,https://baxtel.com/data-center/t5-atlanta-i;https://www.openstreetmap.org/way/891031651;https://www.arcgis.com/home/item.html?id=597555ce8e4a4892a030784a7c657fdd;https://www.stackinfra.com/locations/americas/atlanta/atl01/;https://www.datacenterknowledge.com/colocation/ipi-combines-infomart-some-t5-assets-to-form-new-data-center-provider,
us-stack-chi01,STACK CHI01,United States,42.006856,-87.9651767,40.0,it_load,source_reported_or_compiled,operational,https://www.stackinfra.com/locations/americas/chicago/;https://www.openstreetmap.org/way/863162822;https://www.arcgis.com/home/item.html?id=597555ce8e4a4892a030784a7c657fdd;https://dceo.illinois.gov/content/dam/soi/en/web/dceo/aboutdceo/reportsrequiredbystatute/2025-data-centers-annual-report.pdf,
us-stack-dfw01-plano,STACK DFW01 (Plano),United States,33.0136764,-96.6925096,80.0,it_load,source_reported_or_compiled,operational,https://www.stackinfra.com/locations/americas/dallas-fort-worth/,
us-stack-infrastructure-nal01-new-albany,STACK Infrastructure NAL01 (New Albany),United States,40.07,-82.8,60.0,it_load,source_reported_or_compiled,operational,https://www.stackinfra.com/locations/americas/new-albany/,
us-stack-nva01a,STACK NVA01A,United States,39.0046933,-77.4417399,18.0,it_load,source_reported_or_compiled,operational,https://www.stackinfra.com/locations/americas/northern-virginia/nva01/;https://www.openstreetmap.org/way/59294476;https://www.arcgis.com/home/item.html?id=597555ce8e4a4892a030784a7c657fdd,
us-stack-por01,STACK POR01,United States,45.5493273,-122.9278183,36.0,it_load,source_reported_or_compiled,operational,https://www.stackinfra.com/locations/americas/portland/por01/;https://www.openstreetmap.org/way/471691757;https://www.arcgis.com/home/item.html?id=597555ce8e4a4892a030784a7c657fdd,
us-stack-por02,STACK POR02,United States,45.5473758,-122.8973869,24.0,it_load,source_reported_or_compiled,operational,https://www.stackinfra.com/locations/americas/portland/por02/;https://www.openstreetmap.org/way/328702378;https://www.arcgis.com/home/item.html?id=597555ce8e4a4892a030784a7c657fdd,
us-stack-por03,STACK POR03,United States,45.5541322,-122.9379069,72.0,it_load,source_reported_or_compiled,operational,https://www.stackinfra.com/locations/americas/portland/por03/;https://www.openstreetmap.org/way/899634245;https://www.arcgis.com/home/item.html?id=597555ce8e4a4892a030784a7c657fdd,
us-stack-svy02,STACK SVY02,United States,37.3619343,-121.9537306,48.0,it_load,source_reported_or_compiled,operational,https://www.stackinfra.com/locations/americas/silicon-valley/svy02/;https://www.openstreetmap.org/way/1460855151;https://www.arcgis.com/home/item.html?id=597555ce8e4a4892a030784a7c657fdd,
us-sabey-intergate-quincy-campus,Sabey Intergate.Quincy Campus,United States,47.247,-119.83,70.0,it_load,source_reported_or_compiled,operational,https://baxtel.com/data-center/sabey-intergate-quincy-building-b;https://www.cascadepbs.org/the-newsfeed-2/2026/08/washington-state-grapples-with-the-ai-data-center-boom/;https://sabeydatacenters.com/locations,
us-salcido-broadway-data-center,Salcido Broadway Data Center,United States,47.2,-119.45,2.0,it_load,source_reported_or_compiled,operational,https://www.salcidoenterprises.tech/data-centers,
us-salcido-eller-data-center,Salcido ELLER Data Center,United States,47.74,-119.69,4.0,it_load,source_reported_or_compiled,operational,https://www.salcidoenterprises.tech/data-centers,
us-salcido-entiat-data-center,Salcido Entiat Data Center,United States,47.6743,-120.2093,2.0,it_load,source_reported_or_compiled,operational,https://www.salcidoenterprises.tech/data-centers;https://www.columbiariverkeeper.org/wp-content/uploads/2026/02/2026.02.26-Data-Center-Closer-Look-Report.pdf,
us-salcido-fortress-data-center,Salcido Fortress Data Center,United States,47.234,-119.8528,4.6,it_load,source_reported_or_compiled,operational,https://baxtel.com/data-center/salcido-fortress;https://www.salcidoenterprises.tech/data-centers,
us-salcido-horizon-data-center,Salcido Horizon Data Center,United States,47.236,-119.85,4.0,it_load,source_reported_or_compiled,operational,https://baxtel.com/data-center/salcido-horizon;https://www.salcidoenterprises.tech/data-centers,
us-salcido-pangborn-data-center,Salcido Pangborn Data Center,United States,47.3985,-120.2075,10.0,it_load,source_reported_or_compiled,operational,https://www.geekwire.com/2018/power-struggle-bitcoin-mining-boom-transforming-apple-country-one-megawatt-time/;https://www.salcidoenterprises.tech/data-centers;https://baxtel.com/data-center/salcido-pangborn-data-center;https://www.wenatcheeworld.com/wvbusiness/after-15-years-in-crypto-salcido-enterprises-pivots-toward-ai-global-aid/article_931ae07f-0e2f-4a58-b2c6-a9ae8453245e.html,
us-salcido-wheeler-data-center,Salcido Wheeler Data Center,United States,47.125,-119.285,4.8,it_load,source_reported_or_compiled,operational,https://baxtel.com/data-center/salcido-wheeler;https://www.salcidoenterprises.tech/data-centers,
us-salt-branch-solar-phases-1-2,Salt Branch Solar (Phases 1 & 2),United States,36.3316,-95.2293,145.0,it_load,source_reported_or_compiled,operational,https://www.lreus.com/lre-celebrates-major-milestones-across-725-mw-oklahoma-solar-portfolio-supporting-google-operations-and-regional-power-demand/;https://www.lreus.com/over-700mwac-new-solar-projects-in-ok/;https://www.gem.wiki/Saltbranch_solar_farm,
us-san-juan-solar-and-storage-phase-one,San Juan Solar and Storage (Phase One),United States,36.7353,-108.3287,200.0,it_load,source_reported_or_compiled,operational,https://www.solarpowerworldonline.com/2023/10/new-mexico-celebrates-groundbreaking-of-solar-storage-project/;https://www.durangoherald.com/articles/through-clear-skies-four-corners-energy-transition-underway/,
us-sangha-renewables-ector-county-bitcoin-mining-facility,Sangha Renewables Ector County Bitcoin Mining Facility,United States,31.8633,-102.3656,19.9,it_load,source_reported_or_compiled,operational,https://bitcoinmagazine.com/news/sangha-energizes-20-bitcoin-mining;https://www.datacenterdynamics.com/en/news/sangha-partners-with-totalenergies-to-energize-199mw-solar-powered-bitcoin-mining-site-in-ector-county-texas/,
us-scalematrix-san-diego,ScaleMatrix San Diego,United States,32.8377287,-117.132639,5.0,it_load,source_reported_or_compiled,operational,https://www.scalematrix.com/san-diego-data-center.html;https://www.scalematrix.com/press/scalematrix-announces-gpu-service-solution-ideal-hpc-deepmachine-learning-and-artificial.html;https://www.areadevelopment.com/newsItems/11-14-2018/scalematrix-data-center-san-diego-california.shtml;https://opengovwa.com/corporation/604264407;https://www.datacenterdynamics.com/en/news/scalematrix-nearly-doubles-size-of-san-diego-data-center/,
us-scrubgrass-generating-plant,Scrubgrass Generating Plant,United States,41.2306,-79.8517,63.0,it_load,source_reported_or_compiled,operational,https://www.exploreclarion.com/local/2021/06/25/scrubgrass-generating-plant-parent-company-raises-105m-to-power-bitcoin-mining-659916/;https://www.exploreclarion.com/local/2026/06/02/scrubgrass-could-become-areas-largest-ai-data-center-campus-866965/,
us-segra-winston-salem-data-center,Segra Winston-Salem Data Center,United States,36.10278,-80.26083,8.0,it_load,source_reported_or_compiled,operational,https://baxtel.com/data-center/segra-winston-salem;https://cloudandcolocation.com/colocation-provider/northstate/,
us-sentinum-bni-montana-bitcoin-mining-facility,Sentinum BNI Montana Bitcoin Mining Facility,United States,47.716735,-104.155973,10.0,it_load,source_reported_or_compiled,operational,https://www.businesswire.com/news/home/20240508846020/en/Ault-Alliance%E2%80%99s-Subsidiary-Sentinum-Completes-Initial-Bitcoin-Mining-Installation-at-Montana-Location;https://www.datacenterdynamics.com/en/news/sentinum-breaks-ground-on-20mw-cryptomine-data-center-in-montana/;https://contracts.justia.com/companies/dpw-holdings-inc-7638/contract/1302092/;https://www.prnewswire.com/news-releases/hyperscale-data-announces-intent-to-sell-land-leases-and-power-contracts-of-its-montana-data-properties-to-focus-on-michigan-flagship-campus-302553520.html;https://www.prnewswire.com/news-releases/hyperscale-data-receives-utility-will-serve-determination-for-approximately-125-additional-megawatts-at-one-of-its-montana-sites-302809728.html,
us-serverfarm-ch1,Serverfarm CH1,United States,41.8717114,-87.6392312,21.5,it_load,source_reported_or_compiled,operational,https://www.serverfarmllc.com/chicago-data-center/;https://dceo.illinois.gov/content/dam/soi/en/web/dceo/aboutdceo/reportsrequiredbystatute/2025-data-centers-annual-report.pdf,
us-serverfarm-lax1,Serverfarm LAX1,United States,33.9217807,-118.3864589,17.3,it_load,source_reported_or_compiled,operational,https://www.serverfarmllc.com/los-angeles-data-center/;https://www.serverfarmllc.com/press-releases/serverfarm-acquires-los-angeles-data-center/;https://transwestern.com/news-detail/117-000-sf-data-center-trades-in-el-segundo-ca;https://labusinessjournal.com/real-estate/serverfarm-strikes-71m-el-segundo-hq/;https://ceqanet.lci.ca.gov/2012121003,
us-sheldon-station,Sheldon Station,United States,40.559264,-96.783911,228.0,it_load,source_reported_or_compiled,operational,https://www.gem.wiki/Sheldon_Station;https://www.powermag.com/nebraska-public-power-district-breaks-ground-on-694-mw-princeton-road-station/,
us-sholes-wind-energy-center,Sholes Wind Energy Center,United States,42.2308,-97.0178,160.0,it_load,source_reported_or_compiled,operational,https://newsroom.nexteraenergy.com/2018-07-27-NextEra-Energy-Resources-OPPD-break-ground-on-the-Sholes-Wind-Energy-Center-marking-more-than-200-million-investment-in-Nebraska?l=12,
us-simple-helix-data-center,Simple Helix Data Center,United States,34.744816340398,-86.691765682048,1.1,it_load,source_reported_or_compiled,operational,https://prnewswire.com/news-releases/simple-helix-announces-opening-of-new-tier-iii-data-center-in-huntsville-alabama-300488165.html;https://www.peeringdb.com/api/fac/5648,
us-skybox-chicago-i,Skybox Chicago I,United States,41.9936612,-87.973521,30.0,it_load,source_reported_or_compiled,operational,https://www.skyboxdatacenters.com/locations/skybox-chicago;https://www.openstreetmap.org/way/383545769;https://www.arcgis.com/home/item.html?id=597555ce8e4a4892a030784a7c657fdd,
us-skybox-houston-one,Skybox Houston One,United States,29.802893,-95.7553386,26.0,it_load,source_reported_or_compiled,operational,https://www.skyboxdatacenters.com/locations/skybox-houston;https://www.openstreetmap.org/way/714776107;https://www.grcooling.com/customer-successes/shells-skybox-houston-one-data-center/;https://baxtel.com/data-center/skybox-houston-one,
us-soluna-project-dorothy,Soluna Project Dorothy,United States,34.391589,-101.318337,98.0,it_load,source_reported_or_compiled,operational,https://www.sec.gov/Archives/edgar/data/64463/000162828026035538/slnh-20260331.htm,
us-soluna-project-sophie,Soluna Project Sophie,United States,36.61,-88.315,25.0,it_load,source_reported_or_compiled,operational,https://www.sec.gov/Archives/edgar/data/64463/000162828026035538/slnh-20260331.htm;https://www.solunacomputing.com/projects/project-sophie/,
us-spectrum-charlotte-national-data-center,Spectrum Charlotte National Data Center,United States,35.1440029,-80.918404,15.0,it_load,source_reported_or_compiled,operational,https://baxtel.com/data-center/spectrum-charlotte-national-data-center;https://baxtel.com/data-center/charlotte;https://nominatim.openstreetmap.org/search?format=jsonv2&q=7910%20Crescent%20Executive%20Drive%2C%20Charlotte%2C%20NC,
us-st-james-solar,St. James Solar,United States,29.9734,-90.7335,20.0,it_load,source_reported_or_compiled,operational,https://www.entergy.com/wp-content/uploads/15/Entergy-renewable-portfolio.pdf;https://services2.arcgis.com/FiaPA4ga0iQKduv3/arcgis/rest/services/Power_Plants_in_the_US/FeatureServer/0/query?where=State%3D%27Louisiana%27+AND+PrimSource%3D%27solar%27&outFields=*&f=json&resultRecordCount=200,
us-standard-power-coshocton,Standard Power Coshocton,United States,40.2771782,-81.8649437,50.0,it_load,source_reported_or_compiled,operational,https://www.prnewswire.com/news-releases/energy-harbor-partners-with-standard-power-to-provide-carbon-free-nuclear-power-to-new-ohio-bitcoin-blockchain-mining-center-301331473.html;https://frontier-companies.com/coshoctons-standard-power-center-powers-blockchain-mining-for-ohio/,
us-standing-bear-lake-station,Standing Bear Lake Station,United States,41.3129,-96.118,150.0,it_load,source_reported_or_compiled,operational,https://www.oppdcommunityconnect.com/standing-bear-lake-station,
us-stargate-abilene,Stargate Abilene,United States,32.4487,-99.7331,300.0,it_load,source_reported_or_compiled,operational,https://openai.com/index/announcing-the-stargate-project/;https://en.wikipedia.org/wiki/Stargate_LLC;https://epoch.ai/publications/openai-stargate-where-the-us-sites-stand;https://measuredai.substack.com/p/stargate-site-by-site-status;https://texasstandard.org/stories/stargate-data-center-abilene-texas-construction-ai-artificial-intelligence/;https://epochai.substack.com/p/openai-stargate-where-the-us-sites;https://ktxs.com/news/local/taylor-county-residents-raise-concerns-on-lancium-tax-breaks-at-commissioners-meeting;https://epoch.ai/data/ai-data-centers/directory/openai-stargate-abilene,
us-sterling-forest-business-resiliency-services-center-former-i,Sterling Forest Business Resiliency Services Center (former IBM/Kyndryl Sterling Forest data center),United States,41.19592,-74.255576,8.75,it_load,source_reported_or_compiled,operational,https://rcbizjournal.com/2026/07/06/jehovahs-witnesses-buy-data-center-in-warwick-religious-order-continues-to-expand-footprint-in-hudson-valley/;https://dec.ny.gov/news/environmental-notice-bulletin/2023-11-22/completed-application/town-of-warwick-kyndryl-inc-sterling-forest,
us-stream-chicago-i-orda,Stream Chicago I (ORDA),United States,42.0039,-87.9703,31.0,it_load,source_reported_or_compiled,operational,https://www.streamdatacenters.com/locations/chicago-data-centers/;https://dceo.illinois.gov/content/dam/soi/en/web/dceo/aboutdceo/reportsrequiredbystatute/2025-data-centers-annual-report.pdf,
us-stream-data-centers-dfwa-dfw-vii,Stream Data Centers DFWA (DFW VII),United States,32.9836243,-96.6542632,43.0,it_load,source_reported_or_compiled,operational,https://www.streamdatacenters.com/locations/dallas-data-centers/;https://www.openstreetmap.org/way/1300765126,
us-sumrall-i-solar-farm,Sumrall I Solar Farm,United States,31.403531,-89.49764,52.0,it_load,source_reported_or_compiled,operational,https://www.eia.gov/electricity/data/eia860m/xls/july_generator2026.xlsx,
us-sumrall-ii-solar-farm,Sumrall II Solar Farm,United States,31.397089,-89.48588,52.0,it_load,source_reported_or_compiled,operational,https://www.eia.gov/electricity/data/eia860m/xls/july_generator2026.xlsx,
us-sunzia-wind,SunZia Wind,United States,34.35,-105.6,3650.0,it_load,source_reported_or_compiled,operational,https://www.eia.gov/todayinenergy/detail.php?id=67766,
us-sunflower-county-solar-station,Sunflower County Solar Station,United States,33.757767,-90.53647,100.0,it_load,source_reported_or_compiled,operational,https://www.eia.gov/electricity/data/eia860m/xls/july_generator2026.xlsx,
us-sunlight-road-solar,Sunlight Road Solar,United States,30.781803,-90.217355,50.0,it_load,source_reported_or_compiled,operational,https://www.entergy.com/news/entergy-louisiana-desri-announce-start-commercial-operations-at-sunlight-road-solar;https://www.entergy.com/wp-content/uploads/15/Entergy-renewable-portfolio.pdf;https://services2.arcgis.com/FiaPA4ga0iQKduv3/arcgis/rest/services/Power_Plants_in_the_US/FeatureServer/0/query?where=State%3D%27Louisiana%27+AND+PrimSource%3D%27solar%27&outFields=*&f=json&resultRecordCount=200,
us-susquehanna-steam-electric-station,Susquehanna Steam Electric Station,United States,41.08889,-76.14889,2514.0,it_load,source_reported_or_compiled,operational,https://ir.talenenergy.com/news-releases/news-release-details/talen-energy-statement-ferc-order-rejecting-susquehanna-isa;https://ir.talenenergy.com/news-releases/news-release-details/talen-energy-statement-ferc-order-deferring-its-request;https://www.sec.gov/Archives/edgar/data/1622536/000162828024044828/a20241103pressreleaseferco.htm;https://www.nrc.gov/info-finder/reactors/susq1;https://www.nrc.gov/info-finder/reactors/susq2;https://www.world-nuclear-news.org/articles/new-supply-agreement-expands-talen-amazon-partnership;https://www.world-nuclear-news.org/Articles/Talen-sells-carbon-free-data-centre-to-Amazon-clou;https://www.utilitydive.com/news/talen-amazon-aws-susquehanna-nuclear-data-centert/750440/;https://www.utilitydive.com/news/ferc-interconnection-isa-talen-amazon-data-center-susquehanna-exelon/731841/;https://www.utilitydive.com/news/aep-exelon-pjm-interconnection-amazon-data-center-talen-ferc-isa/719869/;https://www.power-eng.com/business/policy-and-regulation/ferc-rejects-amended-interconnection-agreement-for-amazon-data-center-at-susquehanna-nuclear-plant/;https://www.power-eng.com/nuclear/aws-acquires-data-center-campus-connected-to-susquehanna-nuclear-station/;https://www.wnep.com/article/news/local/luzerne-county/amazon-spending-650-million-for-data-center-in-luzerne-county-talen-energy-susquehanna-steam-electric-station-nuclear-nuke-power-plant-acquisition-buy/523-73264033-187f-47b0-8769-d57c171c7aa6;https://en.wikipedia.org/wiki/Susquehanna_Steam_Electric_Station,
us-switch-citadel-campus,Switch CITADEL Campus,United States,39.6183,-119.3732,250.0,it_load,source_reported_or_compiled,operational,https://www.switch.com/citadel/;https://www.datacenterknowledge.com/switch/switch-unveils-650-mw-data-center-campus-in-reno-nevada;https://www.switch.com/switch-tahoe-reno-data-center-now-open/;https://thenevadaindependent.com/article/have-data-center-tax-breaks-helped-nevadas-economy-heres-what-we-found;https://www.datacenterfrontier.com/colocation/article/11427861/switch-will-support-reno-data-center-campus-with-reclaimed-water;https://www.prnewswire.com/news-releases/switch-tahoe-reno-now-open-largest-most-advanced-data-center-campus-in-the-world-300407648.html;https://ndep.nv.gov/uploads/documents/ap7375-3672-class-i-optc-1.pdf;https://www.peeringdb.com/api/fac?state=NV&limit=200,
us-switch-pyramid-campus,Switch Pyramid Campus,United States,42.823,-85.64,225.0,it_load,source_reported_or_compiled,operational,https://www.datacenterdynamics.com/en/news/switch-plans-second-expansion-of-pyramid-data-center-campus-in-grand-rapids-michigan/;https://www.switch.com/grand-rapids/;https://www.switch.com/switch-grand-rapids-now-open-largest-advanced-data-center-campus-eastern-u-s/;https://bridgemi.com/michigan-environment-watch/data-centers-create-few-jobs-michigan-wants-give-them-big-tax-breaks/;https://www.governing.com/news/headlines/Has-Switch-Broken-Its-Transformational-Promise-from-2015.html;https://baxtel.com/data-center/switch-grand-rapids-the-pyramid-campus;https://siteselection.com/pyramid-power/;https://www.switch.com/switch-leads-consumers-energys-program-bring-100-renewable-energy-michigan-businesses/;https://cloudandcolocation.com/state/michigan/,
us-switch-tahoe-reno-1-the-citadel-campus,Switch Tahoe Reno 1 (The Citadel Campus),United States,39.5140681,-119.4755145,130.0,it_load,source_reported_or_compiled,operational,https://www.datacentermap.com/usa/nevada/reno/switch-tahoe-reno/;https://www.openstreetmap.org/way/1116775094;https://www.arcgis.com/home/item.html?id=597555ce8e4a4892a030784a7c657fdd;https://www.switch.com/switch-tahoe-reno-data-center-now-open/;https://www.switch.com/switch-and-capital-dynamics-break-ground-on-massive-solar-and-battery-storage-developments-advancing-rob-roys-gigawatt-nevada/,
us-t5-minneapolis-1001-third-avenue-south,T5@Minneapolis (1001 Third Avenue South),United States,44.9714683,-93.2702827,21.0,it_load,source_reported_or_compiled,operational,https://www.peeringdb.com/api/fac?state=MN&country=US;https://cloudcapital.com/cloud-capital-and-arcapita-acquire-a-21-megawatt-data-center-in-the-us-with-planned-expansion/;https://www.arcapita.com/insights/arcapita-announces-a-partnership-with-cloud-capital-to-acquire-a-21-megawatt-data-center-in-the-us/;https://www.fox9.com/news/data-center-poised-replace-star-tribune-printing-facility-north-loop;https://nominatim.openstreetmap.org/search?q=1001+3rd+Avenue+South%2C+Minneapolis%2C+MN&format=json&limit=2&addressdetails=1,
us-t5-silicon-valley,T5@Silicon Valley,United States,37.5461,-122.0312,17.0,it_load,source_reported_or_compiled,operational,https://t5datacenters.com/resources/t5-data-centers-announces-new-enterprise-data-center-in-silicon-valley-ca/;https://www.prnewswire.com/news-releases/t5-data-centers-announces-new-enterprise-data-center-in-silicon-valley-ca-301146933.html;https://www.propertyshark.com/mason/Property/38901571/39800-Eureka-Dr-Newark-CA-94560/;https://www.loopnet.com/property/39800-eureka-dr-newark-ca-94560/06001-901%20018503300/;https://baxtel.com/data-center/t5-silicon-valley-newark;https://ocmcdonald.com/apple-newark-data-facility/;https://www.serverfarmllc.com/data-centers/,
us-tecfusions-keystone-connect,TECfusions Keystone Connect,United States,40.5817,-79.705,12.0,it_load,source_reported_or_compiled,operational,https://www.prnewswire.com/news-releases/tecfusions-unveils-massive-1400-acre-data-center-project-in-pennsylvania-revitalizing-former-industrial-plant-302350041.html;https://www.cleanview.co/data-centers/pennsylvania;https://www.publicsource.org/upper-burrell-data-center-transparency-backlash/,
us-terawulf-lake-mariner,TeraWulf Lake Mariner,United States,43.35055916999524,-78.61459634619537,205.0,it_load,source_reported_or_compiled,operational,https://investors.terawulf.com/sec-filings/all-sec-filings/content/0001083301-26-000092/wulf-20260331.htm;https://investors.terawulf.com/news-events/press-releases/detail/140/terawulf-reports-first-quarter-2026-results;https://investors.terawulf.com/news-events/press-releases/detail/114/terawulf-announces-fluidstack-expansion-with-160-mw-cb-5;https://www.nysenate.gov/legislation/bills/2025/S10642;https://gis.niagaracounty.com/arcgis/rest/services/NC_GIS/NC_GIS/FeatureServer/4/query?where=SBL%3D%270070000003028000%27&outFields=*&outSR=4326&f=json;https://www.yahoo.com/news/politics/articles/county-investigating-whether-lake-mariner-111600819.html;https://www.buildwcg.com/blog-posts/terawulf-lake-mariner-data-center-expansion;https://investigativepost.org/2026/07/21/hochul-wants-ban-on-tax-breaks-for-data-centers/;https://nystateofpolitics.com/state-of-politics/new-york/environment/2026/07/07/proposed-data-centers-divide-new-yorkers,
us-terry-bundy-generating-station,Terry Bundy Generating Station,United States,40.909653,-96.61309,216.3,it_load,source_reported_or_compiled,operational,https://www.publicpower.org/periodical/article/lincoln-electric-system-expands-terry-bundy-plant-with-ge-vernova-gas-turbines;https://www.eia.gov/electricity/data/eia860m/xls/july_generator2026.xlsx,
us-thunderhead-wind-energy-center,Thunderhead Wind Energy Center,United States,42.1289,-98.0298,300.0,it_load,source_reported_or_compiled,operational,https://www.prnewswire.com/news-releases/wec-energy-group-to-acquire-80-ownership-in-thunderhead-wind-energy-center-300909971.html,
us-titan-serverfarm-moses-lake,TiTAN (Serverfarm Moses Lake),United States,47.1554,-119.25,22.0,it_load,source_reported_or_compiled,operational,https://www.serverfarmllc.com/moses-lake-data-center/,
us-tierpoint-omaha-bellevue-data-center,TierPoint Omaha - Bellevue Data Center,United States,41.153,-95.925,5.5,it_load,source_reported_or_compiled,operational,https://www.tierpoint.com/data-centers/nebraska/omaha-bellevue/,
us-tierpoint-sioux-falls-west,TierPoint Sioux Falls - West,United States,43.6069708,-96.8091949,1.0,it_load,source_reported_or_compiled,operational,https://www.tierpoint.com/data-centers/south-dakota/sioux-falls-west/;https://www.openstreetmap.org/way/239032142,
us-toyota-alabama-solar-array,Toyota Alabama Solar Array,United States,34.8299507,-86.638795,30.0,it_load,source_reported_or_compiled,operational,https://pressroom.toyota.com/renewable-energy-shines-at-toyota-alabama/;https://www.hsvutil.org/news_detail_T15_R150.php,
us-turtle-creek-station,Turtle Creek Station,United States,41.056,-96.191,450.0,it_load,source_reported_or_compiled,operational,https://www.oppdcommunityconnect.com/turtle-creek-station;https://www.publicpower.org/periodical/article/oppd-continues-efforts-generation-expansion;https://www.oppdcommunityconnect.com/generation,
us-twelvemile-solar-1-2,Twelvemile Solar 1 & 2,United States,33.9919761,-96.3776762,152.5,it_load,source_reported_or_compiled,operational,https://www.lreus.com/lre-celebrates-major-milestones-across-725-mw-oklahoma-solar-portfolio-supporting-google-operations-and-regional-power-demand/;https://www.lreus.com/over-700mwac-new-solar-projects-in-ok/;https://www.lreus.com/projects/twelvemile-solar/;https://nominatim.openstreetmap.org/search?q=Durant%2C+Bryan+County%2C+Oklahoma&format=json&limit=2,
us-us-signal-mi01-grand-rapids-data-center,US Signal MI01 Grand Rapids Data Center,United States,42.87690347654,-85.563698606365,3.0,it_load,source_reported_or_compiled,operational,https://ussignal.com/data-centers/mi01-grand-rapids/;https://ussignal.com/data-centers,
us-us-signal-mi02-grand-rapids-data-center,US Signal MI02 Grand Rapids Data Center,United States,42.826202163837,-85.67268596115,0.45,it_load,source_reported_or_compiled,operational,https://ussignal.com/data-centers/mi02-grand-rapids/,
us-us-signal-mi03-detroit-data-center,US Signal MI03 Detroit Data Center,United States,42.2356076,-83.4450278,2.0,it_load,source_reported_or_compiled,operational,https://ussignal.com/data-centers/mi03-detroit/,
us-us-signal-mi04-detroit-data-center,US Signal MI04 Detroit Data Center,United States,42.4477475,-83.2562243,0.8,it_load,source_reported_or_compiled,operational,https://ussignal.com/data-centers/mi04-detroit/,
us-us-signal-mn01-minneapolis-eden-prairie,US Signal MN01 Minneapolis (Eden Prairie),United States,44.877094,-93.407686,8.25,it_load,source_reported_or_compiled,operational,https://ussignal.com/data-centers/mn01-minneapolis/;https://ussignal.com/data-centers;https://www.peeringdb.com/api/fac?state=MN&country=US;https://nominatim.openstreetmap.org/search?street=10290+West+70th+Street&city=Eden+Prairie&state=MN&country=US&format=json&limit=2,
us-us-signal-or01-bend,US Signal OR01 Bend,United States,44.086105,-121.2830411,2.0,it_load,source_reported_or_compiled,operational,https://ussignal.com/data-centers/or01-bend/,
us-us-signal-wi01-madison,US Signal WI01 Madison,United States,43.0732716,-89.3870807,0.15,it_load,source_reported_or_compiled,operational,https://ussignal.com/data-centers/wi01-madison/,
us-us-signal-wi02-madison-fitchburg,US Signal WI02 Madison (Fitchburg),United States,42.9947535,-89.42339,6.0,it_load,source_reported_or_compiled,operational,https://ussignal.com/data-centers/wi02-madison/;https://ussignal.com/data-centers,
us-unisys-salt-lake-city,Unisys Salt Lake City,United States,40.75962,-111.8868,1.0,it_load,source_reported_or_compiled,operational,https://d36oiwf74r1rap.cloudfront.net/wp-content/uploads/2026/04/Data-Center-Growth-FS-Apr2026.pdf;https://cra.slc.gov/project-areas/,
us-upstream-wind-energy-center,Upstream Wind Energy Center,United States,42.1395,-97.9495,202.5,it_load,source_reported_or_compiled,operational,https://www.gem.wiki/Upstream_Wind_Energy;https://dwee.nebraska.gov/state-energy-information/energy-statistics/fuels/wind/wind-energy-generation-nebraska,
us-valorc3-oklahoma-city-data-center,ValorC3 Oklahoma City Data Center,United States,35.4676,-97.5164,1.25,it_load,source_reported_or_compiled,operational,https://www.news9.com/oklahoma-city-news/where-are-data-centers-are-being-built-oklahoma-list;https://dcmap.us/states/oklahoma/,
us-valorc3-saint-george-data-center,ValorC3 Saint George Data Center,United States,37.10988,-113.58321,4.0,it_load,source_reported_or_compiled,operational,https://d36oiwf74r1rap.cloudfront.net/wp-content/uploads/2026/04/Data-Center-Growth-FS-Apr2026.pdf;https://www.utah.gov/pmn/files/1286199.pdf;https://www.datacenterknowledge.com/business/new-data-center-project-in-utah,
us-vantage-quincy-wa11,Vantage Quincy WA11,United States,47.2501646,-119.8144903,89.0,it_load,source_reported_or_compiled,operational,https://vantage-dc.com/data-center-locations/north-america/quincy-washington/;https://www.openstreetmap.org/way/337127817;https://www.arcgis.com/home/item.html?id=597555ce8e4a4892a030784a7c657fdd;https://vantage-dc.com/news/vantage-data-centers-completes-development-of-89mw-1billion-quincy-washington-campus/,
us-vantage-santa-clara-i-ca1,Vantage Santa Clara I (CA1),United States,37.3725693,-121.9736589,77.0,it_load,source_reported_or_compiled,operational,https://vantage-dc.com/data-center-locations/north-america/santa-clara-i-california/,
us-vantage-santa-clara-ii-ca2,Vantage Santa Clara II (CA2),United States,37.3640012,-121.94689,75.0,it_load,source_reported_or_compiled,operational,https://vantage-dc.com/data-center-locations/north-america/santa-clara-ii-california/;https://www.openstreetmap.org/way/1314010354;https://www.arcgis.com/home/item.html?id=597555ce8e4a4892a030784a7c657fdd,
us-vantage-santa-clara-iii-ca3,Vantage Santa Clara III (CA3),United States,37.3712362,-121.9740103,64.0,it_load,source_reported_or_compiled,operational,https://vantage-dc.com/data-center/santa-clara-iii-california/;https://datacenterhawk.com/marketplace/providers/vantage-data-centers/2590-walsh-avenue/ca3;https://www.energy.ca.gov/powerplant/backup-generating-system/ca3-backup-generating-facility;https://nominatim.openstreetmap.org/search?format=jsonv2&q=2590%20Walsh%20Avenue%2C%20Santa%20Clara%2C%20CA,
us-vantage-wa13,Vantage WA13,United States,47.247,-119.83,64.0,it_load,source_reported_or_compiled,operational,https://vantage-dc.com/news/vantage-data-centers-completes-development-of-89mw-1billion-quincy-washington-campus/;https://vantage-dc.com/data-center-locations/north-america/quincy-washington/;https://baxtel.com/data-center/quincy,
us-volo-data-center,Volo Data Center,United States,42.3486,-88.1382,14.0,it_load,source_reported_or_compiled,operational,https://www.datacenterfrontier.com/energy/article/55127752/coreweave-chirisa-illinois-data-center-project-taps-bloom-energy-for-fuel-cell-power-leans-into-microgrids;https://www.microgridknowledge.com/data-center-microgrids/article/55126611/bloom-energy-bringing-fuel-cell-power-to-coreweave-data-center-project-in-illinois;https://chirisatechnologyparks.com/bloom-energy-and-coreweave-partner-to-revolutionize-ai-data-center-power-solutions/;https://dceo.illinois.gov/content/dam/soi/en/web/dceo/aboutdceo/reportsrequiredbystatute/2025-data-centers-annual-report.pdf,
us-voonami-orem-data-center,Voonami Orem Data Center,United States,40.29816,-111.69443,2.0,it_load,source_reported_or_compiled,operational,https://d36oiwf74r1rap.cloudfront.net/wp-content/uploads/2026/04/Data-Center-Growth-FS-Apr2026.pdf;https://www.utah.gov/pmn/files/498543.pdf,
us-walker-springs-i-solar,Walker Springs I Solar,United States,31.540717,-87.791108,80.0,it_load,source_reported_or_compiled,operational,https://origisenergy.com/project/walker-springs-i-solar/,
us-walker-springs-ii-solar,Walker Springs II Solar,United States,31.540717,-87.791108,80.0,it_load,source_reported_or_compiled,operational,https://origisenergy.com/project/walker-springs-ii-solar/,
us-walmart-bentonville-data-center,Walmart Bentonville Data Center,United States,36.364241,-94.182712,12.884,it_load,source_reported_or_compiled,operational,https://adeq.state.ar.us/home/pdssql/p_facil_details.aspx?AFINDash=04-01474&AFIN=0401474;https://www.datacenter.fyi/facility/walmart-ar-ae65a04c,
us-walnut-bend-solar-energy-center,Walnut Bend Solar Energy Center,United States,34.514,-91.4536,100.0,it_load,source_reported_or_compiled,operational,https://www.entergy.com/wp-content/uploads/15/Entergy-renewable-portfolio.pdf;https://www.gem.wiki/Walnut_Bend_Solar,
us-wapello-solar,Wapello Solar,United States,41.1530814,-91.175855,100.0,it_load,source_reported_or_compiled,operational,https://www.prweb.com/releases/clenera-s-wapello-solar-project-reaches-commercial-operation-861926437.html;https://api.openstreetmap.org/api/0.6/relation/13705201.json,
us-west-memphis-solar,West Memphis Solar,United States,35.1569,-90.3105,180.0,it_load,source_reported_or_compiled,operational,https://www.entergy.com/wp-content/uploads/15/Entergy-renewable-portfolio.pdf;https://www.gem.wiki/West_Memphis_Solar;https://cleanview.co/power-projects/operating/solar-farms/arkansas,
us-west-riverside-energy-center,West Riverside Energy Center,United States,42.5800725,-89.0393972,730.0,it_load,source_reported_or_compiled,operational,https://www.alliantenergy.com/our-energy/natural-gas/west-riverside;https://nominatim.openstreetmap.org/search?q=West+Riverside+Energy+Center%2C+Wisconsin&format=json&limit=2,
us-westblock-capital-bitcoin-mine-shiprock,WestBlock Capital Bitcoin Mine (Shiprock),United States,36.7867,-108.6866,7.0,it_load,source_reported_or_compiled,operational,https://futurism.com/navajo-bitcoin-mine-startup;https://www.vice.com/en/article/financial-colonialism-a-bitcoin-mine-in-navajo-nation-flares-tensions/;https://www.coindesk.com/policy/2021/11/10/why-shouldnt-the-navajo-mine-bitcoin,
us-wever-battery-energy-storage-system,Wever Battery Energy Storage System,United States,40.7114884,-91.2304308,99.0,it_load,source_reported_or_compiled,operational,https://www.alliantenergy.com/news/news-center/2026/02/020526-wood_wever_bess;https://www.alliantenergy.com/our-energy/energy-storage/wever,
us-wever-solar-project,Wever Solar Project,United States,40.7191277,-91.2530154,150.0,it_load,source_reported_or_compiled,operational,https://api.openstreetmap.org/api/0.6/relation/20083513.json;https://www.alliantenergy.com/our-energy/energy-storage/wever,
us-whitefiber-nc-1-ai-data-center-campus,WhiteFiber NC-1 AI Data Center Campus,United States,36.3801,-79.9692,24.0,it_load,source_reported_or_compiled,operational,https://www.datacenterdynamics.com/en/news/nscale-agrees-865m-deal-for-40mw-of-space-at-whitefiber-data-center-in-north-carolina/;https://www.whitefiber.com/blog/nc-1-data-center;https://bit-digital.com/press-releases/whitefiber-inc-bit-digitals-ai-unit-acquires-1000000-square-foot-north-carolina-industrial-property-to-support-up-to-200-mw-hpc-data-center-campus/;https://www.wfdd.org/2025-06-03/rockingham-county-set-to-welcome-a-1-billion-ai-data-center;https://www.prnewswire.com/news-releases/whitefiber-inc-reports-second-quarter-2026-results-302848971.html,
us-wildflower-solar,Wildflower Solar,United States,34.962,-90.184,100.0,it_load,source_reported_or_compiled,operational,https://www.eia.gov/electricity/data/eia860m/xls/july_generator2026.xlsx,
us-wildwood-solar,Wildwood Solar,United States,33.9348,-90.3386,100.0,it_load,source_reported_or_compiled,operational,https://www.tallahatchienews.ms/solar-electric-generating-facility-site-prep-ongoing;https://www.entergy.com/wp-content/uploads/15/Entergy-renewable-portfolio.pdf;https://www.constructionowners.com/news/construction-kicks-off-for-new-solar-farm;https://www.gem.wiki/Wildwood_(MS)_Solar_Plant,
us-woodruff-county-solar-bailey-solar,Woodruff County Solar (Bailey Solar),United States,35.2563,-91.3402,122.0,it_load,source_reported_or_compiled,operational,https://www.aecc.com/faqs_category/new-generation-projects/;https://www.gem.wiki/Bailey_solar_farm,
us-zafra-plattsburgh-crypto-mining-hosting-facility,Zafra Plattsburgh crypto-mining hosting facility,United States,44.658589,-73.4540824,8.0,it_load,source_reported_or_compiled,operational,https://www.zafrahosting.com/;https://www.northcountrypublicradio.org/news/story/40483/20200130/plattsburgh-company-tries-to-keep-cryptocurrency-industry-alive-in-the-city,
us-ebay-topaz-data-center,eBay Topaz Data Center,United States,40.55849,-111.93671,7.2,it_load,source_reported_or_compiled,operational,https://www.datacenterknowledge.com/hyperscalers/ebay-utah-data-center-earns-leed-gold;https://grist.org/business/ai-utah-data-center-boom-fossil-fuels-gas/;https://d36oiwf74r1rap.cloudfront.net/wp-content/uploads/2026/04/Data-Center-Growth-FS-Apr2026.pdf;https://mccmeetingspublic.blob.core.usgovcloudapi.net/sojordanut-meet-5c77a92d3b554728bf67b91e7e009dac/ITEM-Attachment-001-f0e4eafd922043329648698ba0077660.pdf;https://mccmeetingspublic.blob.core.usgovcloudapi.net/sojordanut-meet-974b3762cc76457ba50aa12674d4a602/ITEM-Attachment-001-e60a92d2ce134faabd49b6a5ff53e5cd.pdf,
